Education,JoiningYear,City,PaymentTier,Age,Gender,EverBenched,ExperienceInCurrentDomain,LeaveOrNot,WorkHoursPerWeek,AnnualBonus
Bachelors,2017,Bangalore,3,34.0,Male,No,0,0,41.23620356542087,17736.47029938014
Bachelors,2013,Pune,1,28.0,Female,No,3,1,58.52142919229749,10750.957115873884
Bachelors,2014,New Delhi,3,38.0,Female,No,2,0,51.95981825434215,7524.178827615692
Masters,2016,Bangalore,3,27.0,Male,No,5,1,47.959754525911094,17546.632887048047
Masters,2017,Pune,3,24.0,Male,Yes,2,1,34.6805592132731,13233.644474601075
Bachelors,2016,Bangalore,3,22.0,Male,No,0,0,34.67983561008608,7837.936885855323
Bachelors,2015,New Delhi,3,38.0,Male,No,0,0,31.742508365045985,15805.759978796686
Bachelors,2016,Bangalore,3,34.0,Female,No,2,1,55.98528437324806,12666.704577342509
Bachelors,2016,Pune,3,,Male,No,1,0,48.03345035229626,14064.694733604798
Masters,2017,New Delhi,2,37.0,Male,No,2,0,51.242177333881365,11913.475073098729
Masters,2012,Bangalore,3,27.0,Male,No,5,1,30.617534828874074,17430.634757270098
Bachelors,2016,Pune,3,34.0,Male,No,3,0,59.097295564859834,17443.44073524575
Bachelors,2018,Pune,3,,Male,Yes,5,1,54.97327922401266,15640.832327365793
Bachelors,2016,Bangalore,3,39.0,Male,No,2,0,36.370173320348286,6581.020660946934
Bachelors,2012,Bangalore,3,37.0,Male,No,4,0,35.454749016213015,17582.807928561033
Bachelors,2017,Bangalore,1,29.0,Male,No,3,0,35.50213529560301,15065.194707993647
Bachelors,2014,Bangalore,3,34.0,Female,No,2,0,39.12726728878613,15455.362490064492
Bachelors,2014,Pune,3,34.0,Male,No,4,0,45.74269294896713,10444.742606058075
Bachelors,2015,Pune,2,30.0,Female,No,0,1,42.95835055926347,18189.1933423551
Bachelors,2016,New Delhi,2,22.0,Female,No,0,1,38.736874205941255,15880.574003522863
Bachelors,2012,Bangalore,3,37.0,Male,No,0,0,48.35558684167138,6688.856997937917
Masters,2017,New Delhi,2,28.0,Male,No,4,0,34.18481581956125,11116.67051609244
Bachelors,2017,New Delhi,2,36.0,Male,No,3,0,38.76433945605655,18295.705429402125
Bachelors,2015,Bangalore,3,,Male,Yes,5,0,40.99085529881075,5707.950525460685
Bachelors,2017,Bangalore,3,29.0,Male,No,4,0,43.68209952651108,19421.249294630743
Bachelors,2013,Bangalore,3,22.0,Female,Yes,0,0,53.55527884179041,15187.438524793442
Bachelors,2016,Bangalore,3,,Male,No,2,0,35.990213464750795,14470.63966465065
Bachelors,2015,Bangalore,3,23.0,Male,No,1,0,45.42703315240835,9058.388847319871
Bachelors,2013,Pune,2,31.0,Female,No,2,1,47.772437065861276,8731.876831087655
Masters,2017,New Delhi,2,,Female,No,2,0,31.393512381599933,19130.87329232893
PHD,2013,New Delhi,3,25.0,Male,No,3,0,48.226345557043146,9474.08681351184
Bachelors,2014,Bangalore,3,23.0,Male,No,1,0,35.115723710618745,16632.579450784993
Bachelors,2018,Bangalore,3,26.0,Male,No,4,1,31.951547789558386,10896.826973106188
Bachelors,2016,Bangalore,3,,Male,No,5,0,58.466566117599996,7088.81106177056
Bachelors,2017,Pune,2,37.0,Female,No,0,1,58.96896099223678,5160.729465430384
Bachelors,2014,Bangalore,1,30.0,Female,No,3,0,54.25192044349383,13163.860055228763
Bachelors,2012,New Delhi,3,29.0,Male,No,3,0,39.13841307520112,19636.682278233988
Bachelors,2018,New Delhi,2,34.0,Female,No,0,1,32.93016342019152,10537.042907138068
Bachelors,2017,Pune,2,29.0,Female,No,2,1,50.52699079536471,10357.885009895672
Bachelors,2014,Pune,3,30.0,Male,Yes,4,0,43.20457481218804,10161.37426774163
Bachelors,2015,Bangalore,3,36.0,Male,No,1,0,33.66114704534336,12808.157559572875
Masters,2017,New Delhi,2,23.0,Male,No,1,0,44.85530730333811,11609.973251364403
Bachelors,2013,Bangalore,3,30.0,Male,No,3,1,31.031655633456552,18198.71940090522
Bachelors,2014,Bangalore,3,36.0,Male,No,0,0,57.27961206236346,12582.811875852354
Bachelors,2015,Pune,3,39.0,Male,No,4,0,37.763399448000506,12616.36757282853
Bachelors,2014,Bangalore,3,23.0,Female,No,1,0,49.875668530619464,7075.573920808349
PHD,2012,New Delhi,3,27.0,Male,No,5,0,39.35133228268233,19741.093113655792
Masters,2013,New Delhi,3,35.0,Male,No,2,0,45.602040635334326,8749.593363032445
Masters,2017,New Delhi,2,34.0,Male,No,0,0,46.40130838029839,6100.46101189404
Bachelors,2013,Bangalore,3,30.0,Female,No,1,0,35.54563366576581,14947.193734628132
PHD,2017,New Delhi,3,34.0,Male,No,2,0,59.08753883293676,13930.49555235309
Bachelors,2015,Pune,2,26.0,Female,No,4,1,53.253984700833435,11227.184809891187
Bachelors,2016,Bangalore,3,34.0,Female,No,0,0,58.18496824692568,11332.88350821017
Bachelors,2014,Bangalore,3,31.0,Female,Yes,5,0,56.844820512829465,16775.958815696467
Bachelors,2017,New Delhi,3,31.0,Female,Yes,5,0,47.93699936433255,7935.689601494736
PHD,2013,New Delhi,3,28.0,Male,No,2,0,57.6562270506935,17303.799784173345
Bachelors,2016,Bangalore,3,38.0,Male,No,2,0,32.65477506155759,14731.206708425272
Masters,2014,Pune,3,39.0,Female,No,2,0,35.87948587257436,11284.546606692866
Bachelors,2013,Pune,3,32.0,Male,No,4,0,31.35681866731614,11870.42924875803
Masters,2017,Pune,2,36.0,Male,No,2,1,39.75990992289793,8849.708107791437
Masters,2013,New Delhi,3,29.0,Male,No,3,0,41.66031869068446,16281.714990454622
Bachelors,2015,Bangalore,3,,Male,No,5,0,38.14047095321688,12693.121134579016
PHD,2013,Bangalore,2,25.0,Male,No,3,1,54.86212527455788,9812.818141247655
Bachelors,2014,Pune,1,22.0,Female,No,0,1,40.702599800807675,13940.751736414253
Bachelors,2016,Bangalore,3,34.0,Male,No,4,0,38.42803529062142,19936.016780769845
Bachelors,2018,Bangalore,3,40.0,Male,No,1,1,46.28088249474746,11528.934194848309
PHD,2013,Bangalore,3,26.0,Male,No,4,0,34.227726749242876,18810.371011679294
Bachelors,2014,New Delhi,3,28.0,Male,No,0,0,54.06590942262119,10175.252598868492
Bachelors,2015,Bangalore,3,24.0,Female,No,2,0,32.23651931039313,5820.990603874789
Masters,2017,Bangalore,3,,Female,No,2,1,59.60660809801552,8063.631595526433
Bachelors,2018,Bangalore,3,,Female,No,1,1,53.16734307889972,11280.427149915264
Masters,2017,Bangalore,3,31.0,Male,No,4,0,35.961470446025174,8294.523928918536
Bachelors,2014,Pune,3,25.0,Female,No,3,0,30.165663513708072,5003.405573273833
Bachelors,2014,Bangalore,1,27.0,Male,No,5,0,54.463842853645026,18725.02306621291
Masters,2017,New Delhi,2,25.0,Female,No,3,1,51.205720315428515,17658.191168463934
Bachelors,2015,Bangalore,3,40.0,Male,No,0,1,51.87021504122962,16134.383472304207
Bachelors,2014,Bangalore,1,23.0,Female,No,1,0,53.13811040057837,7517.218934690429
Bachelors,2017,Bangalore,3,23.0,Female,No,1,0,32.22133955202271,6805.453643149791
Bachelors,2012,Bangalore,3,39.0,Male,No,1,0,40.75397185632818,6014.071242085747
PHD,2015,New Delhi,1,,Male,No,1,0,33.47607178575389,15860.437831593817
Bachelors,2017,Pune,3,38.0,Male,No,2,0,55.89310277626781,18932.11941031828
Bachelors,2013,Bangalore,3,31.0,Female,No,0,1,48.69894380482674,11458.037313695555
Bachelors,2016,Bangalore,3,38.0,Male,No,5,0,39.92694074557947,6787.110079940722
Bachelors,2017,Bangalore,3,25.0,Female,No,3,0,31.90675050858071,12685.892310981599
Bachelors,2015,Bangalore,3,27.0,Female,Yes,5,1,39.329469651469864,10232.47861187945
Bachelors,2016,Pune,2,36.0,Male,No,0,1,39.755499660802414,10622.373865249965
Bachelors,2017,Pune,2,27.0,Female,No,5,1,51.888185350141924,14319.959362335609
Masters,2015,Pune,2,32.0,Female,No,4,0,49.12672414065639,15780.771698933035
Bachelors,2014,Bangalore,3,28.0,Male,No,4,0,56.616382277289794,6659.053983097413
Masters,2012,New Delhi,3,32.0,Male,No,2,0,44.16644775485848,5533.853462097146
Bachelors,2018,Bangalore,3,30.0,Male,No,0,1,33.58782737814905,19914.954540285726
Bachelors,2015,New Delhi,3,22.0,Male,No,0,0,51.39734361668985,8490.925233733276
Bachelors,2017,New Delhi,2,34.0,Female,No,5,0,52.82355145850693,5807.457873626886
Masters,2013,New Delhi,3,36.0,Male,No,2,0,46.83831592708489,7848.1299364388
Bachelors,2014,Bangalore,3,39.0,Male,No,3,1,53.12901539863683,5584.367695226963
PHD,2018,Bangalore,3,26.0,Male,No,4,1,44.81386789093172,10877.163419257575
Bachelors,2016,Bangalore,3,31.0,Female,No,0,0,45.681984881459826,17036.026766769864
Bachelors,2014,Bangalore,3,27.0,Male,,5,1,42.82623055075649,10118.666746365809
Bachelors,2014,Bangalore,3,29.0,Female,No,0,0,30.762573802322855,11662.751103175498
Bachelors,2015,Bangalore,3,24.0,Female,No,2,1,33.23674280979913,15133.801603511582
Masters,2012,Pune,3,,Male,No,3,1,30.942875570602027,12633.411051048202
Bachelors,2013,Pune,3,25.0,Male,No,3,0,49.09231233791341,17921.685290319863
Masters,2017,New Delhi,3,26.0,Female,No,4,1,39.4306794322898,17990.535125686347
Bachelors,2015,Pune,2,28.0,Female,Yes,1,1,45.25712073494108,5148.660432367305
Bachelors,2017,New Delhi,3,28.0,Male,No,2,0,57.22699421778279,16670.694597247988
Masters,2015,Pune,1,28.0,Female,No,3,1,37.478766874466245,11911.004003625108
Masters,2015,New Delhi,3,25.0,Male,No,3,0,42.31148769106889,19832.608119554945
Bachelors,2017,Bangalore,3,28.0,Male,No,1,0,52.66653415629146,12248.481138131527
Masters,2013,Pune,3,25.0,Male,No,3,0,36.863944964748676,19803.43918082446
Bachelors,2015,Bangalore,2,25.0,Female,No,3,1,32.30939729486379,16318.54041808605
Bachelors,2015,Bangalore,3,27.0,Female,No,5,0,38.69254358741304,8729.073269199595
Bachelors,2017,Pune,2,27.0,Female,No,5,1,34.83663861762013,13075.924689304366
Bachelors,2013,Bangalore,3,27.0,Male,No,5,1,57.890929570277194,19882.03459217874
Bachelors,2012,Bangalore,3,25.0,Male,No,3,0,54.24361138693251,17862.959116278857
Masters,2017,New Delhi,2,28.0,Male,No,2,0,49.002112695312704,6460.503406868316
Bachelors,2014,Pune,1,26.0,Female,No,4,1,56.143817705631534,15595.579952149941
Bachelors,2015,Bangalore,3,28.0,Male,No,2,0,54.110162306973436,10183.693788062195
Masters,2013,New Delhi,3,26.0,Male,No,4,0,35.597101766581076,5104.733928205222
Bachelors,2017,Bangalore,3,26.0,Female,No,4,0,56.77676995469933,11052.214535404994
Bachelors,2017,New Delhi,2,25.0,Male,No,3,0,46.180267257469524,8521.31632587457
Bachelors,2012,Bangalore,1,28.0,Female,No,3,0,54.22320465492187,17283.039057807073
PHD,2015,New Delhi,3,26.0,Male,No,4,0,56.8827389977048,10059.959132686483
Bachelors,2015,New Delhi,3,25.0,Female,No,3,0,39.54010424915592,17412.855409307256
Bachelors,2012,Bangalore,3,26.0,Male,No,4,1,33.3015577358303,5008.9690825219295
Bachelors,2014,Bangalore,3,28.0,Female,No,3,0,36.83805487625825,9617.287250391786
Masters,2014,Pune,3,24.0,Male,No,2,0,42.81323365878769,8617.478214616429
Bachelors,2013,Bangalore,3,28.0,Male,No,1,0,54.54044297767479,8503.510416029165
Bachelors,2015,Pune,3,27.0,Male,No,5,0,55.82191749769031,6022.7992964819405
Bachelors,2018,Bangalore,3,25.0,Male,No,3,1,30.20856391593572,7806.864056157526
Masters,2013,Pune,1,24.0,Male,No,2,1,45.32241907732697,13333.243548284298
Bachelors,2017,Bangalore,3,26.0,Female,No,4,0,42.52233009446337,9370.416092566167
Bachelors,2013,Bangalore,3,28.0,Male,,1,1,36.66323431412191,11260.92173493722
Masters,2016,New Delhi,3,27.0,Male,No,5,0,33.595961020010485,10653.003205207828
Masters,2017,Bangalore,3,26.0,Male,No,4,0,40.12845514210884,18138.57387499842
Masters,2017,New Delhi,2,24.0,Male,No,2,0,58.287291117375574,18579.48498515773
Masters,2018,New Delhi,3,,Male,No,4,1,39.696087960622656,12394.3545748379
Masters,2017,New Delhi,1,25.0,Female,No,3,1,45.563718652300985,9952.339254734066
Bachelors,2012,Pune,3,28.0,Male,No,2,0,51.090568766855334,6602.010560035455
Bachelors,2017,New Delhi,3,28.0,Male,No,2,0,40.90888807137882,19301.043190731427
Bachelors,2013,Bangalore,3,26.0,Male,No,4,0,59.15346248162882,5903.404173504462
Masters,2013,New Delhi,3,27.0,Male,No,5,1,58.87341884826334,9464.754163524207
Bachelors,2017,Pune,2,24.0,Female,No,2,1,37.553468874760924,9470.993017550063
Bachelors,2017,New Delhi,3,28.0,Female,No,2,0,44.91745517677156,9806.019292103225
Bachelors,2016,Bangalore,3,26.0,Male,No,4,0,39.02634929450309,7464.302649086139
Bachelors,2013,Bangalore,3,27.0,Female,No,5,0,38.54521483132403,16747.421463855455
Masters,2015,Pune,2,28.0,Female,No,3,0,31.106608420635983,6837.467929489838
Bachelors,2014,Bangalore,3,25.0,Male,No,3,0,48.286930019396905,14523.599887297441
Bachelors,2016,Pune,3,28.0,Male,No,1,0,45.08037069686584,6857.690400587262
Masters,2013,Bangalore,1,25.0,Male,No,3,1,31.54436253749968,6058.034563894348
Bachelors,2015,Pune,3,26.0,Male,No,4,0,38.359393927098346,18641.442555288148
Bachelors,2018,New Delhi,3,27.0,Female,No,5,1,57.24797657899961,7851.931494780585
Bachelors,2016,Bangalore,3,24.0,Male,No,2,1,37.186856720009175,17318.752318395564
Bachelors,2012,Pune,2,24.0,Female,No,2,1,34.346846162736696,13169.463066607037
Bachelors,2014,Bangalore,3,26.0,Male,No,4,0,44.68358280832689,6167.847794131544
Bachelors,2016,Pune,2,24.0,Female,No,2,1,59.56951362331802,19331.72287157101
Masters,2012,New Delhi,3,26.0,Female,No,4,0,37.26165814534501,8704.417504878387
Bachelors,2013,Bangalore,3,28.0,Female,No,3,0,50.16406642217636,17894.6801802891
Bachelors,2012,Bangalore,3,,Male,No,2,1,52.84858845986153,7532.150086768463
Bachelors,2015,Bangalore,3,25.0,Male,No,3,1,37.12912631977199,17809.143232127793
Bachelors,2016,Bangalore,3,28.0,Male,No,3,0,51.84649045835579,5198.43219357941
Bachelors,2014,Bangalore,3,28.0,Female,No,3,0,41.03349398157759,12676.70684854221
Bachelors,2013,Bangalore,3,26.0,Female,No,4,0,48.96917491780738,16541.63869132335
Masters,2017,New Delhi,3,24.0,Female,No,2,1,49.00589132282684,19021.93276239175
Bachelors,2016,Bangalore,3,25.0,Male,No,3,1,46.073240522242756,18638.032043097308
Bachelors,2015,Bangalore,3,25.0,Male,No,3,0,32.70869310163225,17294.373043214673
Bachelors,2014,Bangalore,3,27.0,Male,No,5,0,55.05907486767714,18322.870244919563
Bachelors,2012,Bangalore,3,24.0,Male,No,2,0,39.623401949152075,7988.295287556148
Bachelors,2014,Bangalore,3,25.0,Male,No,3,0,35.595555311995625,9262.76443567593
Bachelors,2015,Bangalore,3,28.0,Male,No,3,0,31.223254246642917,9334.527873815878
Masters,2015,New Delhi,3,26.0,Male,No,4,1,47.72678829564725,10655.808965025482
Bachelors,2014,New Delhi,3,28.0,Female,No,1,0,50.32693085526847,10899.81005577783
Bachelors,2015,Pune,3,25.0,Male,No,3,0,30.497634867835686,13168.329869820132
Masters,2015,Pune,2,28.0,Female,No,2,0,45.36279174897843,7398.196450496621
Bachelors,2014,Bangalore,3,27.0,Female,,5,0,36.79487325593814,15368.69995678984
Bachelors,2013,Bangalore,3,26.0,Male,No,4,0,49.35518371228349,7513.498089567597
Bachelors,2016,Bangalore,3,26.0,Male,No,4,0,35.23099287014974,9654.627231568213
Bachelors,2012,Bangalore,3,25.0,Male,No,3,0,50.72813214307398,12550.17695909231
Bachelors,2015,Bangalore,3,25.0,Male,No,3,0,41.602060389016124,16946.608422852158
Bachelors,2014,New Delhi,3,24.0,Female,No,2,0,58.101899662102035,16092.038498580909
Bachelors,2012,Bangalore,3,,Male,No,5,1,34.1256283243798,14683.015346157834
Masters,2017,New Delhi,3,27.0,Male,No,5,1,40.231990531507755,7336.598908702552
Bachelors,2015,Pune,3,27.0,Male,No,5,0,33.40420563721767,13205.680184233666
Bachelors,2018,Bangalore,3,24.0,Male,No,2,1,57.74080854835688,6311.697526998281
Masters,2017,New Delhi,3,27.0,Male,No,5,1,56.32018060142943,10660.447651949762
Masters,2017,New Delhi,2,28.0,Female,No,1,1,37.73824883145467,11202.747954349386
Masters,2017,Pune,2,24.0,Male,No,2,1,49.79952138102537,5597.171591686308
Masters,2016,New Delhi,3,25.0,Female,No,3,1,54.51666600603647,9109.821492049578
PHD,2015,New Delhi,3,28.0,Female,No,1,0,46.65602434798387,19334.74200899734
Bachelors,2017,New Delhi,2,26.0,Male,No,4,0,45.889517350680194,19304.489117445344
Bachelors,2013,Bangalore,2,27.0,Male,No,5,0,37.255568727013554,10284.90581378809
Bachelors,2015,Bangalore,3,26.0,Male,No,4,0,32.79308303417697,5646.501634224861
Bachelors,2015,Bangalore,3,26.0,Male,No,4,0,56.91647273859981,7686.424089922723
Bachelors,2013,Bangalore,3,28.0,Male,No,1,0,57.01254171489991,10883.266901503102
Bachelors,2015,Bangalore,3,27.0,Female,No,5,0,48.99304371819804,19216.69546953845
Bachelors,2013,New Delhi,3,25.0,Female,No,3,0,40.17089373146102,7117.985953057774
Bachelors,2013,Pune,3,28.0,Male,No,1,0,40.476287238379825,16452.737655023186
Bachelors,2017,Pune,3,24.0,Male,No,2,0,51.77867036610718,6630.238090620382
Bachelors,2013,New Delhi,3,27.0,Female,No,5,0,56.913307798577314,19718.863660869152
Bachelors,2015,Bangalore,3,28.0,Male,Yes,2,0,56.61259272795352,10724.247486637025
Bachelors,2015,Pune,3,,Male,No,3,0,53.396266375728715,16628.51808348584
Bachelors,2014,Pune,2,25.0,Female,No,3,1,49.26094938462863,10138.866242166976
Bachelors,2014,Bangalore,3,25.0,Male,No,3,0,32.52419894985147,14415.033157382131
Bachelors,2017,Bangalore,3,27.0,Male,No,5,0,34.84886142283841,7880.241271100551
Bachelors,2014,Pune,2,26.0,Female,No,4,1,56.956625655812374,7190.315289454438
PHD,2013,New Delhi,3,24.0,Male,No,2,0,48.1928717897877,19070.962093521972
Bachelors,2015,Pune,2,26.0,Female,No,4,1,30.27591154849889,18764.7091685665
Bachelors,2017,Bangalore,3,25.0,Male,No,3,0,33.044146285980965,18312.034103193233
Masters,2013,Pune,2,27.0,Male,No,5,1,49.905053073241675,14381.501752498902
Masters,2017,Bangalore,3,28.0,Male,No,2,0,30.15184751538656,17124.023168244174
Bachelors,2012,Bangalore,3,25.0,Male,No,3,1,34.82424154252496,6035.554053670624
Bachelors,2017,Bangalore,3,27.0,Male,No,5,0,46.462013680997586,10021.835628360186
Masters,2017,Pune,2,27.0,Female,No,5,0,50.7568559307808,9705.546871357343
Masters,2013,Bangalore,2,28.0,Female,No,2,1,49.55883778507801,14534.679829289198
Masters,2017,Pune,3,28.0,Male,No,1,1,36.7280792838168,10339.366602059607
Bachelors,2018,Bangalore,3,27.0,Female,No,5,1,51.36537664042608,7227.601724655212
Bachelors,2014,New Delhi,3,25.0,Female,No,3,0,37.117472624904,13947.006131203156
Masters,2017,New Delhi,3,27.0,Male,No,5,1,39.761990944778034,17215.758810036223
Masters,2013,New Delhi,3,26.0,Male,No,4,1,52.394742153540726,10731.852416899597
Bachelors,2013,Pune,2,25.0,Female,No,3,1,49.48898697141644,6984.0307264772255
Masters,2012,New Delhi,3,26.0,Male,No,4,1,55.47670231482534,7950.322959692346
Bachelors,2016,Bangalore,3,25.0,Male,No,3,1,49.7283867690103,8562.249577540759
Bachelors,2013,Pune,2,26.0,Male,No,4,0,47.04925810006415,9498.463894918044
Bachelors,2018,Bangalore,3,28.0,Female,No,2,1,32.81024303484278,14641.926057594637
Bachelors,2013,Bangalore,3,27.0,Male,No,5,0,41.031474091783004,14014.182268065786
Bachelors,2015,Pune,1,24.0,Female,Yes,2,1,37.95607103045177,15441.197923505588
Bachelors,2013,Pune,3,28.0,Male,No,2,0,37.319689301372506,10437.529767972697
Bachelors,2015,Pune,2,27.0,Female,Yes,5,1,59.190316642573364,17359.964778199675
Bachelors,2018,Bangalore,3,,Male,No,3,1,41.792931740002814,8061.314917336404
Bachelors,2014,Pune,2,27.0,Female,No,5,1,56.7613966553134,12035.61121277231
Bachelors,2013,Pune,3,24.0,Male,No,2,0,48.93415877991789,17014.080823121454
Bachelors,2014,Pune,3,,Male,No,2,0,53.84433910624945,7702.379715989289
PHD,2015,New Delhi,2,25.0,Female,No,3,0,45.079112793155765,6647.946706111744
Bachelors,2014,Bangalore,3,26.0,Male,Yes,4,0,47.30711653879077,18255.259515319845
Bachelors,2018,Bangalore,3,24.0,Male,No,2,1,44.77553081456592,10143.944941387937
Masters,2015,Pune,2,25.0,Female,No,3,0,35.857289633941335,15258.05187363548
Bachelors,2015,Bangalore,3,24.0,Male,No,2,0,51.67356345784516,5380.229063959077
Bachelors,2014,New Delhi,3,24.0,Female,No,2,0,38.42317087322567,15350.703326141744
Masters,2017,Bangalore,2,26.0,Female,No,4,1,30.729478992943616,9741.519673204559
Bachelors,2012,New Delhi,3,28.0,Male,No,1,0,49.364168877215036,5836.112803811626
Masters,2017,Pune,2,26.0,Female,No,4,0,35.31332038221147,14147.191423221755
Bachelors,2016,Pune,3,,Male,No,3,0,58.21375753058743,8612.057241097598
Bachelors,2017,New Delhi,3,24.0,Male,No,2,1,58.617857310077625,10802.108630778199
Bachelors,2013,Pune,2,28.0,Female,No,3,1,57.44593170661346,6208.712184297704
Bachelors,2014,Bangalore,3,25.0,Female,No,3,1,41.10476100766333,7207.44876642418
Bachelors,2014,Bangalore,3,25.0,Male,No,3,0,30.463698495866023,9469.658532437657
Bachelors,2014,Pune,2,24.0,Female,No,2,1,57.84955687763176,6346.392508402357
Bachelors,2015,Bangalore,3,28.0,Male,No,2,1,42.84552444951943,18662.39397029473
Bachelors,2015,Bangalore,3,27.0,Male,No,5,0,58.999644571310085,5090.705647759676
Bachelors,2016,Pune,3,26.0,Male,No,4,0,58.90859931267758,12257.903282964671
Masters,2015,New Delhi,3,26.0,Female,No,4,1,55.5902836640208,6848.711871988272
Bachelors,2016,Bangalore,1,28.0,Female,No,2,0,38.83346676208757,9615.186342169229
Bachelors,2014,Bangalore,3,25.0,Male,Yes,3,0,41.55293185805776,18890.893397273983
Bachelors,2014,Bangalore,3,,Male,No,5,0,55.534100145505704,7425.418299109802
Bachelors,2017,Bangalore,3,28.0,Male,No,2,0,39.50766015468833,19487.484795774988
Masters,2018,New Delhi,3,24.0,Female,Yes,2,1,35.084782400582775,8086.915654841326
Bachelors,2017,Pune,2,25.0,Male,No,3,0,46.70403787375051,16123.491627002444
Bachelors,2018,Pune,2,24.0,Female,No,2,1,58.08464322482343,13200.158973459676
Masters,2017,New Delhi,2,28.0,Female,No,1,0,50.88089390024919,18267.180913951386
Bachelors,2013,New Delhi,1,27.0,Female,No,5,0,47.10183510268095,13309.898832546964
Bachelors,2017,New Delhi,2,27.0,Female,No,5,0,32.915294813123054,13018.388287344631
Bachelors,2017,Bangalore,3,28.0,Male,No,1,0,48.45021680097509,7931.870005525998
Bachelors,2016,Pune,2,27.0,Female,No,5,1,59.7016155031279,7493.440430774881
Masters,2018,Bangalore,3,24.0,Male,No,2,1,34.20252045709572,18747.337266732713
Bachelors,2012,Pune,1,26.0,Male,No,4,0,45.5498895709121,9917.572982750511
Bachelors,2016,Bangalore,3,26.0,Male,No,4,0,56.32119215783867,10581.23382444344
Masters,2016,New Delhi,1,27.0,Male,No,5,0,52.22305853262613,16397.354876425827
Bachelors,2015,New Delhi,3,26.0,Female,No,4,0,50.910472229858044,10082.35223634211
Bachelors,2012,Bangalore,3,27.0,Male,Yes,5,0,51.07452251961328,19280.936699585043
Bachelors,2013,Bangalore,3,24.0,Male,Yes,2,1,40.78473453659265,16068.916534982005
Bachelors,2018,Bangalore,3,26.0,Female,No,4,1,38.8077553279348,13961.4386386013
Masters,2017,Pune,2,26.0,Female,No,4,1,54.28083466435541,18213.427408171287
Masters,2017,New Delhi,2,28.0,Female,No,2,0,54.30340184037542,5744.0886252422415
Bachelors,2013,Pune,3,28.0,Male,No,1,0,56.01216955740311,8855.940382838131
Masters,2013,New Delhi,3,25.0,Male,No,3,0,57.397216576694134,11975.54501331365
Bachelors,2018,Bangalore,3,28.0,Female,Yes,1,1,45.34027196582814,8404.678092072816
Bachelors,2013,Pune,3,27.0,Female,No,5,1,45.04548884061599,16158.577809532278
Bachelors,2012,Bangalore,3,25.0,Male,No,3,0,53.948855369003255,18788.120465805878
Bachelors,2014,Bangalore,3,28.0,Male,No,1,0,49.498917923332954,11356.55179896385
Bachelors,2017,New Delhi,3,28.0,Female,No,3,0,51.059006317731104,10131.989001678423
Masters,2017,New Delhi,2,28.0,Male,Yes,2,0,53.873780083083034,19423.260982063493
Bachelors,2014,Bangalore,3,25.0,Male,No,3,0,56.70016025452699,11672.786492413114
Masters,2017,New Delhi,3,26.0,Male,No,4,0,40.13985470554607,12335.726006739249
Bachelors,2015,Pune,1,25.0,Female,No,3,1,41.26748857919832,10274.74808512858
Masters,2013,New Delhi,3,27.0,Male,No,5,0,32.81945819522607,18643.227095182076
PHD,2014,Bangalore,3,24.0,Female,No,2,0,47.34840422988522,13534.332249227762
Masters,2017,New Delhi,2,27.0,Female,No,5,0,31.078268213902263,16432.61880772467
Bachelors,2018,Bangalore,3,26.0,Male,No,4,1,43.9679405439738,17177.100775263294
Bachelors,2012,Bangalore,3,26.0,Male,No,4,0,46.2793390412273,10127.735628758874
Masters,2015,Pune,3,27.0,Female,No,5,1,38.59623756384853,11505.4149698057
Bachelors,2018,Bangalore,3,26.0,Male,No,4,1,47.724997817070324,17727.076616093967
Bachelors,2016,Bangalore,3,24.0,Male,No,2,0,30.915007498171484,10448.830275137154
Masters,2017,New Delhi,2,,Female,No,3,0,31.12044566247643,16909.02700177777
Bachelors,2017,New Delhi,2,28.0,Male,No,1,0,54.67801681978975,19114.884838616555
Bachelors,2012,New Delhi,3,27.0,Female,No,5,0,40.80571924233789,14348.155596020104
Masters,2013,New Delhi,3,26.0,Male,No,4,1,33.81181537955654,16124.409311778334
Bachelors,2015,Bangalore,3,26.0,Female,Yes,4,1,45.66729780164413,17076.459680617023
Bachelors,2014,Pune,3,,Male,No,2,0,53.09980659295832,17675.594733449638
Bachelors,2016,Bangalore,3,,Female,No,2,1,36.4746308249053,10925.800067851938
Bachelors,2012,Bangalore,3,28.0,Male,No,3,0,48.68671427457001,5768.9518876399725
Bachelors,2012,Bangalore,3,27.0,Male,No,5,0,32.56042394981304,11028.144068551093
Bachelors,2013,Bangalore,3,26.0,Male,No,4,0,31.55045163505823,15106.343446761346
Bachelors,2014,New Delhi,3,28.0,Female,No,1,0,45.94063894704444,11755.255786711892
Bachelors,2014,New Delhi,3,27.0,Female,Yes,5,0,46.219053648303195,16234.447262905978
Bachelors,2015,Pune,3,26.0,Female,Yes,4,1,49.1228970449462,10354.736442029958
Masters,2014,New Delhi,3,26.0,Male,No,4,1,51.78274001167985,14521.162116560443
PHD,2015,New Delhi,3,25.0,Female,No,3,0,59.275562383876036,7796.297072809619
Masters,2015,New Delhi,3,25.0,Male,No,3,0,45.48901044903586,16240.541549674354
Bachelors,2012,Pune,3,27.0,Male,No,5,0,39.68869418823738,13185.439532195389
Masters,2017,New Delhi,2,24.0,Female,No,2,0,53.85558584306111,8060.965828199009
Bachelors,2016,Bangalore,3,24.0,Male,No,2,0,38.124967537862226,9378.667602467109
Masters,2015,Pune,3,28.0,Female,No,2,0,43.16914262116909,16229.130628727486
Bachelors,2017,Bangalore,3,24.0,Female,No,2,0,32.35369144026798,12239.01853492281
Bachelors,2017,Pune,3,25.0,Male,No,3,0,30.760522302463727,8240.471605896084
Bachelors,2017,Bangalore,1,25.0,Male,No,3,0,58.87945244033775,19509.067855554465
Masters,2015,Pune,3,28.0,Female,No,2,0,55.079403615366175,15726.875297253318
Bachelors,2017,Pune,3,,Male,No,4,0,50.87922618281094,19357.02248809694
Bachelors,2014,Pune,3,24.0,Male,No,2,0,42.268588332428095,11406.575680405149
Bachelors,2014,Pune,3,25.0,Female,No,3,1,35.19882960212537,12126.505110375807
Bachelors,2018,Pune,3,26.0,Female,No,4,1,34.693111280132584,18469.328242775286
Bachelors,2016,Bangalore,3,27.0,Male,No,5,0,37.50728694493786,12875.74010368077
Bachelors,2017,Bangalore,3,28.0,Female,No,2,0,46.476799941183614,15609.183678585008
Bachelors,2012,Pune,3,28.0,Male,,2,0,51.437877681001865,8782.59316243295
Masters,2012,New Delhi,3,,Female,No,2,1,49.80592130153194,11700.897030539607
Bachelors,2013,Bangalore,3,26.0,Male,No,4,0,38.39801690837828,6851.747987155327
Bachelors,2015,New Delhi,3,26.0,Female,Yes,4,0,58.64595841989582,8089.700538154425
Bachelors,2017,Bangalore,3,28.0,Male,No,1,0,52.13690750087305,5014.1512290144665
Bachelors,2018,Pune,3,25.0,Male,Yes,3,1,46.63062157534202,5588.975774729904
Masters,2017,New Delhi,3,24.0,Male,No,2,0,48.35162238703057,19659.25734765394
Bachelors,2013,Bangalore,3,28.0,Male,No,2,1,42.5880018728337,8635.305427051435
Bachelors,2017,Bangalore,3,24.0,Male,No,2,0,37.431929685034724,14949.66064256003
Masters,2017,New Delhi,2,25.0,Female,No,3,1,40.679180359537845,17586.495481994174
Bachelors,2013,Pune,2,28.0,Female,No,1,1,52.735383313931074,13259.906888548463
Bachelors,2015,Bangalore,3,24.0,Female,No,2,0,30.431804658892677,7297.167501259342
Bachelors,2016,Pune,3,26.0,Male,No,4,0,33.48217921520749,15921.746560042495
Bachelors,2015,New Delhi,2,27.0,Female,No,5,1,31.380079260652582,14003.771151493745
Bachelors,2018,Bangalore,3,24.0,Female,No,2,1,31.221864069569104,15968.758840210627
Bachelors,2013,Bangalore,3,27.0,Female,No,5,0,55.66381752033021,16546.199342856307
Bachelors,2013,Bangalore,3,24.0,Male,Yes,2,0,51.109735781400715,19631.155515271177
Bachelors,2013,Bangalore,3,24.0,Female,No,2,0,44.22521487261976,13603.44920040065
Bachelors,2013,Bangalore,3,27.0,Male,No,5,0,32.93502481953004,10124.616690359027
Bachelors,2017,Bangalore,3,26.0,Female,No,4,0,44.74847625350497,14726.968353503557
Bachelors,2015,Bangalore,3,24.0,Female,No,2,0,44.20415312341697,6026.610638639392
Bachelors,2012,Pune,3,24.0,Female,No,2,1,35.196056097300456,18460.959774823794
Bachelors,2016,Bangalore,3,24.0,Male,Yes,2,1,43.01554947713919,6790.715170072952
Bachelors,2012,Bangalore,3,28.0,Male,No,3,0,41.955142031921206,9917.642568287274
Bachelors,2017,New Delhi,2,27.0,Male,No,5,0,48.47550294156649,17236.180709391814
Bachelors,2012,Pune,2,27.0,Female,No,5,1,49.052809526029314,13959.685674960678
Masters,2017,Pune,2,27.0,Male,No,5,0,31.359120293161336,10904.53280416163
Bachelors,2017,Pune,2,24.0,Male,No,2,1,41.238378438794136,12101.53489062532
Bachelors,2016,Pune,1,26.0,Female,No,4,1,48.77579747142709,17818.210898032703
Bachelors,2015,Pune,3,,Female,No,4,1,45.09408775740263,10100.065790898381
Bachelors,2016,Bangalore,3,25.0,Male,No,3,1,55.69469523564967,18044.74527218257
Bachelors,2012,Pune,3,26.0,Male,No,4,0,49.760808948568354,6322.016464650373
Bachelors,2017,Bangalore,3,28.0,Male,No,2,0,34.88803281244289,16651.976558129463
Bachelors,2012,Bangalore,3,25.0,Male,No,3,0,32.11706242201289,17713.214495821045
Bachelors,2017,Bangalore,3,25.0,Female,Yes,3,0,49.27257834618947,7727.264792560081
Masters,2017,Pune,2,26.0,Male,No,4,0,30.795339316248654,11455.197985583007
Masters,2017,Pune,3,28.0,Male,No,1,1,47.5732674382039,7482.496619954834
Masters,2015,Pune,2,25.0,Female,No,3,1,58.20690724274873,15599.061934913267
Bachelors,2017,New Delhi,2,26.0,Female,No,4,0,47.26422533627637,13030.216520924852
Bachelors,2017,New Delhi,2,26.0,Male,No,4,0,41.645097786195656,14529.850200624815
Bachelors,2016,Bangalore,3,27.0,Male,No,5,0,49.29864655327059,7947.304504343167
Bachelors,2017,New Delhi,3,27.0,Female,No,5,0,43.747586714745495,8176.187930786293
Bachelors,2015,New Delhi,3,24.0,Female,No,2,0,46.36850367947805,5622.459882648595
Masters,2017,Bangalore,1,26.0,Female,No,4,1,58.24394426329576,9831.013027935946
Bachelors,2017,New Delhi,1,28.0,Female,No,2,0,41.58307913402323,13396.169920005124
Bachelors,2015,Bangalore,3,24.0,Male,No,2,0,58.83571691471742,17869.023709959933
Masters,2015,Pune,2,25.0,Female,No,3,1,57.160519258681916,15003.911711880211
Bachelors,2014,Bangalore,3,25.0,Female,No,3,0,35.873734043678894,11530.944850996271
Bachelors,2014,Bangalore,3,28.0,Male,No,2,0,32.080839026254964,19296.801715912065
Bachelors,2017,Bangalore,3,28.0,Male,No,3,0,33.0233400413228,15788.678008637478
Masters,2015,New Delhi,1,27.0,Male,No,5,0,30.546654769546493,18952.47804293825
Bachelors,2014,Pune,1,26.0,Female,No,4,1,32.83328882267785,12913.819599082486
Masters,2018,Bangalore,3,,Male,Yes,3,1,50.490203202490704,8883.564121897094
Bachelors,2016,Bangalore,3,28.0,Female,No,3,0,32.135659453806866,5792.400295470829
Bachelors,2018,New Delhi,3,26.0,Female,Yes,4,1,39.56926890881284,15891.272772257757
Bachelors,2015,Pune,2,24.0,Female,No,2,1,55.34625932908364,6819.544970083012
Bachelors,2017,Bangalore,3,27.0,Male,Yes,5,0,30.698158072074776,9541.626924079508
Bachelors,2014,Bangalore,3,26.0,Male,No,4,0,54.43405447766807,12987.06361825846
Bachelors,2014,Bangalore,3,24.0,Male,No,2,0,38.455643243202,13466.248816696216
Bachelors,2016,Bangalore,3,28.0,Male,No,2,0,33.54494482864969,14008.74795480704
Bachelors,2015,Pune,2,25.0,Female,No,3,1,50.90211496092452,7493.82995524551
Bachelors,2013,Pune,3,27.0,Male,No,5,0,48.86828540339652,10696.06107232473
Bachelors,2015,Bangalore,3,28.0,Male,No,3,0,56.32416040581159,14257.9134067545
Bachelors,2014,Bangalore,3,26.0,Male,No,4,0,52.05213131411657,19547.28296950677
Bachelors,2012,Bangalore,3,24.0,Male,No,2,0,54.10442791154546,15914.46706549533
Bachelors,2013,Bangalore,3,27.0,Male,No,5,0,38.4610371771392,18839.056356409368
Bachelors,2015,Bangalore,3,26.0,Female,Yes,4,1,35.32318631339169,16433.180874712656
Bachelors,2015,Pune,3,28.0,Male,No,2,0,52.51844254922575,13875.754533386007
Bachelors,2014,New Delhi,2,24.0,Female,No,2,1,54.20504217801792,7880.350537045168
Bachelors,2013,Bangalore,3,24.0,Male,No,2,0,59.7151542600202,15000.284778387695
Bachelors,2018,Bangalore,3,28.0,Male,Yes,3,1,42.37853030734279,14350.693489398605
Bachelors,2015,Pune,3,27.0,Male,No,5,0,41.160542573783495,14037.037556858997
Bachelors,2014,Pune,2,26.0,Male,No,4,0,53.29238882225991,12346.788019823613
Bachelors,2016,Bangalore,3,25.0,Male,No,3,1,40.22410620759054,12929.849059839134
PHD,2013,Bangalore,3,25.0,Male,No,3,0,57.922719768106944,10016.63790677156
Bachelors,2014,Bangalore,3,25.0,Male,No,3,0,55.75238255529035,12789.690389634547
Bachelors,2017,New Delhi,2,28.0,Female,No,1,0,42.86982082125055,7963.338585177174
Bachelors,2015,Pune,1,26.0,Female,No,4,1,52.52613203374492,17077.615960405652
Masters,2017,New Delhi,3,26.0,Male,,4,1,52.63628622254047,7786.654320480617
Bachelors,2014,Bangalore,3,27.0,Male,No,5,0,33.09371606507798,6274.494348341997
Bachelors,2012,New Delhi,3,24.0,Female,No,2,0,57.076587200386996,11543.69039535736
Bachelors,2017,New Delhi,2,24.0,Male,No,2,0,45.15757117343571,14874.611592590927
Bachelors,2015,Bangalore,3,26.0,Male,No,4,0,54.79372398323225,11565.752374003121
Bachelors,2012,Bangalore,3,26.0,Female,No,4,0,39.601488030918354,9151.311979269629
Bachelors,2015,Bangalore,3,24.0,Male,No,2,0,56.86569685488601,13372.56775835661
Masters,2014,Pune,3,25.0,Male,No,3,0,41.676050362024895,10205.035031182999
Bachelors,2015,Bangalore,3,28.0,Male,No,2,0,30.325129544408952,18993.015351899496
Bachelors,2016,Pune,3,24.0,Male,No,2,0,57.16145929257791,18839.67709405358
Bachelors,2016,Bangalore,3,26.0,Female,No,4,0,32.73860030358401,12535.577299581433
Bachelors,2015,Pune,2,25.0,Female,Yes,3,1,39.579409127712445,9918.259910273879
Masters,2013,New Delhi,2,25.0,Male,No,3,1,58.50185901152415,16056.986209349587
Bachelors,2017,Pune,3,25.0,Male,No,3,0,58.51821440812668,5550.694152245999
Bachelors,2015,Pune,2,26.0,Female,Yes,4,1,47.203136643698585,12121.535090654768
Masters,2015,Bangalore,2,,Female,No,4,1,48.95511636509398,10044.850914055003
Bachelors,2012,Pune,3,27.0,Female,No,5,0,43.45336565934959,18808.03827653832
Masters,2017,New Delhi,3,28.0,Male,Yes,2,0,38.79632315094194,5180.0454090902385
Bachelors,2016,Pune,3,25.0,Male,No,3,0,39.85993636109748,13292.223135775237
Bachelors,2016,Bangalore,3,24.0,Male,No,2,0,50.175553682311154,16109.95371599939
Bachelors,2016,Pune,3,28.0,Male,No,1,0,52.5712358831304,12275.269812860619
Bachelors,2013,New Delhi,3,27.0,Female,Yes,5,0,53.74737131177545,6281.045452440825
Bachelors,2015,New Delhi,3,26.0,Male,No,4,0,53.68854428383662,19586.920850418534
Bachelors,2016,Bangalore,3,27.0,Male,No,5,0,32.73618309146071,12770.156470641468
Bachelors,2017,Pune,2,27.0,Male,No,5,0,44.83260914107744,14212.793664785171
Bachelors,2012,Bangalore,3,27.0,Male,No,5,0,31.72676280049933,8549.14674061261
PHD,2018,New Delhi,3,25.0,Male,No,3,1,46.485866469712064,12252.471276602057
Bachelors,2014,Pune,3,27.0,Male,No,5,0,43.245915041201314,11437.242379374828
Bachelors,2013,Bangalore,3,26.0,Female,No,4,0,56.63112548274899,6123.437630029756
Masters,2017,Pune,2,24.0,Female,No,2,1,40.527450376562356,6592.405303212008
PHD,2016,New Delhi,2,,Male,No,3,1,33.512010492828175,17562.08779428162
Masters,2014,New Delhi,3,26.0,Male,No,4,1,34.28975046158507,8597.299283098853
Masters,2017,New Delhi,2,27.0,Male,Yes,5,1,52.84531895152416,7924.374072479458
PHD,2013,New Delhi,3,27.0,Male,No,5,0,48.546541899487835,12573.671768752089
Masters,2014,New Delhi,3,28.0,Female,No,1,0,33.03368028368371,16531.20697043769
Bachelors,2017,Pune,3,27.0,Male,No,5,0,32.52320418344992,5929.197778684818
Bachelors,2015,Pune,3,26.0,Female,Yes,4,1,51.0290739437736,13652.118794573838
Masters,2014,Bangalore,3,26.0,Male,No,4,1,32.182890190925804,6788.1566426086
Masters,2012,Pune,3,27.0,Male,No,5,0,54.65580177871068,5546.915762384277
Bachelors,2017,Bangalore,3,26.0,Male,No,4,0,51.18726681469489,5791.159282433261
Masters,2017,Pune,2,27.0,Male,No,5,1,32.44046341925699,17512.46162312662
Bachelors,2017,Bangalore,3,27.0,Male,No,5,0,32.545131422555755,6769.587254420923
Bachelors,2016,Bangalore,3,25.0,Male,No,3,1,59.59918735503526,5677.270466184379
Bachelors,2016,Pune,3,27.0,Male,Yes,5,0,41.22812387268361,11568.498307143684
Bachelors,2014,Pune,3,,Male,No,3,0,41.11926441200673,17659.90207913037
Bachelors,2017,Bangalore,3,28.0,Male,No,1,0,54.383987017725076,8936.12564733953
Masters,2012,Pune,3,24.0,Male,No,2,0,58.41745732151576,11325.689262888745
Bachelors,2014,Bangalore,3,25.0,Male,Yes,3,0,59.58003191468613,5598.837988456268
Bachelors,2013,Pune,2,25.0,Male,No,3,1,52.60134555776825,11736.177712023138
Bachelors,2012,Pune,3,27.0,Male,No,5,0,41.287787565927474,13664.196209557005
Bachelors,2017,Bangalore,3,26.0,Male,No,4,0,32.50502150096006,13563.605806282172
Bachelors,2013,Pune,3,26.0,Male,No,4,0,53.3144074778231,9986.400382615477
Bachelors,2016,Bangalore,3,24.0,Male,No,2,0,46.75212749207415,9732.997709947032
Bachelors,2014,Bangalore,3,25.0,Female,No,3,0,42.72666027740929,6599.354284048968
Bachelors,2015,New Delhi,3,25.0,Male,No,3,0,57.19063155284208,10501.974809694026
PHD,2012,Pune,3,24.0,Male,No,2,0,33.33592446918454,6492.4200330944695
Bachelors,2013,Bangalore,3,27.0,Male,No,5,0,44.778753128725775,16498.939170680773
Bachelors,2015,Bangalore,3,25.0,Male,No,3,0,30.34060934302257,19494.11446622279
Bachelors,2016,Bangalore,3,26.0,Male,No,4,0,44.05981925982379,19551.116850000602
Masters,2015,New Delhi,3,24.0,Female,No,2,0,31.68909827045512,17976.06649063091
Bachelors,2012,Bangalore,3,26.0,Male,No,4,0,33.564537488042156,14011.882240094286
Bachelors,2013,Pune,3,24.0,Male,No,2,0,33.525787403313146,15512.985458658199
Masters,2017,New Delhi,3,24.0,Male,No,2,1,49.47630906348191,9278.08704020621
Bachelors,2014,Bangalore,1,25.0,Male,Yes,3,0,52.3813463779627,14461.55630258931
Bachelors,2018,Bangalore,3,28.0,Male,No,1,1,47.50106295291479,11834.743241598162
Bachelors,2017,Bangalore,3,28.0,Male,Yes,3,0,58.86517645423626,12230.260096653987
Masters,2013,Bangalore,3,28.0,Female,Yes,2,1,41.24611738571112,16366.64840562737
Bachelors,2013,Bangalore,3,26.0,Male,Yes,4,0,38.57136258845582,9228.775333958774
Masters,2018,New Delhi,1,24.0,Male,Yes,2,1,56.057973845683804,9770.594175417798
Bachelors,2012,Bangalore,3,25.0,Male,No,3,0,36.70787515558358,18869.62686692955
PHD,2013,New Delhi,2,27.0,Female,No,5,0,58.89667618321834,5843.364422764584
Masters,2018,New Delhi,3,28.0,Male,Yes,2,1,30.36463424069449,12284.514476200105
Bachelors,2014,Bangalore,3,,Male,No,3,1,59.09636480122917,18692.012006117926
Bachelors,2014,Pune,3,27.0,Male,No,5,0,31.294797358517283,14155.445117272355
Bachelors,2013,New Delhi,3,24.0,Female,No,2,1,56.73429341094213,13196.10611318198
Bachelors,2015,Pune,2,28.0,Female,No,1,1,45.831033272588996,8746.162688440329
Bachelors,2015,Pune,2,26.0,Female,No,4,1,59.78894388357901,10149.132335966724
Bachelors,2017,New Delhi,2,28.0,Female,No,3,0,32.213896942061965,17780.726237070394
Masters,2012,Pune,3,27.0,Female,No,5,1,46.61562853203962,13388.271976526872
Masters,2017,Pune,3,,Female,Yes,3,1,59.079076068572974,12721.132906351697
Masters,2013,New Delhi,2,25.0,Male,No,3,1,45.692935325104465,6493.695703100434
Masters,2017,New Delhi,2,27.0,Male,No,5,1,48.88195914405787,5240.4223468268465
Bachelors,2017,Bangalore,3,24.0,Male,,2,0,50.87246066953851,19455.277830305735
Bachelors,2016,Pune,2,24.0,Female,No,2,1,43.636231943033195,10654.792509302624
Bachelors,2012,Bangalore,3,26.0,Female,No,4,0,48.8267424025219,14048.195931492564
Bachelors,2012,Bangalore,3,24.0,Male,No,2,1,47.529429357693004,6195.7260978092745
Masters,2017,Pune,2,24.0,Male,No,2,0,57.034740314729675,15246.7142858457
Bachelors,2015,Pune,2,,Female,Yes,3,1,31.363391410243736,18988.500630589413
Bachelors,2015,New Delhi,3,26.0,Female,Yes,4,0,38.42889568776691,13634.978794961295
Bachelors,2013,Pune,2,24.0,Male,Yes,2,1,58.51234452229676,6891.7298356311585
Bachelors,2013,Pune,3,25.0,Male,No,3,0,56.70791351672749,13725.82291210215
PHD,2015,New Delhi,2,28.0,Female,No,1,0,43.669702583571386,16495.208196569787
Bachelors,2016,Pune,3,24.0,Male,No,2,0,48.6039779340461,11096.24804861028
Bachelors,2017,Bangalore,3,24.0,Female,No,2,0,38.32143548943398,18197.566219122018
Bachelors,2016,Bangalore,3,27.0,Male,No,5,0,35.64363479171284,14730.244300360468
Bachelors,2017,Bangalore,3,25.0,Female,No,3,0,43.91095214819946,18488.733774338038
Masters,2014,New Delhi,3,27.0,Male,No,5,0,40.60056684078158,14352.579668710057
Bachelors,2016,Bangalore,3,27.0,Male,No,5,0,47.509683355526164,6969.319580072363
Bachelors,2016,Bangalore,3,,Female,No,3,0,32.332039108949544,9645.375666577836
Bachelors,2018,Pune,3,25.0,Male,No,3,1,59.23184422998499,8026.924223786854
Bachelors,2013,Bangalore,3,26.0,Male,Yes,4,1,59.586322334388086,18632.397465752932
Bachelors,2015,New Delhi,3,25.0,Male,No,3,1,50.94485142059236,16406.00100931224
Bachelors,2017,New Delhi,2,,Female,No,3,1,46.08289099032361,15145.975533650091
Bachelors,2012,Bangalore,3,25.0,Male,Yes,3,0,39.28582848858983,9514.494794474325
Bachelors,2014,New Delhi,3,28.0,Female,No,2,0,54.41385059120846,7760.671580753203
Bachelors,2017,New Delhi,2,27.0,Female,No,5,0,50.54193517661638,16346.766319833678
Bachelors,2018,Pune,3,26.0,Male,No,4,1,34.87850818034674,12112.369188186196
Masters,2014,New Delhi,3,28.0,Male,No,2,0,57.32781553481527,8386.843282259437
Bachelors,2013,Bangalore,3,27.0,Male,No,5,1,54.67611728769507,14249.329672479127
Masters,2017,Pune,3,25.0,Male,No,3,1,58.49399739875772,5605.00778207678
Bachelors,2018,Bangalore,3,28.0,Male,No,2,1,51.7715852516508,9892.553811923803
Bachelors,2016,Bangalore,3,24.0,Male,No,2,0,48.402455878073695,12028.354918867019
Bachelors,2012,Bangalore,3,24.0,Male,Yes,2,0,42.547291088718566,7219.375011641087
Bachelors,2015,Bangalore,3,28.0,Female,No,1,0,57.9818545006204,19769.817163862594
Bachelors,2014,Bangalore,3,24.0,Male,No,2,0,55.98191668501225,8136.460468844214
Bachelors,2013,Pune,3,27.0,Male,No,5,0,31.356560103185682,6955.296950648983
Bachelors,2016,New Delhi,3,24.0,Female,No,2,0,30.79100923491756,8053.023108303446
Bachelors,2012,Bangalore,3,25.0,Female,No,3,0,41.293901006341486,16535.916997395863
Bachelors,2012,Pune,3,28.0,Male,No,3,0,54.31659992345499,11382.584889077643
Bachelors,2018,Pune,3,25.0,Male,Yes,3,1,59.618283879448335,13481.23909628807
Bachelors,2014,Bangalore,3,27.0,Male,No,5,1,34.512506733105845,5315.137354795411
Bachelors,2016,Bangalore,3,27.0,Female,No,5,0,47.82392146056405,5516.469628599718
Masters,2015,Pune,2,24.0,Female,No,2,0,41.426725698930646,11687.383247405243
Masters,2014,Bangalore,3,24.0,Female,No,2,1,59.09743193443809,17249.828648024355
Bachelors,2013,Bangalore,3,25.0,Male,No,3,0,55.263567694071256,18278.58318061348
Masters,2017,New Delhi,3,24.0,Male,No,2,0,55.149861141334135,6300.598513934603
Bachelors,2015,Bangalore,3,25.0,Male,,3,0,44.06079479384911,13075.446531515343
Bachelors,2017,Bangalore,3,24.0,Male,No,2,0,42.44458507012995,18698.445294189056
Bachelors,2017,New Delhi,2,28.0,Male,No,3,0,38.20221215792119,10819.591315968297
Bachelors,2016,Bangalore,3,28.0,Male,No,2,0,31.691264899527813,17443.487471425527
PHD,2014,New Delhi,3,24.0,Male,No,2,0,55.9416712876516,7005.434815991543
Masters,2017,New Delhi,2,,Female,No,4,0,54.387030273902326,19030.91734501698
Masters,2018,New Delhi,3,25.0,Male,No,3,1,59.991530198583916,16271.34976296954
Bachelors,2014,Bangalore,3,28.0,Male,No,3,1,59.89910511221716,19120.015891803523
Bachelors,2014,Bangalore,3,25.0,Male,No,3,1,46.66295116807882,15149.258503287598
Bachelors,2018,New Delhi,3,,Female,No,3,1,53.06962245541531,10451.058979991405
Masters,2017,New Delhi,2,25.0,Male,Yes,3,1,58.34297189647284,19072.717587870837
Masters,2013,New Delhi,3,28.0,Male,No,2,0,55.48942172032234,9133.501644637676
Bachelors,2014,Bangalore,3,26.0,Male,Yes,4,0,37.42044305229593,9982.587830925988
Masters,2017,New Delhi,2,,Female,No,3,1,43.516324059302804,15512.126270026105
Masters,2013,New Delhi,3,25.0,Female,No,3,0,33.87478245454485,16479.744492880796
Bachelors,2016,Bangalore,3,25.0,Male,No,3,0,58.621530817761666,18941.052257737305
Bachelors,2018,Bangalore,3,24.0,Male,No,2,1,48.1852390335264,8072.036135843142
Masters,2017,New Delhi,2,26.0,Male,Yes,4,1,36.85928416510388,16969.97052828836
Bachelors,2013,Bangalore,3,24.0,Male,No,2,0,50.15102053217571,16078.190800954451
Bachelors,2013,Bangalore,3,,Male,No,2,0,48.543847213736875,5956.918343803968
Masters,2015,Pune,3,28.0,Female,Yes,2,0,40.74488154098522,10808.347118153104
Bachelors,2015,Pune,2,27.0,Female,Yes,5,1,33.40672776598887,9241.481855901478
Masters,2014,Pune,2,27.0,Female,No,5,0,50.14719586778399,9567.356365310456
Bachelors,2017,New Delhi,2,27.0,Male,No,5,0,45.6092310271138,19744.203193320514
Bachelors,2012,Bangalore,3,26.0,Male,No,4,0,53.16955175206918,14641.661202198919
Masters,2015,Pune,1,27.0,Female,No,5,0,45.6049050333598,15765.142366902493
Bachelors,2013,Bangalore,1,28.0,Male,No,3,1,55.5654450095562,19649.26455972514
Bachelors,2012,Pune,2,26.0,Female,No,4,1,46.55720516323457,10658.02673686458
Bachelors,2013,Bangalore,3,27.0,Male,No,5,0,46.82813914606159,17027.60252679209
Masters,2017,New Delhi,2,25.0,Male,No,3,0,56.29960807975035,11517.96444956743
Bachelors,2017,Bangalore,3,,Male,No,5,0,42.10448598637191,18043.005077224698
Bachelors,2012,Bangalore,3,24.0,Male,No,2,0,34.02045685351922,7709.863119669548
Bachelors,2017,New Delhi,3,26.0,Male,No,4,0,30.86348028940017,19215.292655964193
Bachelors,2014,Bangalore,3,28.0,Female,No,1,1,52.65411767020857,8281.575626163194
Bachelors,2015,Bangalore,3,25.0,Male,No,3,0,48.60928654060394,9893.307604713973
Bachelors,2015,Pune,2,28.0,Female,No,3,1,51.12239304297671,16342.883511601707
Bachelors,2017,Bangalore,3,,Female,No,2,0,36.388924845267326,10906.3271234811
Bachelors,2016,Bangalore,3,27.0,Female,No,5,1,34.09114426760309,14123.170651496699
Bachelors,2012,Bangalore,3,25.0,Male,No,3,0,30.436339970036457,11668.602516041428
Masters,2018,Pune,3,25.0,Male,No,3,1,40.517626764197914,16135.549056346728
Bachelors,2015,Pune,3,26.0,Male,No,4,0,47.69753060563899,8424.968785529163
Bachelors,2014,Pune,3,26.0,Male,No,4,0,41.76732135299197,5876.869808553155
PHD,2017,New Delhi,3,27.0,Male,No,5,0,43.12424766071187,9498.940962095992
Bachelors,2012,Bangalore,3,26.0,Male,No,4,0,57.12476083481245,12114.629973026455
Bachelors,2016,Bangalore,3,26.0,Male,No,4,0,40.447664010699015,7520.300782890179
Bachelors,2017,New Delhi,3,28.0,Female,No,2,0,45.419684674794325,10321.959344845829
Bachelors,2014,Pune,3,25.0,Female,No,3,0,53.50959038223429,10999.745274403529
Bachelors,2013,Bangalore,3,28.0,Male,Yes,3,0,41.89628346963811,5860.877655324103
Bachelors,2017,Bangalore,3,25.0,Male,No,3,0,48.662601006836205,13749.608722763069
Bachelors,2018,Bangalore,3,27.0,Male,No,5,1,55.87091126240236,18265.151419569313
Bachelors,2017,Bangalore,3,26.0,Male,No,4,0,58.485618709729266,7276.143694295786
Bachelors,2017,Pune,2,25.0,Female,No,3,1,34.41220442787114,13967.12020102271
Bachelors,2017,Pune,2,26.0,Female,No,4,1,57.79762875484484,14971.088073662693
Bachelors,2015,Pune,3,28.0,Male,No,3,0,44.76348879238614,11290.020206289326
Masters,2017,Pune,2,26.0,Male,No,4,1,37.74733164896875,15516.463810464049
Masters,2015,New Delhi,3,28.0,Female,Yes,2,0,43.774072687147836,11160.97315236518
Bachelors,2012,New Delhi,2,25.0,Male,No,3,1,59.40097725856431,12569.559319661523
Bachelors,2016,Bangalore,3,25.0,Female,No,3,0,44.77854281978609,5110.295668316405
Masters,2017,New Delhi,2,26.0,Female,No,4,0,39.86254830862525,15375.801712020333
Bachelors,2014,Bangalore,3,,Male,No,3,0,49.00202562950177,14920.140184170867
Bachelors,2014,Bangalore,3,25.0,Male,No,3,1,37.204368563345795,5576.013159895168
PHD,2018,Bangalore,3,26.0,Male,No,4,1,32.27589984325992,10523.751610926996
Bachelors,2016,Pune,3,26.0,Male,No,4,0,33.866391657319475,19685.47761187501
Bachelors,2014,Bangalore,3,27.0,Male,No,5,0,33.84137516873317,11311.048438529251
Bachelors,2012,Bangalore,3,25.0,Male,No,3,0,34.55708080536883,12529.181076977626
Masters,2012,Pune,2,26.0,Female,No,4,0,34.164815179482304,18648.95237239578
Masters,2016,New Delhi,3,27.0,Male,No,5,1,49.226242344096434,15758.928137986346
PHD,2017,Bangalore,3,28.0,Male,No,1,0,35.45640253197435,13731.051966863353
Bachelors,2014,Bangalore,3,27.0,Male,No,5,0,40.3700184997159,16967.07022011609
Bachelors,2018,Pune,3,,Male,No,4,1,56.90365229718036,17965.4939968396
Bachelors,2018,Bangalore,1,27.0,Male,No,5,0,44.21884920788617,11853.321076059003
Bachelors,2016,Pune,3,24.0,Male,No,2,0,50.02673215563081,12126.625473977532
Bachelors,2012,Bangalore,3,25.0,Male,No,3,0,35.169596136048895,10790.764034777538
Bachelors,2017,Bangalore,3,27.0,Male,No,5,0,35.76867056426012,19500.59210027691
Bachelors,2016,Bangalore,3,28.0,Male,No,2,0,31.226058487994365,15457.493814355255
Bachelors,2017,New Delhi,2,27.0,Male,No,5,0,35.06805189216494,6248.345993121085
Bachelors,2013,Bangalore,3,25.0,Male,No,3,0,38.35771017095876,17944.394349695278
Bachelors,2013,Bangalore,3,28.0,Male,No,1,0,35.310314528302406,12208.39911254402
Bachelors,2018,Bangalore,3,28.0,Female,No,3,1,32.66107601271167,6031.308596337312
Bachelors,2016,Bangalore,3,27.0,Male,Yes,5,0,33.61907613301803,13245.758827449667
Masters,2015,Pune,2,28.0,Female,No,3,0,43.823363040981775,11257.46418463553
Masters,2015,New Delhi,3,24.0,Female,,2,1,36.19001155217377,18166.241072939374
Bachelors,2017,New Delhi,3,24.0,Male,No,2,0,40.92809583144226,8059.919054140811
Bachelors,2015,Pune,2,24.0,Female,No,2,1,45.10251812564571,17396.969142382746
Masters,2013,Pune,3,28.0,Male,No,2,1,50.71184485888096,13365.330367781791
Bachelors,2017,Pune,3,27.0,Female,No,5,1,31.179364195232967,5819.154548202036
Bachelors,2014,Pune,3,26.0,Male,No,4,0,53.98231196727128,19577.67951988227
Bachelors,2016,Bangalore,3,26.0,Male,No,4,0,48.83701168472723,12689.228661547999
Bachelors,2014,Pune,1,26.0,Female,No,4,1,32.45277095846616,9363.152813473738
Bachelors,2015,Pune,3,28.0,Male,No,3,0,56.20735872320331,12041.102629838872
Bachelors,2012,Bangalore,3,26.0,Male,No,4,0,57.626172015954396,17867.866752762333
Bachelors,2017,New Delhi,2,26.0,Male,No,4,0,31.832338795645914,9573.546865775952
Masters,2017,New Delhi,2,26.0,Female,No,4,0,38.30632944441611,7890.145947300505
Bachelors,2016,Bangalore,3,26.0,Male,No,4,1,54.18603839379184,6936.068703963222
Bachelors,2013,Bangalore,3,26.0,Male,Yes,4,0,52.447790711509754,9467.89097585317
Bachelors,2014,Bangalore,3,28.0,Male,No,3,1,35.53563058069132,16700.72130560065
Bachelors,2014,New Delhi,3,28.0,Female,No,3,0,36.28047970010131,12074.395477928925
Bachelors,2014,Pune,3,25.0,Female,No,3,1,41.11416308374146,8412.2240554031
Bachelors,2016,Pune,3,28.0,Male,No,3,0,44.53568955573064,7492.774994146238
Masters,2017,Bangalore,3,27.0,Male,No,5,1,48.54764314590888,9990.942147655685
Bachelors,2015,Bangalore,3,,Male,No,3,0,41.067409187093176,19098.865593285635
Bachelors,2014,Pune,3,27.0,Male,No,5,0,43.876041483994435,10145.400688850365
Bachelors,2012,Pune,3,28.0,Male,No,3,0,52.4241281440127,19821.86113931953
Masters,2017,Pune,3,26.0,Male,No,4,1,31.100496086717936,12278.456836480342
Bachelors,2013,Bangalore,3,25.0,Male,Yes,3,0,37.57310833032062,7687.458774352263
Bachelors,2015,Pune,2,28.0,Female,No,2,1,51.40048757653658,18367.10137690264
PHD,2013,Bangalore,1,26.0,Male,No,4,0,56.856205130615976,11905.330597022403
Masters,2012,Pune,3,27.0,Male,No,5,1,45.35032326346998,15645.070152567867
Bachelors,2016,Bangalore,1,28.0,Male,No,2,0,45.96340455795947,19755.673748137277
Bachelors,2017,Bangalore,3,27.0,Male,No,5,0,33.21516034019328,5752.63025479961
Bachelors,2017,Bangalore,3,25.0,Male,No,3,0,43.422371004703635,6450.418396813508
Masters,2017,New Delhi,2,24.0,Female,Yes,2,1,45.9785179936507,15806.851121941343
Bachelors,2015,Bangalore,1,25.0,Female,Yes,3,0,37.27411510904189,9227.375049432081
Bachelors,2018,Bangalore,3,27.0,Male,No,5,1,38.07729692848143,7764.520954251486
Bachelors,2014,Bangalore,3,26.0,Male,No,4,0,41.31852489313868,5590.4281972959425
Bachelors,2018,Bangalore,3,26.0,Male,No,4,1,30.60213593333179,5327.700679793027
Bachelors,2015,Pune,2,24.0,Female,No,2,1,39.66237496749535,16617.284046796864
Bachelors,2018,Bangalore,3,27.0,Male,No,5,1,36.34344020989634,7016.50141054325
Bachelors,2016,Bangalore,3,27.0,Female,No,5,0,39.824920565337436,12015.809239567263
Masters,2016,New Delhi,3,25.0,Female,No,3,1,33.59286395457754,14088.452227692245
Masters,2018,New Delhi,3,26.0,Male,No,4,1,56.71581842219685,11425.277008532694
Bachelors,2018,Bangalore,3,24.0,Female,No,2,1,47.80777360662146,5406.599785043497
Bachelors,2017,New Delhi,2,28.0,Male,No,3,0,50.37306957433469,16752.522538818634
Bachelors,2015,Bangalore,3,27.0,Male,No,5,0,53.67513715822015,5157.698368124802
Bachelors,2017,Bangalore,3,26.0,Male,No,4,0,44.953265967871715,16428.348415662258
Bachelors,2016,Bangalore,3,25.0,Male,No,3,0,32.60760864262271,18399.567406821843
Bachelors,2013,Pune,3,25.0,Male,No,3,0,46.113196254556435,11492.598815857586
Bachelors,2015,Pune,3,25.0,Female,No,3,1,47.60523354062637,13033.137096466973
Bachelors,2014,Bangalore,3,28.0,Female,No,3,0,52.3631842255299,12154.750889264807
Bachelors,2015,Pune,3,24.0,Male,No,2,0,42.94978638689038,10838.129279351582
Bachelors,2016,Bangalore,3,,Female,No,4,0,33.82740908386691,18311.368030555404
Bachelors,2018,Bangalore,1,25.0,Male,Yes,3,0,38.51327717396173,18409.002660049857
Masters,2017,Pune,2,,Female,No,1,0,40.892468891959055,10037.245469623018
Bachelors,2014,Pune,2,25.0,Female,No,3,1,49.377517239948034,14226.04631022047
Bachelors,2017,Bangalore,3,25.0,Male,No,3,0,47.12334914006736,18903.61343218796
Bachelors,2016,Bangalore,3,28.0,Female,No,3,0,40.68290177693539,19430.877484120276
Bachelors,2014,Bangalore,3,28.0,Female,No,2,0,59.59545746378939,12634.385606330714
Masters,2017,New Delhi,2,28.0,Male,No,2,0,48.173244580706616,11792.372079264902
Bachelors,2017,New Delhi,2,24.0,Female,No,2,0,37.11680375207983,9180.414738927888
PHD,2013,New Delhi,2,25.0,Male,No,3,1,33.05347417861211,19383.078097856152
Bachelors,2017,Bangalore,3,24.0,Male,No,2,0,34.58577417552996,7142.21456709301
Bachelors,2017,Bangalore,3,26.0,Female,No,4,0,37.37873185153524,13697.443640715876
Bachelors,2015,Bangalore,1,25.0,Male,No,3,0,34.82044119778667,9238.254012779584
Bachelors,2016,Bangalore,3,26.0,Female,,4,0,35.59701072153917,9185.124355216949
PHD,2014,New Delhi,3,28.0,Male,No,2,1,38.55285506081541,11074.528810642827
Masters,2018,New Delhi,3,27.0,Female,No,5,1,35.20120785884264,19981.89403723482
Bachelors,2016,New Delhi,3,27.0,Female,No,5,0,56.90296273879275,5824.494602597331
Masters,2017,New Delhi,2,25.0,Male,No,3,1,32.40701236984927,13678.127273052973
Bachelors,2017,Bangalore,3,26.0,Male,No,4,0,45.73534168710764,6238.582370529158
Bachelors,2016,New Delhi,3,27.0,Female,Yes,5,0,42.31190480968985,7317.8124498577845
Bachelors,2017,Pune,2,25.0,Female,No,3,1,59.47135850725819,11593.44412659348
Bachelors,2018,Pune,3,,Female,No,1,1,33.36116706504157,12656.90197019662
Bachelors,2014,Bangalore,3,25.0,Female,No,3,1,41.93566797137225,8881.88612546786
Bachelors,2018,Pune,3,28.0,Male,No,1,1,59.08411299826106,9746.856963116243
Bachelors,2017,Bangalore,1,26.0,Female,No,4,0,55.96521377681941,6304.505303838996
Bachelors,2013,Bangalore,3,24.0,Male,No,2,1,54.512162128478394,9548.296757663757
Bachelors,2012,New Delhi,3,26.0,Female,No,4,0,37.7370848113482,19498.37659070816
Bachelors,2012,Pune,3,25.0,Male,No,3,0,35.12662762170197,19170.610725087223
Masters,2013,New Delhi,2,24.0,Male,No,2,1,50.05929659773293,10023.174352054775
Bachelors,2018,Pune,3,26.0,Male,No,4,1,57.88127967382758,13562.809044181424
Bachelors,2016,New Delhi,3,28.0,Female,,2,0,46.70288679041789,18643.930866664166
Bachelors,2016,Pune,3,26.0,Male,No,4,0,47.14838068409699,5092.75733961345
Masters,2014,New Delhi,3,24.0,Male,No,2,0,38.399372809808526,17160.25355506388
Bachelors,2013,Bangalore,3,26.0,Male,No,4,0,53.084787995758106,19225.543291833783
Bachelors,2014,Pune,2,26.0,Female,No,4,1,35.6113124567257,6369.886015003356
Bachelors,2014,Pune,3,25.0,Male,No,3,0,39.71037709212731,7421.715290493816
Bachelors,2013,Pune,3,27.0,Male,No,5,0,42.7630931584925,19411.19454157033
Bachelors,2018,Bangalore,3,27.0,Male,No,5,1,45.22831136053365,13063.102154605194
Bachelors,2015,Bangalore,3,25.0,Female,No,3,1,37.27229197245241,5212.9495170758555
Bachelors,2016,Pune,3,26.0,Male,No,4,0,33.445104742176106,8864.479981452938
Bachelors,2015,Pune,2,27.0,Female,No,5,1,48.31860127324897,11749.155114032894
Bachelors,2017,Bangalore,3,26.0,Male,No,4,0,38.65891659720767,15393.633665371515
Masters,2017,Pune,2,26.0,Female,No,4,0,47.43714664267837,15997.405672051993
Bachelors,2017,New Delhi,3,27.0,Female,Yes,5,0,34.63088145822607,19931.32269388184
Masters,2017,Pune,1,24.0,Male,No,2,0,44.434203055644524,9312.667990756385
Masters,2017,New Delhi,2,26.0,Female,No,4,0,45.97768297654758,13073.301528027128
Bachelors,2015,Bangalore,3,27.0,Male,Yes,5,0,31.554706104672807,12999.853217894075
Bachelors,2015,Bangalore,3,26.0,Male,No,4,0,40.098128345817614,11084.678891708561
Masters,2017,Pune,2,24.0,Male,No,2,1,34.03244030816923,7537.428407636303
Bachelors,2017,Bangalore,3,26.0,Female,No,4,0,31.90124911418303,19661.84844775764
Bachelors,2014,Bangalore,3,26.0,Male,No,4,0,59.69880697169836,17799.75779999879
Bachelors,2015,Bangalore,3,28.0,Male,Yes,1,1,39.670615349241686,12474.995424413559
Masters,2017,New Delhi,2,24.0,Male,No,2,0,54.29623337563905,14048.681340260448
Bachelors,2013,Pune,2,25.0,Female,No,3,1,37.63921964291291,8408.915803394935
Masters,2013,Bangalore,3,27.0,Male,No,5,1,50.44508166671788,13156.806055876204
Bachelors,2017,Bangalore,3,27.0,Male,No,5,0,52.80683579669059,15424.551996822138
Bachelors,2015,New Delhi,2,28.0,Female,Yes,2,1,47.86916221823533,12727.505425798832
Bachelors,2014,Pune,2,24.0,Female,No,2,1,44.14728565650475,19854.27755877412
Bachelors,2016,Pune,2,27.0,Female,No,5,1,42.355227424418054,14170.124843715892
Bachelors,2017,Bangalore,3,27.0,Female,No,5,0,40.46604799628986,10564.605688882537
Bachelors,2016,Bangalore,3,26.0,Male,No,4,0,57.88587432743478,16582.28041423757
Bachelors,2015,Pune,2,27.0,Male,No,5,0,54.918582233631874,7556.937673724631
Bachelors,2015,Bangalore,3,26.0,Male,No,4,0,58.95080731999538,10767.737205593998
Bachelors,2018,Bangalore,3,27.0,Male,Yes,5,1,33.728916704566345,10204.384255663786
Bachelors,2016,Bangalore,3,24.0,Male,No,2,0,51.92602425610933,11477.106426616658
Bachelors,2014,Bangalore,3,24.0,Male,No,2,0,58.150213704631135,16726.697388930894
Bachelors,2013,New Delhi,2,24.0,Female,No,2,1,35.43699198496981,12262.595482451112
Bachelors,2012,Bangalore,3,26.0,Female,No,4,0,31.994888021003327,16910.216753989444
Bachelors,2015,Pune,2,28.0,Female,Yes,2,1,52.23361947870177,13647.33354709799
Bachelors,2018,Bangalore,3,26.0,Male,No,4,1,47.234193395397355,10131.04151986333
Bachelors,2016,Bangalore,3,24.0,Female,No,2,0,55.25486330274816,17149.68115525209
Masters,2017,Pune,3,24.0,Male,No,2,1,34.193171298788684,8574.345058296374
Masters,2016,Pune,3,24.0,Male,No,2,0,53.858019355796706,8365.744696996931
Bachelors,2013,Bangalore,3,28.0,Male,Yes,1,1,36.048819601432335,12567.543860822538
Bachelors,2015,Bangalore,1,28.0,Female,No,1,0,34.90967828597113,8912.738689431333
PHD,2018,Bangalore,3,24.0,Female,No,2,1,34.92797393792979,5136.305524268245
Bachelors,2016,Bangalore,3,26.0,Male,Yes,4,0,54.43724160694146,14724.462909482023
Bachelors,2013,Bangalore,3,27.0,Male,No,5,0,49.955916620886,12666.40732208597
Bachelors,2013,Bangalore,3,25.0,Male,No,3,1,45.69196274307358,11682.767217397417
Masters,2016,New Delhi,3,24.0,Male,No,2,1,40.76491452370507,19504.52771927473
Bachelors,2017,New Delhi,1,25.0,Female,No,3,0,56.31601622439325,13567.987759443706
Bachelors,2013,Bangalore,3,28.0,Male,No,3,0,41.77335322267906,17951.473666840768
Bachelors,2018,Bangalore,3,28.0,Male,No,1,1,54.497983184147316,7091.753543077402
Bachelors,2017,Bangalore,3,24.0,Male,No,2,0,43.17404725710655,13538.096946941416
Masters,2014,New Delhi,3,24.0,Male,No,2,1,41.30833288274722,18019.69440096354
PHD,2012,New Delhi,3,24.0,Male,No,2,0,43.880393570088195,13746.58635919847
Bachelors,2017,Bangalore,3,25.0,Female,No,3,0,39.041336224924265,15770.212671905023
Masters,2014,New Delhi,3,27.0,Male,No,5,0,52.428281405287535,10580.653517183111
Bachelors,2015,Bangalore,3,27.0,Female,No,5,0,45.081611702774374,6386.742755555999
Bachelors,2014,Pune,3,25.0,Male,No,3,1,36.96638085440452,11868.50442690607
Bachelors,2012,Bangalore,3,28.0,Male,No,3,0,56.987237198237054,10917.190862582862
Bachelors,2012,Bangalore,3,25.0,Female,No,3,0,41.516736641196346,18005.902735684213
Bachelors,2015,Bangalore,3,24.0,Female,No,2,0,46.30658583341966,8659.929535287083
Bachelors,2013,Pune,3,27.0,Male,No,5,0,57.19416332893641,19501.013413026623
Bachelors,2013,Bangalore,3,26.0,Female,No,4,0,48.72713987741976,19372.07179706744
Bachelors,2012,Pune,2,26.0,Male,No,4,0,33.50694122125092,8714.47464607158
Masters,2017,Bangalore,3,28.0,Female,No,3,1,58.19496370840425,10220.779332159807
Bachelors,2015,Bangalore,3,25.0,Male,No,3,1,48.83124159214253,18433.336113108275
Bachelors,2012,Bangalore,3,28.0,Female,No,2,0,40.047168439712586,19499.33331344161
Bachelors,2017,Pune,2,26.0,Female,No,4,1,34.17816217990162,11651.586542540661
Bachelors,2012,Bangalore,3,27.0,Female,No,5,0,53.82075567810888,9814.955684613467
Masters,2016,New Delhi,3,28.0,Male,No,1,0,48.60218267785541,12891.41019877313
Bachelors,2015,Pune,2,28.0,Female,No,1,1,46.00383275928965,15316.538095486021
Masters,2017,Pune,3,24.0,Male,No,2,1,56.816777491528725,9102.117730624697
Bachelors,2015,Pune,2,25.0,Female,No,3,1,53.65791633673592,16047.097619286093
Bachelors,2014,Bangalore,3,24.0,Male,No,2,0,34.55024639198253,5774.860356719615
Bachelors,2016,Bangalore,3,28.0,Male,No,3,0,39.35166203386645,5739.417391466247
Bachelors,2016,New Delhi,3,25.0,Female,Yes,3,0,37.45467419443397,10794.315577183177
Masters,2015,New Delhi,3,26.0,Male,No,4,1,52.31838877718031,10302.09788091081
Masters,2015,New Delhi,3,28.0,Female,No,3,0,31.005973042073382,9734.498230507284
Bachelors,2013,New Delhi,1,24.0,Female,,2,1,47.0966905461395,12365.29644003365
Bachelors,2014,Bangalore,3,24.0,Male,No,2,0,52.87376057222072,9811.003734673568
Bachelors,2018,Bangalore,3,26.0,Male,No,4,1,56.30296910285249,7883.868777021378
Bachelors,2013,Bangalore,3,26.0,Male,No,4,0,40.262452461477224,9642.043236329013
Bachelors,2015,New Delhi,3,25.0,Female,No,3,1,54.637719140160385,19623.564092153523
Bachelors,2017,New Delhi,3,28.0,Male,No,2,0,33.31895210865622,11166.70125492273
Bachelors,2016,Pune,1,25.0,Female,No,3,1,55.39356875203555,11670.691652875037
Masters,2013,New Delhi,3,25.0,Male,Yes,3,1,33.824659869959476,13648.1748492671
Bachelors,2017,Bangalore,3,24.0,Female,No,2,0,41.91861871681102,19750.111526213397
Masters,2013,New Delhi,3,25.0,Female,No,3,1,53.91886097338661,8624.019146536444
Bachelors,2013,Bangalore,1,28.0,Female,No,2,0,34.49752282046322,15219.231657986507
Masters,2014,Bangalore,3,27.0,Female,No,5,1,36.87754185697924,15739.770403125862
Bachelors,2013,Bangalore,3,26.0,Male,No,4,0,51.66757705179199,14109.866251895988
Bachelors,2016,Bangalore,3,25.0,Male,No,3,0,51.601096096382236,6328.6750945496615
Bachelors,2015,Pune,2,26.0,Female,Yes,4,1,49.23442898655892,15153.084137413647
Bachelors,2017,New Delhi,3,25.0,Male,No,3,0,50.818453334013,5961.420665542632
Bachelors,2013,Bangalore,3,26.0,Male,No,4,0,46.28173330042789,13942.139743248454
Bachelors,2013,Pune,2,27.0,Male,Yes,5,0,37.55397176720858,16093.71765832614
Bachelors,2015,Pune,2,25.0,Female,No,3,1,40.37087980511758,8164.548359299257
Bachelors,2016,Bangalore,3,25.0,Male,Yes,3,0,35.44793150404277,17624.33011314161
Bachelors,2017,Bangalore,3,25.0,Male,No,3,1,57.25351684000885,5455.307082995064
Bachelors,2016,Pune,3,28.0,Male,No,1,0,47.50175384298362,17657.19295487459
Bachelors,2018,Bangalore,3,24.0,Male,No,2,1,42.0255425029092,11904.935759641477
Masters,2015,Pune,3,28.0,Female,No,3,0,43.86017410932398,8263.819098974667
Bachelors,2017,Bangalore,3,26.0,Male,No,4,0,58.41850018835446,7006.67217490952
Masters,2017,Pune,2,26.0,Male,No,4,1,34.6005420934824,19299.607513735587
Bachelors,2017,New Delhi,2,27.0,Female,No,5,0,47.58689496050391,6089.98381371735
Bachelors,2013,Pune,2,26.0,Female,No,4,1,45.17666036653398,7986.401299038886
Bachelors,2012,Bangalore,3,24.0,Male,No,2,0,48.343627063039435,10217.33521149569
Bachelors,2013,New Delhi,3,28.0,Female,Yes,3,0,30.543305514625214,14303.522734416807
Masters,2015,Pune,2,24.0,Female,No,2,0,56.16371726832455,13172.016279141477
Bachelors,2016,Bangalore,3,25.0,Male,No,3,0,57.96354847450837,6884.65238618471
Masters,2017,New Delhi,2,25.0,Male,No,3,1,46.95399550767627,9345.91975607322
Bachelors,2016,Bangalore,3,26.0,Male,No,4,0,50.89952471630677,8581.276566290362
Bachelors,2013,Bangalore,3,24.0,Male,No,2,0,57.67498143531887,8203.142817355121
Bachelors,2012,Pune,2,25.0,Male,No,3,1,51.217159029401955,11167.165047199805
Bachelors,2014,Bangalore,3,24.0,Male,No,2,0,34.57617128742784,15560.471788874853
Bachelors,2017,Bangalore,3,27.0,Female,No,5,1,47.288650805004394,8261.79398325854
Bachelors,2017,New Delhi,3,,Female,No,5,0,48.201451391485676,10500.183195544721
Bachelors,2013,Pune,3,27.0,Male,No,5,0,42.72392013907158,10863.761402617434
Bachelors,2015,Pune,2,,Female,Yes,2,1,52.09332706874169,19646.847941531152
Bachelors,2017,Bangalore,3,24.0,Female,Yes,2,0,58.03101044307044,19319.995353186034
PHD,2015,New Delhi,3,,Female,No,1,0,57.767055387203285,17002.06374128114
Bachelors,2017,Bangalore,3,27.0,Male,No,5,0,43.52518114212396,8624.883812287777
Masters,2017,New Delhi,2,28.0,Female,No,2,0,33.39714137522266,6020.5597113750455
Bachelors,2017,New Delhi,2,25.0,Female,No,3,0,59.54523596887004,9753.562065809372
Bachelors,2014,Pune,2,25.0,Female,No,3,1,55.166942593378025,9001.918241507463
Bachelors,2016,New Delhi,3,28.0,Female,Yes,3,0,33.739880436098005,12588.887002195908
Bachelors,2015,Pune,2,27.0,Female,No,5,1,57.625256478521166,16665.918651016895
Masters,2017,Pune,2,25.0,Male,No,3,1,56.09689086186385,17874.84408318287
Masters,2017,Bangalore,2,25.0,Female,Yes,3,1,45.56514171378216,17672.96128115763
Bachelors,2017,Bangalore,3,24.0,Female,No,2,1,47.73826307234788,10395.133418346017
Bachelors,2013,Bangalore,3,26.0,Female,No,4,0,41.970081116103906,15308.515151910244
Bachelors,2018,Bangalore,3,24.0,Male,Yes,2,1,31.64284916466094,9692.5129628633
Bachelors,2016,New Delhi,3,28.0,Male,No,1,0,40.05591724937703,5913.58314852774
Masters,2017,New Delhi,2,24.0,Male,No,2,1,54.085603457940344,15523.478984044135
Bachelors,2017,Bangalore,3,25.0,Male,No,3,0,30.138960690138084,5147.413288546818
Bachelors,2017,Bangalore,3,25.0,Male,No,3,0,40.004975150734325,11137.738811877329
Bachelors,2017,Bangalore,3,24.0,Male,No,2,1,41.9450608077283,9940.689039531135
Masters,2014,New Delhi,3,25.0,Female,No,3,1,46.12186808813769,15400.663077782787
Bachelors,2012,Bangalore,3,27.0,Female,No,5,0,57.59566849238281,16493.682091405684
Bachelors,2012,New Delhi,3,27.0,Female,No,5,0,40.39037983097884,9561.419539569259
Bachelors,2017,Bangalore,3,28.0,Male,No,2,1,40.40859605688683,17174.405216672803
Bachelors,2012,Bangalore,3,28.0,Male,Yes,3,1,52.125037443292456,9408.751407574007
Bachelors,2012,Pune,3,,Female,No,2,0,43.56653822669421,11694.895399798417
Bachelors,2018,Bangalore,3,24.0,Female,No,2,1,36.738144688199455,15905.27790521201
PHD,2016,New Delhi,3,24.0,Female,No,2,0,43.5731854839808,15393.803438371828
Masters,2017,New Delhi,2,27.0,Female,No,5,1,34.22571061139399,19810.527084683003
Masters,2013,New Delhi,2,,Female,No,5,1,35.2916095951867,8377.415363238979
Bachelors,2015,Bangalore,3,26.0,Female,No,4,0,44.95103318218439,14934.768703093736
Masters,2015,New Delhi,3,28.0,Female,No,1,1,42.56776348513644,14145.22862413666
Bachelors,2014,Bangalore,3,27.0,Male,No,5,0,57.445377032043,18726.47681735045
Bachelors,2013,New Delhi,3,25.0,Female,No,3,0,40.871816973498994,7345.432124673125
Bachelors,2015,Bangalore,3,26.0,Female,No,4,1,47.4176505083413,16276.972453803994
Bachelors,2012,Pune,3,24.0,Male,No,2,0,48.96792863758591,13524.029244031524
Bachelors,2012,Bangalore,3,26.0,Female,No,4,0,30.39283369765001,9119.98804681858
Masters,2015,Pune,2,25.0,Female,No,3,1,49.906121160501314,12116.52371220761
Bachelors,2013,New Delhi,3,24.0,Male,No,2,0,35.34107900609254,10006.648956046967
Masters,2017,New Delhi,2,,Female,No,5,0,58.832109524083656,13689.701041826913
Masters,2017,Pune,2,26.0,Male,No,4,0,34.45988183259339,18335.009162219987
Bachelors,2014,Pune,3,27.0,Male,No,5,0,42.43872371181071,13539.57476618303
Bachelors,2018,Bangalore,3,25.0,Male,No,3,1,32.56049004235932,14475.83627489876
Bachelors,2014,Bangalore,3,25.0,Female,No,3,0,59.90622755537842,12781.217706720643
Bachelors,2013,Pune,2,27.0,Female,No,5,1,45.065850309937275,5767.482596682139
Bachelors,2015,Pune,3,26.0,Male,No,4,0,47.86155051960131,8492.878353141414
Bachelors,2017,Pune,2,24.0,Male,No,2,1,32.012294321652824,12380.025941481243
Masters,2017,New Delhi,2,26.0,Male,No,4,1,52.498814111975335,9653.529256170572
Bachelors,2013,Pune,2,25.0,Male,Yes,3,1,36.29716779286757,7726.453966417914
Masters,2017,New Delhi,2,25.0,Female,No,3,1,56.94162868322141,12561.992628776574
Bachelors,2013,Pune,3,26.0,Female,Yes,4,0,36.15418921446022,9842.146901717755
Bachelors,2014,Pune,3,28.0,Male,No,2,0,35.720631619909994,8871.614647601222
Bachelors,2016,New Delhi,3,27.0,Female,No,5,0,31.096490035442848,11959.781261605713
Bachelors,2017,New Delhi,2,28.0,Male,No,1,0,44.16200835329998,6999.263871232597
Masters,2014,New Delhi,3,27.0,Male,No,5,0,46.94523399787849,18916.18599613111
Bachelors,2014,New Delhi,3,28.0,Female,No,1,0,31.97125918285057,18015.531468788584
Bachelors,2015,Bangalore,3,27.0,Male,No,5,1,53.26582850085032,15614.30878610803
Bachelors,2015,Bangalore,3,24.0,Male,No,2,1,43.59866504244083,6593.207413826844
Bachelors,2018,Bangalore,3,24.0,Male,No,2,1,45.7317080798274,16638.158817045398
Bachelors,2013,Pune,3,26.0,Male,No,4,0,43.222882408146845,17119.359921635285
Bachelors,2012,Bangalore,3,28.0,Female,No,2,0,42.02289182625978,16516.469265715066
Masters,2017,Pune,2,26.0,Male,No,4,0,46.78920993924653,6709.488306788618
Masters,2017,New Delhi,2,25.0,Male,No,3,1,34.657207377921374,14658.61935601647
Bachelors,2016,New Delhi,3,27.0,Female,No,5,0,35.45784391485813,17514.871936240976
Bachelors,2012,Bangalore,3,26.0,Male,No,4,0,55.85356863040552,13660.301018295017
Bachelors,2015,Pune,3,25.0,Male,No,3,0,58.38346386400898,14696.110628421335
Bachelors,2012,New Delhi,3,26.0,Female,Yes,4,0,41.19927948839259,11875.452191394594
Masters,2014,Bangalore,3,,Male,No,5,1,38.12234019430662,12930.60979826079
Masters,2017,New Delhi,2,26.0,Male,No,4,0,49.31998629717047,5515.652875275879
Masters,2012,New Delhi,3,26.0,Male,No,4,1,42.262025132942895,14584.445329599268
Bachelors,2015,Pune,2,26.0,Female,No,4,1,30.761590669810346,6221.708193367388
Masters,2014,New Delhi,3,25.0,Male,No,3,0,34.68457792098571,11525.21891510335
Bachelors,2015,Bangalore,3,28.0,Male,Yes,2,0,51.47916686542193,9389.826465011118
Masters,2012,Pune,3,,Male,No,5,1,49.76771825730454,13181.419253175696
Bachelors,2017,Bangalore,2,27.0,Male,No,5,0,30.812879775104506,7001.245032848106
Bachelors,2016,Bangalore,3,24.0,Male,No,2,0,36.659164857988486,15374.651029599772
Bachelors,2017,Bangalore,3,27.0,Male,No,5,0,36.93224389764214,16925.173053927057
Bachelors,2014,Bangalore,3,26.0,Male,No,4,1,50.15678230796185,7450.316746147348
Bachelors,2017,Bangalore,3,24.0,Female,No,2,0,30.591316132630926,6564.696310278232
Bachelors,2017,Bangalore,3,28.0,Male,No,1,0,33.123257459537214,7182.732241810387
Bachelors,2014,Bangalore,3,26.0,Male,No,4,1,53.99748256119568,18156.91342847753
Bachelors,2018,Bangalore,3,28.0,Female,No,3,1,35.356339861630005,12922.838926345343
Bachelors,2014,New Delhi,3,24.0,Female,No,2,0,49.582383235556236,12008.91494011254
Bachelors,2017,Bangalore,1,27.0,Male,No,5,0,37.14548343140179,6600.677286535314
Bachelors,2015,New Delhi,3,24.0,Female,No,2,0,32.983241782780354,14743.340101354426
Bachelors,2017,Bangalore,3,27.0,Male,No,5,0,37.29516572998362,18019.99387842635
Bachelors,2017,Pune,3,28.0,Male,No,3,0,51.66800795566978,17422.788039851795
Bachelors,2014,Bangalore,3,25.0,Male,No,3,0,55.67089404318857,14390.82063471202
Bachelors,2017,Bangalore,3,25.0,Female,No,3,0,54.90659593700975,6129.180749775104
Bachelors,2018,Bangalore,3,25.0,Male,No,3,1,41.915505888553646,6685.955407640195
Bachelors,2013,Bangalore,3,28.0,Female,No,3,0,50.042554097119385,5739.63480664737
Bachelors,2017,New Delhi,3,27.0,Male,No,5,0,36.149528862474625,8862.18824738704
Bachelors,2013,Bangalore,3,,Male,No,5,0,38.7944319078304,7034.922007405667
Masters,2017,New Delhi,2,26.0,Female,No,4,1,56.89007455563359,8900.720603786509
Bachelors,2014,Bangalore,3,24.0,Male,No,2,0,30.390057705322082,10775.870835784426
Bachelors,2017,Pune,3,27.0,Male,No,5,0,32.56525592563404,19144.741761067035
Bachelors,2012,Pune,3,27.0,Male,No,5,0,36.23658765438082,14155.640896725381
Bachelors,2017,Pune,3,24.0,Male,No,2,0,30.79596611621459,17524.606785244432
Bachelors,2014,Bangalore,3,25.0,Male,No,3,0,35.443063052693915,15655.272510684983
Bachelors,2014,Bangalore,3,28.0,Male,No,3,0,47.49124682909077,6687.546957899476
Bachelors,2018,Bangalore,3,26.0,Male,No,4,1,42.642736517774935,16038.806095609232
Masters,2017,Bangalore,3,28.0,Male,No,1,1,56.780151332309245,9126.483223386866
Bachelors,2018,Bangalore,3,27.0,Male,Yes,5,1,54.523306852153226,14586.617704920594
Bachelors,2017,Bangalore,3,28.0,Male,Yes,1,0,40.25452055093628,10114.429604644829
Bachelors,2016,Bangalore,3,25.0,Male,No,3,0,37.782703002938774,19965.08394896989
Bachelors,2013,Pune,3,24.0,Female,No,2,0,41.390772245018006,8953.272192451666
Bachelors,2018,New Delhi,3,25.0,Female,No,3,1,47.70884827544423,9186.957061614045
Bachelors,2014,Bangalore,3,24.0,Female,No,2,0,38.041909224686286,18960.083833435972
Bachelors,2012,Bangalore,3,26.0,Male,No,4,0,48.72446723547402,5369.66606954484
Masters,2013,New Delhi,1,24.0,Female,No,2,0,42.28234956573721,15450.334818097954
Masters,2013,New Delhi,1,24.0,Male,Yes,2,1,46.5614154255594,15879.895861038172
Bachelors,2014,Bangalore,3,26.0,Male,No,4,0,43.083795874059504,17545.678661155987
Bachelors,2017,Bangalore,3,27.0,Male,No,5,0,38.83397278625753,19616.58965957713
Bachelors,2017,New Delhi,2,25.0,Male,No,3,0,58.4535992088647,19634.028787349787
Bachelors,2015,Bangalore,3,28.0,Female,No,1,0,52.908173824792826,5979.151363496959
Bachelors,2014,Bangalore,3,24.0,Male,No,2,0,34.203395272993575,17327.589841293535
PHD,2018,New Delhi,3,24.0,Female,No,2,1,56.05403927693739,14694.64900486072
Bachelors,2015,Pune,3,28.0,Male,No,1,0,44.62293594748541,14710.132015596368
Bachelors,2015,Bangalore,3,26.0,Male,No,4,0,56.836566806822745,6925.248899220422
PHD,2015,Pune,2,28.0,Female,No,1,0,53.995657678419455,14752.8074966848
Bachelors,2018,Bangalore,3,25.0,Male,Yes,3,1,42.756405134077,19737.23870901872
Bachelors,2016,Bangalore,3,26.0,Male,No,4,0,30.674079249603523,18677.278543091707
Bachelors,2015,Bangalore,3,27.0,Female,No,5,1,38.060320781548384,11586.959912072758
Bachelors,2017,Pune,3,24.0,Male,No,2,0,46.24902643982601,5599.219599291415
Bachelors,2014,Bangalore,3,27.0,Male,No,5,0,49.00434659478442,10434.402350003073
Masters,2012,New Delhi,3,28.0,Male,No,2,0,37.73663056299607,17395.854674008326
Bachelors,2012,Bangalore,3,28.0,Male,No,3,0,34.18068222218472,15522.486521977491
Bachelors,2012,Pune,2,,Female,No,5,1,55.04790710397897,11890.154833909346
Bachelors,2012,New Delhi,2,27.0,Female,No,5,1,59.532065421106566,5826.523027382466
Masters,2012,Bangalore,3,27.0,Male,No,5,1,45.770705469080575,11403.42091734954
Bachelors,2018,Bangalore,3,25.0,Female,No,3,1,35.1503785754491,12035.374095768253
Masters,2018,Pune,3,27.0,Male,No,5,1,38.16921979558107,18928.33299341204
Masters,2017,New Delhi,2,28.0,Male,,2,0,30.551720296424,14616.291553732392
Bachelors,2013,Bangalore,3,,Male,No,5,0,57.428964196814974,9674.793749819733
Masters,2017,Bangalore,2,28.0,Male,Yes,2,1,33.532532486704234,12879.773966760822
Bachelors,2017,Pune,3,27.0,Male,No,5,0,47.29549426542761,5990.8296173324015
Bachelors,2017,Pune,3,28.0,Female,No,1,0,38.22165662061618,19588.523534746055
Bachelors,2016,Bangalore,3,28.0,Male,No,3,0,46.6253400754738,10400.89852896089
Bachelors,2014,New Delhi,3,26.0,Female,No,4,0,49.542611650555926,12168.010323697037
Bachelors,2018,Bangalore,3,25.0,Male,No,3,1,54.89225411121605,10329.259613553839
Bachelors,2017,New Delhi,3,26.0,Female,No,4,0,36.1926381528181,15237.675951743002
Bachelors,2015,Pune,2,26.0,Female,No,4,1,30.329874859754415,14933.482374943895
Bachelors,2017,New Delhi,3,26.0,Male,No,4,0,34.10656890206422,15729.834657937035
Bachelors,2012,Bangalore,3,25.0,Female,Yes,3,0,57.00055925544315,9022.148444178812
Bachelors,2017,Bangalore,3,25.0,Male,Yes,3,0,56.216702326875456,9735.027217460989
Bachelors,2013,Bangalore,3,,Female,No,1,1,47.92239306510925,6878.768466443119
Bachelors,2013,Pune,3,24.0,Female,No,2,1,48.0155058130096,14832.649577691689
Bachelors,2014,Bangalore,3,25.0,Male,No,3,0,49.95110023638766,5596.956910034788
Masters,2017,New Delhi,3,25.0,Male,No,3,1,35.26113835870349,13965.235032851886
Bachelors,2015,Pune,2,27.0,Female,No,5,1,57.4323583777488,18045.438272774507
Masters,2017,Pune,2,28.0,Male,No,3,0,42.56311574676219,18362.4822243445
Masters,2017,New Delhi,3,26.0,Male,No,4,0,41.494155847484926,11735.566405549425
Masters,2017,Pune,2,24.0,Female,No,2,0,45.567531158485124,11889.555323196106
Masters,2015,Pune,1,26.0,Female,No,4,0,31.408979003251652,6154.53774512026
Masters,2013,Pune,3,26.0,Male,No,4,0,34.98850106268238,15061.475381645536
Bachelors,2015,Bangalore,3,26.0,Male,No,4,0,52.141008492791116,17318.891305592682
Bachelors,2017,Pune,3,24.0,Male,No,2,0,32.483960037753796,8669.825819070695
PHD,2016,Bangalore,3,27.0,Male,No,5,0,48.09456328399165,11319.51322450047
Bachelors,2018,Bangalore,3,24.0,Male,No,2,1,37.36047329043963,17582.590051479056
Bachelors,2014,Pune,3,25.0,Male,No,3,0,41.678868421259295,18156.80701493432
Bachelors,2012,Bangalore,3,,Male,No,4,0,38.660812103120996,8647.69970396339
Bachelors,2017,Bangalore,3,28.0,Male,No,3,0,40.670181493948476,13258.559518120464
Bachelors,2014,Pune,3,25.0,Male,No,3,0,51.571377155527365,7887.397259537405
Masters,2018,New Delhi,3,25.0,Female,No,3,1,38.91365146869525,6528.181462093348
Bachelors,2013,Pune,2,25.0,Female,No,3,1,46.99213920890692,18666.807520879363
PHD,2013,New Delhi,3,,Male,No,4,0,44.28151206597299,17307.612563481638
Bachelors,2015,New Delhi,3,28.0,Female,,3,0,49.91013496087945,16400.523527047608
Bachelors,2017,Bangalore,3,24.0,Male,No,2,0,58.10489217974274,5731.494782197106
Masters,2018,New Delhi,1,26.0,Female,No,4,1,51.977162916307506,17655.93189065386
Bachelors,2013,Pune,2,24.0,Female,No,2,1,36.448211357722705,11570.661138580756
Bachelors,2018,Bangalore,3,24.0,Male,No,2,1,30.93549405183854,10135.926849437896
PHD,2016,Pune,1,25.0,Female,No,3,1,37.867921328994754,13197.145415380646
Bachelors,2014,Pune,3,26.0,Male,No,4,1,47.852337921007646,6370.298640853338
Masters,2015,Pune,1,27.0,Female,No,5,0,31.54277440452751,16349.698240285983
Bachelors,2013,Pune,3,28.0,Female,No,2,1,44.89098741603709,13736.526153324437
Bachelors,2016,Bangalore,1,27.0,Female,No,5,0,47.90528546750667,7798.851453097513
Bachelors,2014,New Delhi,3,24.0,Male,,2,0,40.02731672450882,7823.482996535684
Bachelors,2016,Bangalore,3,26.0,Male,Yes,4,0,53.12736611237466,7763.729773590114
Bachelors,2015,Pune,3,25.0,Female,No,3,1,33.19794759401316,5855.03581327901
Bachelors,2013,Bangalore,3,24.0,Male,No,2,0,32.254133452074264,13816.976740575272
Bachelors,2015,Bangalore,3,25.0,Female,No,3,0,51.8456626861081,17605.222663827622
Bachelors,2015,Bangalore,3,26.0,Male,No,4,0,44.864739486185954,5262.473209810829
Bachelors,2016,Bangalore,3,26.0,Male,No,4,0,50.65207189283208,5735.069674569103
Bachelors,2013,Pune,3,26.0,Male,No,4,0,43.04482015811239,13591.554150304188
Masters,2016,Bangalore,3,26.0,Female,No,4,1,37.3920609971732,17292.435280790785
Bachelors,2018,Bangalore,3,27.0,Female,No,5,1,54.57306953022599,9901.083358529504
Bachelors,2017,Bangalore,3,24.0,Female,No,2,0,53.982476369069374,10244.215982115831
Bachelors,2014,New Delhi,3,24.0,Female,No,2,0,50.8408941256328,13945.197462451639
Bachelors,2013,Pune,3,26.0,Male,Yes,4,0,38.16435411689888,9113.193336862205
Bachelors,2014,Bangalore,3,26.0,Male,No,4,0,47.706920006072615,5399.125491165262
Bachelors,2014,Bangalore,3,24.0,Male,No,2,0,40.829216908200806,16028.42777152394
Bachelors,2012,Bangalore,3,26.0,Male,No,4,0,32.747462199799024,14384.748694121796
Bachelors,2014,Pune,2,26.0,Female,No,4,1,57.51940726386728,13711.339985834888
Bachelors,2016,New Delhi,3,28.0,Female,No,5,0,34.104558927568846,16125.261934877346
Bachelors,2015,Bangalore,3,28.0,Male,No,5,0,58.50712061462407,15128.462563430563
Bachelors,2012,Pune,2,26.0,Female,No,4,1,43.380173188738674,8088.229822674817
Bachelors,2013,New Delhi,3,26.0,Female,No,4,0,35.55398786515859,10287.215704150267
Bachelors,2013,Pune,3,24.0,Male,No,2,0,46.25702842135074,6891.652125179375
Masters,2017,New Delhi,3,28.0,Female,No,3,0,56.188375076292246,6947.855201268216
Bachelors,2012,New Delhi,3,27.0,Female,No,5,0,51.96674659228684,15142.93619534809
Bachelors,2017,Bangalore,3,25.0,Male,No,3,0,54.19683443584349,17879.001604737474
Bachelors,2012,New Delhi,3,24.0,Female,No,2,1,49.76350100132152,19440.988757917083
Masters,2015,Pune,1,24.0,Male,No,2,0,50.768296935535574,14425.206763241666
Masters,2013,New Delhi,3,27.0,Male,No,5,1,55.47586954695958,7761.519850414355
Bachelors,2017,New Delhi,3,24.0,Female,No,2,1,37.490040265775576,6584.755181733961
Bachelors,2014,Bangalore,3,28.0,Male,No,1,1,44.68274890929422,17192.76457305137
Bachelors,2015,Bangalore,3,28.0,Female,No,1,0,36.636283254588065,13681.347145399988
Masters,2013,New Delhi,3,27.0,Male,No,5,0,59.630040239899415,14274.275315205798
Bachelors,2014,Bangalore,3,26.0,Male,No,4,0,58.321780190598396,16721.931331320637
Bachelors,2017,Bangalore,3,25.0,Male,No,3,0,31.182804341055178,15549.158415986774
Masters,2015,New Delhi,3,24.0,Male,No,2,1,51.16725517547066,17516.87379284145
Bachelors,2014,Bangalore,3,25.0,Male,No,3,0,57.757449522469976,5843.208581898177
Bachelors,2014,Bangalore,3,25.0,Female,No,3,0,35.417260353820005,16212.809551197572
Bachelors,2017,Bangalore,1,24.0,Male,No,2,0,47.038356916578884,17762.791359831434
Bachelors,2014,New Delhi,3,27.0,Female,No,5,1,57.46464892764126,9292.025636874714
Bachelors,2013,Bangalore,3,27.0,Female,No,5,0,31.018379357573966,14606.709109898793
Bachelors,2012,Bangalore,3,28.0,Female,No,2,0,50.922608017405196,9712.430957554581
Bachelors,2015,Bangalore,3,27.0,Male,No,5,0,38.92047022117652,19369.56599723681
Bachelors,2012,Bangalore,3,26.0,Male,No,4,0,57.73188586129591,5501.353586532557
Bachelors,2013,Pune,1,27.0,Female,No,5,1,59.131747354961036,13696.892657494325
Bachelors,2014,New Delhi,3,27.0,Female,Yes,5,0,58.32799467340302,7497.553205742726
Bachelors,2014,Bangalore,3,28.0,Male,No,4,0,44.226426499723914,15683.30307765738
Bachelors,2014,Bangalore,3,27.0,Male,No,5,1,55.86127952967941,7638.354251279931
Bachelors,2014,Bangalore,3,28.0,Female,No,1,0,55.33648195605211,8530.748928475363
Masters,2018,New Delhi,3,25.0,Female,No,3,1,39.57301419729767,12415.562165686371
Bachelors,2017,Bangalore,3,27.0,Male,No,5,0,54.86746422452032,18722.52424995317
Bachelors,2015,Bangalore,3,24.0,Male,Yes,2,1,31.110229041464777,8175.715582219563
Masters,2017,Pune,2,25.0,Female,No,3,1,47.888096354461595,7163.6003167715535
Bachelors,2017,New Delhi,2,27.0,Female,No,5,0,36.90026511863109,16384.652477810458
Bachelors,2016,Bangalore,3,28.0,Male,No,3,1,33.61700657331836,12509.292985008964
Bachelors,2015,Pune,2,,Female,Yes,3,1,32.308596048876275,18676.77668572657
Masters,2017,New Delhi,3,24.0,Male,No,2,0,50.88866327634419,7199.2183573976345
Bachelors,2015,Bangalore,3,28.0,Male,No,4,0,40.196248913041984,14688.91839534559
Masters,2014,Pune,3,26.0,Male,No,4,1,51.74300314586284,8493.187192277226
Bachelors,2013,Pune,3,26.0,Male,No,4,0,31.96069022396827,7351.40642977459
Bachelors,2016,Bangalore,3,26.0,Male,No,4,0,39.458710134918306,15251.441227359057
Bachelors,2013,Bangalore,3,26.0,Male,No,4,0,46.184738771260115,13905.269298630998
Masters,2013,New Delhi,1,,Female,No,2,1,53.721694945168906,16322.41187543497
Bachelors,2014,Bangalore,3,25.0,Male,No,3,0,39.562575087962095,9641.938646692735
Bachelors,2018,Bangalore,3,27.0,Male,No,5,1,48.77674129311028,11719.574845732848
Bachelors,2013,Bangalore,3,28.0,Male,No,1,0,56.57933244708562,11082.075144956278
Bachelors,2016,Pune,2,28.0,Female,No,4,1,48.47589564546914,19761.341959497713
Bachelors,2012,Bangalore,3,28.0,Male,No,1,0,36.988784242609015,9383.734351090818
Bachelors,2017,New Delhi,3,,Female,No,3,0,30.73202344669614,9422.258575201504
Bachelors,2018,Bangalore,3,25.0,Male,Yes,3,1,56.1029662170279,10318.22313242911
Bachelors,2012,Pune,1,27.0,Female,No,5,1,30.638082325511615,13468.911219354823
Masters,2017,New Delhi,3,24.0,Male,No,2,0,56.24105018052598,8784.841163956178
Bachelors,2014,Bangalore,3,24.0,Male,No,2,0,45.868114020816364,18729.349105689107
Bachelors,2014,Pune,3,26.0,Male,No,4,0,58.17203095538689,8985.283472993953
Bachelors,2013,Bangalore,3,25.0,Female,No,3,1,53.963497073209965,18437.23597340292
Bachelors,2017,Bangalore,3,28.0,Male,No,2,0,59.93802331600013,6552.125954698769
Bachelors,2015,Pune,3,25.0,Female,No,3,1,40.521354463551305,14848.440535994785
Bachelors,2017,Bangalore,3,,Male,No,2,0,53.0156486679338,18604.78277657366
Bachelors,2018,Bangalore,3,24.0,Male,Yes,2,1,42.057927408277266,7531.241575973443
Bachelors,2016,Bangalore,3,28.0,Male,Yes,4,0,44.396268609117264,19524.904401488828
Bachelors,2014,Bangalore,3,26.0,Female,No,4,0,48.8251638965511,11793.250406232675
Bachelors,2017,Bangalore,3,28.0,Male,No,1,0,56.21031342559016,19185.726626615367
Bachelors,2012,Bangalore,3,27.0,Male,No,5,0,59.52250407597886,15152.300654450704
Bachelors,2016,New Delhi,3,26.0,Male,No,4,0,53.04820241593555,9523.803048103273
Bachelors,2014,Bangalore,3,27.0,Female,No,5,0,42.533003465020016,7824.537873756596
Bachelors,2014,Bangalore,3,27.0,Female,Yes,5,1,42.6407100683121,9556.02569337649
Bachelors,2013,Bangalore,3,26.0,Male,No,4,0,52.12746904766674,6395.2611389401245
PHD,2015,New Delhi,2,24.0,Female,No,2,0,37.16331437304907,7158.019495149947
Bachelors,2018,Bangalore,3,26.0,Male,No,4,1,33.31422339394184,6569.906605197217
Bachelors,2017,New Delhi,2,24.0,Female,,2,0,40.638664729223294,11344.153156123366
PHD,2015,Pune,1,25.0,Female,No,3,1,38.61716974962245,16933.675643863797
Bachelors,2017,New Delhi,3,24.0,Male,No,2,0,38.8892436136797,7120.753313245103
Bachelors,2013,Bangalore,3,25.0,Female,No,3,0,37.0082325314973,6954.806497585038
Bachelors,2014,Bangalore,3,24.0,Male,Yes,2,0,31.262795689090858,14651.434242759962
Masters,2018,New Delhi,3,26.0,Male,Yes,4,1,30.536218042002414,7957.744729520994
Bachelors,2015,Bangalore,2,25.0,Female,No,3,1,59.63167169208094,6464.150571634874
Bachelors,2012,Bangalore,3,25.0,Male,No,3,0,42.83319401207587,7502.728673083664
Masters,2012,New Delhi,3,28.0,Male,Yes,2,0,41.529799414790446,18855.970938151644
Bachelors,2015,Bangalore,3,24.0,Female,No,2,0,50.389418480792095,17322.06879164286
Bachelors,2012,Bangalore,3,24.0,Male,No,2,0,36.547616635951925,10310.968435326411
PHD,2018,New Delhi,3,27.0,Female,No,5,1,58.49883551850676,14837.311509910893
Bachelors,2014,Bangalore,3,25.0,Male,No,3,0,53.590350432466565,13059.13510502057
Bachelors,2012,Bangalore,3,25.0,Male,No,3,0,32.68233006936779,15156.863952238458
Bachelors,2012,Bangalore,3,28.0,Male,No,5,0,42.52742327354785,15240.06728694139
Bachelors,2017,New Delhi,2,26.0,Female,No,4,0,56.37354922686494,14431.010225899894
Bachelors,2013,Bangalore,3,25.0,Male,No,3,0,58.34196066874231,8991.52052805963
Masters,2018,Pune,3,24.0,Male,No,2,1,44.022045337496095,5585.096311442272
Bachelors,2016,Bangalore,3,26.0,Male,No,4,0,48.40234167632123,11833.501729851632
Bachelors,2013,Bangalore,3,26.0,Male,No,4,0,35.01101838276226,18364.608270360557
Bachelors,2016,New Delhi,3,28.0,Female,No,2,0,59.7350587841093,13542.45887777864
Masters,2017,New Delhi,2,27.0,Male,Yes,5,1,36.950151041503304,17485.86562552862
Bachelors,2018,Pune,2,27.0,Female,No,5,1,58.281953224053765,19874.36514441842
Masters,2014,New Delhi,3,28.0,Female,No,4,0,49.48939946977106,7454.243062074143
Masters,2017,New Delhi,3,25.0,Female,No,3,0,48.232103846365774,15376.664587129735
Masters,2017,Bangalore,3,26.0,Female,No,4,0,45.38065533049526,15114.403605500369
Bachelors,2015,Pune,2,,Female,No,5,1,36.92009435153276,19699.33171037418
Bachelors,2013,New Delhi,3,27.0,Female,No,5,0,35.29584096016525,19784.011009292008
Masters,2017,New Delhi,1,26.0,Female,No,4,0,36.61458627210526,15300.179175861942
Bachelors,2013,New Delhi,3,27.0,Female,No,5,0,35.593147864327634,8654.221879732915
Bachelors,2012,New Delhi,3,28.0,Male,No,3,0,53.3875342070026,16978.337571958986
Masters,2017,Pune,2,27.0,Male,No,5,1,40.5037577750019,6605.437013165571
Bachelors,2017,New Delhi,3,26.0,Female,No,4,0,31.73528029690189,16710.489562574432
Bachelors,2013,Bangalore,3,28.0,Female,No,4,1,59.07307890422434,18652.941862170446
Masters,2012,New Delhi,3,27.0,Male,Yes,5,1,56.51357654890277,10742.500921526529
Bachelors,2017,Pune,2,24.0,Male,,2,0,57.83256849585639,14459.529424746206
Masters,2017,New Delhi,3,25.0,Female,No,3,1,59.847234679393054,11452.140981452394
Bachelors,2018,Bangalore,3,25.0,Female,Yes,3,1,35.21685747658462,11566.475824821926
Bachelors,2016,Bangalore,3,28.0,Male,Yes,4,0,41.887260567079764,9655.5633366218
Masters,2017,New Delhi,3,28.0,Male,No,2,0,52.74715427112274,16431.94430675487
Bachelors,2014,Bangalore,3,24.0,Male,No,2,0,50.88061854161377,19042.64846249758
Bachelors,2016,Bangalore,3,26.0,Male,Yes,4,0,34.61687719019565,19111.262888516918
Bachelors,2014,Pune,3,24.0,Female,No,2,1,54.474993749718536,7621.7192731240075
Bachelors,2013,Pune,3,26.0,Male,No,4,0,36.73321715509982,18121.154744848493
Bachelors,2012,Bangalore,3,27.0,Male,No,5,0,36.71452844467869,16061.471621406832
Bachelors,2018,Bangalore,3,24.0,Male,No,2,1,46.10923268680241,8792.561010354339
Bachelors,2017,Bangalore,1,26.0,Female,No,4,0,47.78819804525109,6009.269193822718
Bachelors,2015,Bangalore,3,28.0,Female,No,3,0,47.402586235134336,9019.95900326567
Bachelors,2013,Bangalore,3,28.0,Male,No,3,1,32.74460512193264,18683.123551722885
Bachelors,2012,Bangalore,3,27.0,Male,Yes,5,0,56.32382587891141,14497.680123436585
Bachelors,2013,Bangalore,3,26.0,Female,No,4,0,37.96800127766118,15815.819913468078
Masters,2013,New Delhi,2,27.0,Female,No,5,1,33.88544763848412,8857.285266636438
Bachelors,2016,New Delhi,3,24.0,Female,No,2,0,56.662442396069316,15790.822333622304
Bachelors,2015,Pune,2,28.0,Female,No,2,1,58.6695449468926,5421.822594168856
Bachelors,2015,New Delhi,2,25.0,Female,No,3,1,55.86382851796352,10629.820186595207
Bachelors,2014,Pune,3,24.0,Male,No,2,0,54.285482241746344,14401.300228134969
Bachelors,2017,New Delhi,3,27.0,Female,No,5,0,49.65725941917065,7191.448483119803
Bachelors,2012,New Delhi,3,26.0,Male,No,4,0,46.52572111827418,17345.05361670402
Bachelors,2013,Bangalore,3,28.0,Male,No,0,0,32.609602797342305,8525.46948217878
Bachelors,2012,Pune,3,28.0,Male,No,5,0,42.25359639212096,14784.216692276694
Bachelors,2015,Pune,2,,Female,No,4,1,41.18065551036942,11077.957138629945
Bachelors,2016,Bangalore,1,26.0,Male,No,4,0,37.79261351280979,13940.653932164707
Masters,2017,New Delhi,2,28.0,Female,Yes,2,1,51.702603410657545,6611.758289433622
Masters,2017,New Delhi,2,25.0,Male,No,3,1,44.87627205236312,5253.69199882411
Bachelors,2017,Bangalore,3,24.0,Male,No,2,0,32.43138647722944,18643.466410704517
Bachelors,2013,Bangalore,3,28.0,Male,No,0,0,36.60549605849434,9044.450131507741
Bachelors,2014,Pune,3,27.0,Male,No,5,1,50.49776290978788,17295.155041706887
Bachelors,2016,Pune,2,26.0,Female,No,4,1,32.283925784709005,19990.254507083002
Bachelors,2018,Bangalore,3,27.0,Female,Yes,5,1,55.53620742146306,8171.468869983668
Bachelors,2012,Pune,3,28.0,Male,No,4,0,44.854395810419234,8977.561117750334
Bachelors,2013,Pune,2,26.0,Female,No,4,1,44.41759731979944,14942.896814519985
Bachelors,2014,Bangalore,3,28.0,Female,No,3,0,47.77223353978553,19481.72951900932
Masters,2017,New Delhi,2,28.0,Female,No,2,0,54.740428977754476,18737.21522286116
Bachelors,2012,New Delhi,1,27.0,Female,No,5,0,40.43427623706579,12543.132800983774
Bachelors,2017,New Delhi,2,27.0,Male,No,5,0,50.34048457677191,16926.654237900868
Bachelors,2014,Bangalore,3,24.0,Male,No,2,0,46.97195891987373,7036.187796498516
Bachelors,2013,Pune,3,27.0,Male,No,5,0,38.010848105082644,19661.572763060183
Bachelors,2015,Bangalore,3,27.0,Female,No,5,0,56.358899590654744,19465.298510539797
Bachelors,2017,Bangalore,3,27.0,Male,No,5,0,53.92278064820785,7455.934368187564
Masters,2012,New Delhi,3,24.0,Male,No,2,0,49.75355503975277,9491.346872046599
Bachelors,2013,New Delhi,2,25.0,Female,No,3,1,55.51745187282726,6502.324962601504
Bachelors,2017,Bangalore,3,25.0,Male,No,3,0,56.01882602879407,9075.763983472696
Bachelors,2018,Bangalore,3,25.0,Male,No,3,1,51.25088930145104,17239.336841228098
Masters,2013,Pune,3,25.0,Male,Yes,3,1,55.11039985091016,10674.734107478893
Bachelors,2013,Pune,3,24.0,Female,No,2,0,50.92414385007851,6325.954507201375
Bachelors,2015,Pune,3,24.0,Female,No,2,1,50.40422315280901,10133.382871683569
Bachelors,2014,Bangalore,3,24.0,Male,No,2,0,48.55834134645553,19720.750013619203
Masters,2012,New Delhi,3,26.0,Female,No,4,1,52.58149918672923,14445.253928888043
Bachelors,2015,Pune,3,25.0,Male,No,3,0,34.75815315879221,11242.414196092366
Bachelors,2017,New Delhi,2,,Female,No,4,0,56.426122775967855,7498.07770245905
Bachelors,2013,Bangalore,3,28.0,Male,No,3,0,56.15530583235696,19792.65195925542
Bachelors,2016,Pune,2,28.0,Female,No,0,1,30.877418491036774,17312.735138946933
Bachelors,2012,New Delhi,3,24.0,Male,No,2,0,54.77450251694288,9222.159536763791
Bachelors,2015,New Delhi,3,,Male,No,1,0,33.86609602420336,6051.030435817842
Bachelors,2017,Bangalore,1,24.0,Male,No,2,0,40.053565627774255,5849.383360663371
Masters,2017,Pune,2,28.0,Female,No,4,0,52.30524768874823,6805.672242583008
Bachelors,2017,Pune,3,24.0,Male,No,2,0,34.82279688144925,13711.528754216324
Bachelors,2016,Bangalore,3,27.0,Female,No,5,0,54.53901072357186,18931.451318082385
Bachelors,2015,Pune,3,28.0,Male,No,2,0,54.964025338732256,12451.151420089767
Bachelors,2016,Bangalore,3,28.0,Female,No,5,0,45.224032012825084,17644.182236842957
Bachelors,2018,Bangalore,3,25.0,Male,No,3,1,30.191576151505007,11688.299297897116
Bachelors,2015,Bangalore,3,28.0,Female,No,5,0,38.61114399524738,15628.753186517379
Bachelors,2014,Bangalore,3,27.0,Male,No,5,1,48.507807551272265,15978.091059297512
Bachelors,2013,Bangalore,3,26.0,Male,No,4,0,59.435585340822705,7609.4555885500795
Bachelors,2015,Bangalore,1,24.0,Male,No,2,0,48.95440581050005,10418.240884637176
Bachelors,2012,Bangalore,3,27.0,Female,No,5,0,37.79410743192479,14559.53234807036
Bachelors,2012,Bangalore,3,25.0,Male,No,3,1,49.02017109298834,6060.449122765493
Bachelors,2015,Pune,3,28.0,Female,No,4,1,46.19956139147567,10423.102816444349
Masters,2017,Bangalore,2,24.0,Female,Yes,2,1,53.39536185453431,13021.991994217886
Bachelors,2014,Bangalore,3,28.0,Male,No,2,0,33.20941916480875,19943.36739566958
Masters,2017,Pune,2,24.0,Female,No,2,1,52.83083707506084,12118.003439336611
Bachelors,2014,New Delhi,3,26.0,Female,No,4,1,46.23799736028331,17240.851356714855
Bachelors,2015,Pune,2,28.0,Female,No,3,1,58.88976011576984,11481.009275999266
Masters,2013,Pune,2,28.0,Male,No,5,1,40.25616498116058,16945.860839295634
Bachelors,2013,New Delhi,1,28.0,Female,No,5,1,48.97865679401845,13931.222024301625
Bachelors,2015,Pune,2,26.0,Female,Yes,4,1,57.960843165300524,18298.931622535973
Masters,2015,New Delhi,3,28.0,Male,No,2,0,33.07529183972038,11164.138285251647
Bachelors,2013,Bangalore,3,27.0,Male,No,5,0,58.11685461709354,14064.566297322182
Bachelors,2018,Bangalore,3,28.0,Male,No,2,1,50.636571669024406,14450.280209282411
Bachelors,2012,Pune,3,,Male,No,2,0,32.03511177315516,11260.7441270071
Bachelors,2014,Pune,3,27.0,Female,No,5,1,39.02890700840449,7164.680655312222
Masters,2018,New Delhi,3,,Male,No,2,1,51.24516265935845,6403.391103685033
Bachelors,2018,Bangalore,3,25.0,Male,Yes,3,1,32.02051804406315,5250.073258994496
Bachelors,2017,New Delhi,2,25.0,Male,No,3,0,47.4651138052882,18103.01396367822
Bachelors,2014,Pune,3,24.0,Female,No,2,1,40.3764917085887,8547.12368358042
Bachelors,2012,New Delhi,3,26.0,Female,No,4,0,48.62746553302431,8172.60123922652
Bachelors,2014,Pune,3,26.0,Male,No,4,0,31.372261014375386,16040.531006390982
Bachelors,2014,Bangalore,3,28.0,Male,No,4,0,56.146104184571286,9800.241696310877
Bachelors,2018,Bangalore,3,26.0,Male,Yes,4,1,59.2046690753219,12590.67038617755
Bachelors,2013,Pune,2,26.0,Male,No,4,0,59.06633565857074,7437.6659794618445
Bachelors,2013,Pune,2,25.0,Female,No,3,1,52.48955495228774,19396.18582192954
Bachelors,2018,Pune,3,25.0,Male,Yes,3,1,33.90258720391896,17773.72100025856
Bachelors,2013,Bangalore,3,25.0,Female,No,3,0,52.747895877870675,17956.84434447505
Bachelors,2014,Bangalore,3,28.0,Male,No,4,0,30.737607493764045,11101.606228580078
Masters,2017,New Delhi,3,24.0,Female,No,2,0,30.663706545869918,16435.41820560759
Masters,2017,Pune,2,27.0,Female,No,5,0,39.70830657448624,7158.142330846702
Bachelors,2012,Bangalore,3,24.0,Male,No,2,0,44.65929571213997,5129.285038876704
Bachelors,2017,Pune,3,27.0,Female,No,5,1,53.112222534233794,5299.593988670422
Masters,2017,New Delhi,2,28.0,Male,No,4,0,50.49886129819515,13799.026061068407
Bachelors,2017,New Delhi,2,25.0,Male,No,3,0,43.37708119130245,11830.923578719112
Bachelors,2017,Pune,3,25.0,Male,Yes,3,1,38.208799988449975,12770.230233627797
Masters,2017,Pune,2,24.0,Female,No,2,1,59.913735004731336,5111.947106258291
Bachelors,2013,Pune,3,,Male,Yes,5,1,42.78543906707919,11340.299294861386
Bachelors,2016,Bangalore,3,26.0,Female,No,4,1,43.541610729890266,15771.022418012912
Bachelors,2015,Pune,2,27.0,Female,No,5,1,34.90871463575007,11640.405529511538
Bachelors,2014,Bangalore,3,27.0,Male,No,5,1,53.84428646249788,15983.288094683334
Bachelors,2012,Bangalore,3,26.0,Male,No,4,0,50.81046677344466,8495.284465952522
Bachelors,2016,Pune,2,27.0,Female,No,5,1,36.62308838366281,17197.13006722588
Masters,2017,Bangalore,2,28.0,Male,No,2,0,32.47143136847528,13826.468606801784
Masters,2017,New Delhi,3,24.0,Female,No,2,1,50.41497906224139,8161.446491448593
Bachelors,2017,Pune,3,24.0,Male,No,2,0,49.63533642843406,8550.807137807495
Bachelors,2018,Bangalore,3,24.0,Male,No,2,1,38.19778580994628,14420.456968543056
Masters,2017,New Delhi,2,28.0,Male,No,3,0,58.52590686751231,17449.09389818665
Bachelors,2015,Bangalore,3,26.0,Female,Yes,4,0,34.531736753427005,11234.416730437328
Bachelors,2018,Pune,3,26.0,Female,No,4,1,42.97004403127806,8874.506436913884
Bachelors,2013,Bangalore,3,25.0,Male,Yes,3,0,58.30847760502797,18005.174103659007
Bachelors,2016,Bangalore,3,26.0,Male,,4,0,42.59181950778367,15039.024376262523
Masters,2018,Pune,3,28.0,Male,No,2,1,49.15577842992256,11721.282309246148
Bachelors,2016,Bangalore,3,26.0,Male,No,4,0,41.92783193888383,12318.502929189528
Bachelors,2017,Bangalore,3,27.0,Male,No,5,0,38.2264560704601,8063.847019045947
Bachelors,2012,Bangalore,3,27.0,Female,No,5,0,59.51932943879485,14402.03945097266
PHD,2016,New Delhi,3,27.0,Male,No,5,0,42.28002018945129,10381.137658143329
Bachelors,2017,New Delhi,2,25.0,Male,No,3,0,56.82297611037403,19934.677650115238
Bachelors,2015,New Delhi,3,28.0,Female,No,2,0,36.89863817673259,12202.752728928317
Bachelors,2013,Pune,2,26.0,Female,No,4,1,36.3931411207525,12288.284092844198
Bachelors,2017,Bangalore,3,27.0,Female,No,5,0,30.93402248653534,13487.776811160078
Bachelors,2015,Pune,2,24.0,Female,No,2,1,49.550004761276554,18751.340046781203
Bachelors,2017,Bangalore,3,27.0,Female,No,5,0,41.05579031171283,17012.271497896254
Bachelors,2016,Bangalore,3,25.0,Male,No,3,1,55.93074749518911,11766.95104696762
Bachelors,2018,Bangalore,3,26.0,Male,No,4,1,44.19629720074671,15780.48898959194
Bachelors,2015,Bangalore,3,,Male,No,5,0,59.045802837441656,13793.532481711425
Bachelors,2014,Pune,3,24.0,Male,No,2,0,35.565765471093634,12385.505730518733
Bachelors,2012,Bangalore,3,27.0,Male,No,5,0,56.05869503866832,7884.736591765258
Bachelors,2013,Pune,3,27.0,Male,No,5,0,53.297905583752254,11959.043951823363
Bachelors,2015,Bangalore,1,25.0,Male,No,3,0,53.127655339321564,8687.27880533862
Masters,2017,New Delhi,2,25.0,Female,No,3,0,55.34349684350663,18722.632247774818
PHD,2015,Pune,3,28.0,Male,No,0,0,52.830719728289964,10031.102202445203
Bachelors,2015,Bangalore,3,28.0,Male,No,3,0,48.78660964894246,19283.960218000582
Bachelors,2016,Bangalore,3,28.0,Male,No,5,0,33.93734633047163,12995.829351420667
PHD,2013,New Delhi,3,24.0,Male,No,2,0,30.975785384737556,14473.165680142405
Bachelors,2014,Bangalore,3,26.0,Male,Yes,4,0,57.6254354344706,13144.106667339916
Bachelors,2015,Pune,2,26.0,Female,,4,1,48.499509435622144,6940.709254500513
Bachelors,2017,Bangalore,3,27.0,Male,Yes,5,0,53.89611872928529,10637.318285119114
Bachelors,2014,New Delhi,3,26.0,Male,No,4,0,44.4456705453765,6487.191684164359
Masters,2013,Bangalore,3,27.0,Male,No,5,1,33.51924566887183,14344.310662750726
Bachelors,2016,Pune,3,24.0,Male,Yes,2,0,33.755573766076516,11703.112928006583
Bachelors,2016,Bangalore,3,26.0,Male,No,4,0,50.566958616869144,16669.774573564053
Bachelors,2013,Pune,2,28.0,Female,No,2,1,42.90917684698388,8307.057214990547
Masters,2017,Bangalore,2,24.0,Male,No,2,1,36.0157418010101,7468.490876440024
Masters,2017,New Delhi,2,24.0,Male,No,2,1,44.74783640224311,11094.983464456516
Masters,2015,Pune,2,24.0,Female,No,2,1,31.92626811225402,18898.780748275716
Bachelors,2014,Pune,3,26.0,Male,No,4,0,47.45914205743196,15656.327225186176
Bachelors,2016,Pune,2,27.0,Female,No,5,1,38.06980213305293,11283.85437189378
Bachelors,2017,Bangalore,3,,Male,No,3,0,53.92677301911564,12759.082546314658
Masters,2017,New Delhi,2,26.0,Female,No,4,0,39.31085876770722,6263.195167656475
Bachelors,2016,Bangalore,1,25.0,Female,No,3,0,43.656604472454035,19768.638445641696
PHD,2014,Bangalore,1,25.0,Female,No,3,0,30.348616197243018,14996.109570423783
Bachelors,2013,Bangalore,3,25.0,Female,No,3,0,32.17340663383676,9281.061026951338
Bachelors,2014,New Delhi,3,24.0,Male,No,2,0,41.77480669220054,13787.125913228665
Bachelors,2015,Pune,2,28.0,Female,Yes,2,1,44.39816504151371,6642.2354910349095
Bachelors,2014,New Delhi,3,28.0,Male,No,5,0,48.00061644357911,19487.55003211375
Bachelors,2015,Bangalore,3,26.0,Male,No,4,0,38.7498773612791,7621.774818250489
Bachelors,2014,Bangalore,3,25.0,Male,No,3,0,50.849456583796275,14720.454770828212
Bachelors,2018,Pune,3,26.0,Male,No,4,1,55.803671915676134,8681.816938083957
Masters,2015,Pune,2,,Female,No,2,0,53.3955296668005,15763.420739728037
Masters,2013,New Delhi,3,28.0,Male,No,2,1,31.188564760450713,16652.320508604214
Bachelors,2014,Bangalore,3,25.0,Male,No,3,0,44.41520841773487,15101.29593367149
Masters,2015,New Delhi,2,26.0,Female,No,4,0,33.147905352545244,14217.491903827888
Bachelors,2016,New Delhi,3,27.0,Male,No,5,0,37.26135047587582,18387.036409280176
Bachelors,2014,Bangalore,3,24.0,Female,No,2,0,59.59987779801439,6179.400664846371
Masters,2017,Pune,3,24.0,Female,No,2,0,34.2748662870454,9963.721486702929
Bachelors,2014,Pune,3,25.0,Female,No,3,1,44.966644603540686,8724.31219446269
Bachelors,2015,Pune,3,27.0,Female,No,5,1,48.54467202954358,19820.209430981326
Bachelors,2017,New Delhi,2,28.0,Male,No,0,0,51.07394911632312,10840.846695003103
Bachelors,2017,New Delhi,3,25.0,Female,No,3,0,46.78946050460742,15989.19048860598
Bachelors,2012,Pune,3,24.0,Male,No,2,1,30.29312542257551,15270.877458215069
Masters,2016,New Delhi,3,25.0,Male,No,3,1,39.79383924731975,8181.218562160666
Bachelors,2015,Pune,2,26.0,Female,No,4,1,45.53134930154134,8584.96520317327
Masters,2014,New Delhi,3,27.0,Male,No,5,0,32.635994974345,9219.268453295512
Bachelors,2015,Bangalore,3,24.0,Female,No,2,1,40.51880793627542,11166.909173890688
Bachelors,2014,New Delhi,3,,Male,No,3,0,30.996093263740995,8514.875984757902
Bachelors,2017,Bangalore,3,24.0,Male,No,2,0,32.35735491465062,5294.772241202717
Bachelors,2017,New Delhi,3,24.0,Female,No,2,1,41.90769828604788,18190.895852107933
Bachelors,2012,Bangalore,3,28.0,Male,No,1,0,33.98147262129181,19484.147470713262
Bachelors,2014,Bangalore,1,26.0,Male,No,4,0,47.02622544784674,10123.55580547352
Bachelors,2017,Bangalore,3,28.0,Male,Yes,3,0,50.683949074117976,10077.603191382092
Bachelors,2015,Pune,1,25.0,Female,No,3,1,54.017600973272486,5106.377191615565
Bachelors,2015,Pune,2,24.0,Female,Yes,2,1,36.0045073273443,15203.76032495561
Bachelors,2017,Pune,2,26.0,Male,No,4,0,35.024477467772094,17381.598436229433
Bachelors,2015,Bangalore,3,28.0,Male,No,0,0,33.13703521003201,7199.124505400047
Bachelors,2016,Bangalore,3,28.0,Male,No,2,0,49.0929074863091,7394.995240507262
Bachelors,2013,Pune,3,28.0,Female,Yes,3,1,51.19427179460703,16851.24874957157
Bachelors,2017,Bangalore,3,27.0,Male,No,5,0,30.94758434476926,14244.36122531217
Masters,2015,New Delhi,3,25.0,Male,No,3,0,58.086367387310695,5672.908364415755
Bachelors,2012,New Delhi,3,28.0,Female,No,4,0,31.559138509544173,14338.204856934226
Bachelors,2012,Bangalore,3,26.0,Male,No,4,0,46.238890059032116,9633.765842656492
Bachelors,2012,Bangalore,3,25.0,Male,No,3,0,51.27181558352749,10530.87733206269
Masters,2017,New Delhi,3,25.0,Male,No,3,1,56.129073712382564,16545.9712744532
Bachelors,2017,Bangalore,3,25.0,Male,No,3,0,51.42260796397284,17164.027890089157
Bachelors,2012,Bangalore,3,26.0,Female,No,4,0,54.051842492093755,11005.34940259746
Bachelors,2017,Bangalore,3,26.0,Female,No,4,0,40.18350577628418,19207.294040095323
Masters,2017,New Delhi,2,25.0,Male,Yes,3,1,54.44475341239537,11096.940769281084
Bachelors,2015,Bangalore,3,25.0,Male,No,3,0,32.40344539154025,16577.54052845165
Bachelors,2013,Bangalore,3,26.0,Female,No,4,0,56.84449968181583,12258.158968463886
Bachelors,2017,Pune,3,25.0,Female,No,3,1,46.42777128461209,18462.98489783126
Bachelors,2014,New Delhi,3,28.0,Female,Yes,2,0,54.51893309887481,18616.418654752677
Bachelors,2016,Bangalore,3,27.0,Female,No,5,0,43.569548535549,6311.252118066258
Bachelors,2018,Bangalore,3,25.0,Male,No,3,1,49.30733085589575,19047.399969653387
Bachelors,2012,Bangalore,3,27.0,Female,Yes,5,0,45.792079828083395,17383.022622806235
Bachelors,2017,New Delhi,3,27.0,Female,No,5,0,51.947685652659956,16869.660714690002
Bachelors,2016,Bangalore,2,25.0,Male,No,3,1,32.44889946091769,8013.670095282836
Bachelors,2016,Bangalore,3,28.0,Female,No,4,0,31.810562519716914,17076.788131319976
Bachelors,2017,New Delhi,2,27.0,Male,No,5,0,37.41309702030439,17751.991020275553
Bachelors,2016,Bangalore,3,24.0,Female,No,2,0,34.78634040339565,9337.255016812265
Bachelors,2013,Bangalore,3,,Male,No,3,0,56.15350699776605,19283.901175434854
Bachelors,2017,New Delhi,2,25.0,Female,No,3,0,36.57641962074133,5747.9021959874635
Bachelors,2015,Pune,3,24.0,Male,No,2,0,59.27595767457394,7248.638798707095
Bachelors,2012,New Delhi,3,25.0,Female,No,3,0,40.10687375313321,13063.717070772715
PHD,2017,New Delhi,3,27.0,Female,No,5,0,35.46353747066098,13636.887066834646
Bachelors,2014,Bangalore,3,25.0,Female,No,3,1,53.690955214274375,14677.25124951355
Masters,2017,Bangalore,3,28.0,Male,No,2,0,49.761233265026284,5254.536939731997
Bachelors,2016,Pune,3,25.0,Male,No,3,0,44.94587149359417,19405.501619331953
Bachelors,2014,Bangalore,3,,Male,Yes,3,0,46.66090652812893,5668.821391012159
Bachelors,2012,New Delhi,3,27.0,Male,No,5,0,51.57605334816792,7145.929290851036
Bachelors,2012,Pune,3,25.0,Female,No,3,1,36.853642239938964,5210.217762890855
Masters,2015,New Delhi,3,27.0,Female,No,5,0,59.89001748170226,13502.87649941142
Bachelors,2014,Bangalore,3,24.0,Male,No,2,0,59.2437948644035,18984.003258814584
Bachelors,2015,Pune,2,27.0,Female,No,5,1,49.50977059040811,14989.207491206964
Bachelors,2014,Bangalore,3,25.0,Male,No,3,1,35.98627352787435,17339.862027206407
Bachelors,2015,Bangalore,3,25.0,Male,No,3,0,50.40684727293874,5199.218051878701
Bachelors,2018,New Delhi,3,26.0,Female,No,4,1,32.165952269375275,13130.229477195891
Bachelors,2017,Pune,2,26.0,Female,No,4,1,30.919575066174183,11893.444662582828
Bachelors,2014,Pune,2,24.0,Female,No,2,1,37.730486655336406,12484.519163311896
Bachelors,2013,Bangalore,3,27.0,Male,No,5,0,43.87868870217949,6083.197780027819
Bachelors,2017,New Delhi,2,27.0,Male,No,5,0,56.04817516225141,15266.530416039612
PHD,2012,New Delhi,3,28.0,Female,No,1,0,51.81507209298924,12548.306222879517
Masters,2012,New Delhi,3,26.0,Female,No,4,1,52.28119563599943,16477.23274791896
Bachelors,2014,Bangalore,3,27.0,Male,No,5,0,42.764800033442256,12279.35951092573
Bachelors,2013,Bangalore,3,28.0,Female,No,0,1,40.378049776408886,7240.724543396482
Bachelors,2014,Pune,3,26.0,Male,No,4,0,41.13116288953808,14723.85431116733
Bachelors,2016,Pune,2,24.0,Female,No,2,1,59.62948691208173,7585.795431577493
Bachelors,2015,Bangalore,1,24.0,Female,No,2,1,31.203275742374473,18085.918450322224
Bachelors,2012,Bangalore,3,26.0,Female,No,4,0,56.01094488367346,14196.743586038623
Masters,2014,Pune,3,27.0,Male,No,5,0,47.3602622571718,7358.058253354314
Masters,2017,New Delhi,2,27.0,Male,No,5,1,43.158462575687714,19435.070862218105
Masters,2017,New Delhi,1,25.0,Female,No,3,0,51.757729812454095,12775.481950029809
Masters,2012,Pune,3,28.0,Male,No,0,1,44.60006824274109,6093.476778074825
Masters,2012,New Delhi,3,28.0,Male,No,2,1,56.20269714244982,14402.493566226009
Masters,2013,New Delhi,2,24.0,Male,No,2,1,57.02105592033776,8797.983605192154
Bachelors,2015,Pune,3,25.0,Female,No,3,1,42.65162780620366,17055.40177815954
Masters,2017,New Delhi,3,28.0,Male,No,5,0,38.304833917051546,17267.33110349286
Bachelors,2013,Bangalore,3,24.0,Male,No,2,0,47.77050985780087,19684.210337819928
Masters,2015,Bangalore,3,28.0,Male,No,1,1,57.37090036850073,12528.042965367556
Bachelors,2018,Bangalore,3,,Female,Yes,5,1,36.319865670169996,11824.353195916057
Bachelors,2015,Bangalore,3,24.0,Male,No,2,1,48.688997506904485,16302.13408169721
Bachelors,2014,Pune,3,26.0,Male,No,4,0,48.94680660277562,6987.059845128899
Bachelors,2013,New Delhi,3,25.0,Female,No,3,0,51.99339067245843,13203.732706896863
Bachelors,2013,Bangalore,3,26.0,Male,No,4,0,33.9470305538178,13193.714001962764
Bachelors,2018,New Delhi,3,28.0,Female,No,0,1,51.47474894046266,6342.096842155808
Bachelors,2013,Bangalore,3,25.0,Female,No,3,0,57.270975619969235,11269.761282603704
PHD,2012,Pune,3,27.0,Male,No,5,0,35.390493266107256,17799.27197850803
Bachelors,2013,Bangalore,3,24.0,Male,No,2,0,37.12629974771633,17842.304329919905
Bachelors,2013,Bangalore,3,28.0,Female,No,3,0,59.14185282124919,6488.564973795215
Bachelors,2015,Pune,3,,Male,No,2,0,35.429308581284694,6360.813241217463
Bachelors,2013,Pune,3,27.0,Male,No,5,0,55.63155280108737,8940.43215502903
Bachelors,2012,New Delhi,3,27.0,Male,No,5,0,44.768335693441045,18121.4909383099
Bachelors,2018,Bangalore,3,26.0,Female,Yes,4,1,37.41693223209531,6933.538776102484
Bachelors,2013,Bangalore,3,26.0,Male,No,4,0,56.12249703817534,15799.952039411693
Bachelors,2015,Pune,2,24.0,Female,No,2,1,43.359157650079965,6517.484294196548
Bachelors,2016,Bangalore,3,24.0,Male,No,2,0,45.4445206178907,14347.067806217381
PHD,2018,Bangalore,3,27.0,Female,No,5,1,40.77700108199297,10341.009486787172
Bachelors,2015,Bangalore,3,26.0,Male,No,4,0,47.788525543047825,16833.709444488006
Bachelors,2015,New Delhi,1,26.0,Female,No,4,1,34.90571617755069,8505.356732380455
Bachelors,2015,Pune,2,24.0,Female,No,2,1,41.73244609955282,14588.027440849397
Bachelors,2013,Pune,3,27.0,Male,No,5,0,59.082369670058625,8535.238018638274
PHD,2016,New Delhi,3,24.0,Female,No,2,0,37.74400298103383,15704.904246682307
Bachelors,2013,Bangalore,3,26.0,Male,No,4,0,49.70209993623877,18105.170518411232
Bachelors,2015,Bangalore,3,28.0,Male,No,5,0,39.75570192674085,6902.026986901401
Bachelors,2015,Bangalore,3,26.0,Female,No,4,0,53.204193770598025,17998.93532893255
Bachelors,2016,Bangalore,3,27.0,Female,No,5,0,33.92620982155049,13903.628816214468
Bachelors,2017,Pune,3,25.0,Female,No,3,1,59.094631352356345,6906.65736300536
Masters,2017,New Delhi,2,26.0,Male,No,4,1,43.61368624150918,11413.12783039568
Bachelors,2012,Bangalore,3,27.0,Male,No,5,0,37.081513900393915,7412.904402276468
Bachelors,2014,Bangalore,3,26.0,Female,No,4,1,32.20490241990038,15505.218332998542
Bachelors,2015,Pune,2,,Female,No,3,1,35.09273715262622,16383.022016269244
Bachelors,2013,Bangalore,3,26.0,Male,No,4,0,45.59321845668053,6586.947804091984
Bachelors,2017,Pune,2,28.0,Male,No,1,1,40.11009529293859,12592.097790419666
Bachelors,2014,Bangalore,3,25.0,Male,No,3,0,54.866500976478285,17219.375840388755
Bachelors,2013,Bangalore,3,27.0,Male,No,5,0,42.92662570985418,19042.445623264946
PHD,2013,Bangalore,3,26.0,Male,No,4,0,37.461428177628896,12702.768001126551
Bachelors,2013,New Delhi,3,25.0,Female,Yes,3,1,48.5143495981209,19254.188354171107
Bachelors,2017,Bangalore,1,28.0,Female,No,3,0,51.203316506563375,13035.334556840447
Bachelors,2014,Bangalore,3,26.0,Male,No,4,0,35.011257237028495,10912.85741899862
Bachelors,2015,New Delhi,3,27.0,Male,No,5,0,35.02857648864953,17723.046928293432
Masters,2013,Pune,2,28.0,Male,No,2,1,31.10014280800629,12394.740656871336
Bachelors,2013,New Delhi,3,25.0,Female,Yes,3,1,52.09206045196922,12078.537658467845
Masters,2017,New Delhi,2,26.0,Male,No,4,0,49.91413582865415,12354.687341147424
Masters,2016,New Delhi,3,25.0,Male,No,3,0,44.23892627249442,17701.77502804618
Bachelors,2017,Bangalore,3,28.0,Female,Yes,5,0,55.325113469075916,17479.12312532078
Masters,2017,New Delhi,2,28.0,Female,No,2,0,54.170104588501594,11052.799886603167
Bachelors,2012,Bangalore,1,27.0,Male,No,5,1,47.560630931902566,9999.497898057874
Bachelors,2018,Bangalore,3,27.0,Male,No,5,1,56.04813841539776,12378.920360586939
Bachelors,2016,Bangalore,3,24.0,Female,No,2,0,36.17523630110305,13591.587646056636
Bachelors,2017,Pune,3,26.0,Male,No,4,0,33.357588581931836,8575.058159419954
Bachelors,2017,New Delhi,3,25.0,Female,No,3,0,38.092488345509686,16909.326270733858
Bachelors,2015,Pune,3,28.0,Female,Yes,5,1,31.712605682679445,12297.241485986342
Bachelors,2015,Bangalore,3,26.0,Male,No,4,1,45.935085840030965,10010.683226299394
Masters,2015,Pune,2,26.0,Female,Yes,4,1,58.098170768848846,6602.31489445986
Masters,2015,Pune,3,25.0,Male,No,3,1,31.18030622005529,8582.677406054103
Bachelors,2016,Pune,3,,Female,No,5,1,33.66329742030081,19239.217576339754
Bachelors,2013,Bangalore,3,25.0,Male,No,3,0,43.565970848503056,9576.495302292898
Bachelors,2018,Pune,3,26.0,Male,Yes,4,1,58.01625052583715,7532.88934050553
Bachelors,2014,Bangalore,3,27.0,Female,No,5,0,39.48468314930251,11910.091874824899
Bachelors,2017,Bangalore,1,25.0,Male,No,3,0,45.217044260651775,9606.31615040373
Bachelors,2015,New Delhi,3,26.0,Male,No,4,0,31.247185771511763,5527.3887540679125
Bachelors,2015,Pune,3,24.0,Female,No,2,1,34.45029602886267,9847.17825919126
Bachelors,2015,Bangalore,3,28.0,Male,No,2,0,59.598903688765404,13161.629359092029
Bachelors,2014,Pune,2,26.0,Female,No,4,1,58.95356089308137,13275.685580299503
Bachelors,2017,Bangalore,3,27.0,Male,No,5,1,30.14819942803229,10348.383817653332
Bachelors,2014,Bangalore,3,26.0,Male,No,4,0,58.55435356269717,11709.54134378901
Bachelors,2018,New Delhi,3,28.0,Female,No,5,1,49.17359813446501,19482.768773521497
Bachelors,2015,Bangalore,3,28.0,Male,No,0,1,56.03754883560066,10660.227158454674
Bachelors,2016,New Delhi,3,28.0,Female,No,3,0,43.64219566901578,8873.402198899745
Bachelors,2017,Bangalore,3,25.0,Male,No,3,0,45.46788085737751,8652.005661001402
Bachelors,2015,Pune,3,24.0,Female,No,2,1,44.6653974077076,11866.469190562013
Masters,2018,New Delhi,3,28.0,Male,No,2,1,50.005927726383135,16392.80223075416
Bachelors,2015,Bangalore,3,27.0,Female,No,5,0,34.18953764268939,8089.822762827098
Bachelors,2017,Bangalore,3,24.0,Male,No,2,1,30.899207696180337,15639.44190711152
Bachelors,2017,New Delhi,2,28.0,Female,No,0,0,39.23789824773573,5317.247350241244
Bachelors,2015,Bangalore,3,,Male,No,3,0,51.1404228820994,11283.994669759191
Bachelors,2012,Bangalore,3,28.0,Male,No,2,0,36.05560356368845,16637.975978041803
Bachelors,2013,Bangalore,3,26.0,Male,No,4,0,50.202972999747516,10080.99433661647
Bachelors,2016,Bangalore,1,24.0,Male,No,2,0,59.097361383218114,13456.056521680992
Bachelors,2016,Pune,3,27.0,Male,,5,0,32.81702147368255,8074.688492388662
Bachelors,2013,Pune,3,24.0,Male,No,2,0,50.17806354675379,16129.930866892584
Masters,2017,Pune,2,26.0,Female,No,4,1,43.312506579137136,5784.186549031394
Bachelors,2017,New Delhi,3,26.0,Male,No,4,0,56.04426763132516,17788.139673132508
Bachelors,2018,Pune,3,25.0,Female,No,3,1,35.314493683421574,7972.9457963250225
Bachelors,2018,Bangalore,3,24.0,Male,No,2,1,50.778778566784936,18115.970475624963
Bachelors,2015,Pune,3,24.0,Male,Yes,2,0,55.14345868944331,10287.93861950776
Bachelors,2013,Bangalore,3,24.0,Female,No,2,1,58.3384265842207,15840.2536171173
Bachelors,2013,Pune,2,28.0,Male,Yes,0,1,50.49744084868938,9788.379466792827
Bachelors,2018,Bangalore,3,24.0,Male,No,2,1,44.91524292025282,18588.67506851971
Bachelors,2014,Bangalore,3,24.0,Male,No,2,0,48.53541720603641,6899.556882775615
Bachelors,2016,Bangalore,3,28.0,Female,No,5,0,56.06714953436155,7677.79683908898
Bachelors,2014,Bangalore,3,25.0,Male,No,3,0,47.118292399164886,12395.451877382035
Bachelors,2014,Bangalore,3,26.0,Female,No,4,0,30.911611790905106,6229.076585572192
Masters,2017,Bangalore,2,28.0,Male,No,2,0,57.92846086520933,7939.702770526429
Bachelors,2012,Bangalore,3,27.0,Male,No,5,0,50.68580253094683,19156.495733180214
Bachelors,2016,Bangalore,3,27.0,Female,No,5,0,50.29540157331739,19647.34491721831
Masters,2018,Bangalore,3,28.0,Male,No,2,1,36.47025457193151,10643.889939956329
Bachelors,2017,Bangalore,3,24.0,Male,No,2,0,49.766564106979715,18849.290315209037
Bachelors,2012,Pune,3,24.0,Male,No,2,0,41.81593216962476,13172.370135101475
Bachelors,2016,New Delhi,3,28.0,Male,No,0,0,49.53698931124477,9046.136988106506
Bachelors,2012,Bangalore,3,27.0,Male,No,5,0,33.19779090923972,15535.98081620898
Bachelors,2014,Bangalore,3,27.0,Male,No,5,0,49.735359138091084,14883.527098622859
Bachelors,2017,Bangalore,3,24.0,Male,No,2,1,59.98241177311999,19836.879786630998
Bachelors,2012,Bangalore,1,27.0,Male,No,5,0,31.446361165816683,8975.70931113925
Bachelors,2017,Bangalore,3,28.0,Female,No,5,0,59.31522552663952,15080.892539926032
Bachelors,2014,Pune,3,25.0,Male,No,3,0,42.20723882168612,5780.356325441703
Bachelors,2015,Pune,3,25.0,Male,No,3,0,56.12260351011777,6704.6905804507915
Bachelors,2017,Pune,2,28.0,Male,No,0,1,53.471564521748206,5058.775624266399
Bachelors,2015,Pune,2,26.0,Female,No,4,1,47.01048782960004,19991.9102158951
Bachelors,2015,Pune,2,27.0,Female,No,5,1,52.153476277539795,17034.105457212165
Bachelors,2015,Pune,3,26.0,Female,No,4,1,56.35546683904043,16800.84522100311
Bachelors,2015,Bangalore,2,28.0,Female,No,3,1,42.12420964953099,12645.891129322696
Bachelors,2012,Pune,3,25.0,Male,No,3,0,39.81099484689716,9501.0062435816
Bachelors,2013,Bangalore,3,25.0,Male,Yes,3,1,50.02780156690754,7268.964266940138
Bachelors,2016,New Delhi,3,,Male,No,4,0,54.23537825823776,9270.121082696955
PHD,2018,New Delhi,3,24.0,Female,No,2,1,52.868554043298474,10639.568328937086
Bachelors,2014,Bangalore,3,27.0,Female,No,5,0,53.93440946575903,16344.651454704412
Masters,2017,New Delhi,2,26.0,Male,Yes,4,1,43.06749944438799,13094.926833547286
Bachelors,2015,Pune,2,27.0,Female,No,5,1,54.53502648525065,6162.25439833224
Bachelors,2014,Bangalore,3,24.0,Male,No,2,0,33.60627166111826,5270.435134383683
Masters,2017,Pune,2,25.0,Female,No,3,0,46.33467293882549,6534.9826930109475
Bachelors,2017,New Delhi,3,28.0,Female,No,2,0,30.172759814943646,11157.48070546069
Bachelors,2014,Bangalore,3,27.0,Male,Yes,5,0,39.73757489700811,18997.893755735276
Bachelors,2012,Bangalore,3,,Male,No,2,0,40.99384604614194,14561.037218138325
Bachelors,2018,Pune,3,24.0,Male,No,2,1,41.88518074827766,17027.38849813273
Bachelors,2015,Bangalore,3,27.0,Female,Yes,5,1,50.864016200695865,11995.618917568228
Bachelors,2015,New Delhi,3,28.0,Female,No,3,0,41.65674303811037,10424.991247925642
Bachelors,2015,Pune,3,27.0,Female,No,5,1,43.46080867867592,6626.005590749341
Bachelors,2015,Bangalore,3,28.0,Male,No,5,0,37.12632392622982,18138.995332793074
Bachelors,2015,New Delhi,2,27.0,Female,Yes,5,1,41.1975537488802,16747.40043541854
Bachelors,2016,Bangalore,3,27.0,Male,No,5,0,36.81808881789455,7521.771463965877
Masters,2017,New Delhi,3,27.0,Female,No,5,1,32.19587771305331,12683.908458143907
Bachelors,2017,Pune,2,26.0,Female,No,4,1,48.10345780144134,12310.622118818672
Bachelors,2015,Pune,3,27.0,Female,No,5,1,50.04638395665049,14376.37329029793
Bachelors,2018,Pune,3,27.0,Female,No,5,1,48.584710380288435,19192.803409868917
Bachelors,2012,Bangalore,3,25.0,Male,No,3,0,43.90482131401717,13696.571626437195
Bachelors,2017,Bangalore,3,,Male,No,3,0,41.3935734053769,13103.259001679278
PHD,2013,New Delhi,3,27.0,Female,No,5,1,55.90000948715476,5754.843994019959
Bachelors,2016,Bangalore,3,28.0,Male,No,2,0,45.57245355408654,5943.612140270359
Bachelors,2012,Bangalore,3,25.0,Female,Yes,3,0,44.37545632889193,7810.201869901834
Bachelors,2015,Bangalore,3,27.0,Male,No,5,0,30.76926197419307,5487.061575376224
Bachelors,2016,Pune,2,24.0,Female,No,2,1,40.23743482878469,16150.293433550185
Bachelors,2016,Bangalore,3,26.0,Male,No,4,1,41.40586856357571,15849.954559909447
Bachelors,2014,Pune,3,,Male,Yes,5,0,41.964683426907015,7040.843516474644
Bachelors,2013,Bangalore,3,24.0,Male,Yes,2,0,47.40517107681997,17541.183511929215
Bachelors,2017,Bangalore,3,25.0,Male,No,3,1,46.00807640180635,7321.790522691679
Bachelors,2017,Pune,2,24.0,Female,No,2,1,48.23715278380334,9517.633804960382
Bachelors,2013,Bangalore,3,27.0,Male,No,5,0,52.94649784626385,8734.653487420475
Masters,2013,Bangalore,3,26.0,Female,No,4,1,54.3895721614828,10584.606478595717
Bachelors,2012,Pune,3,25.0,Female,No,3,1,51.54369228679484,8819.956488349428
Bachelors,2015,New Delhi,3,28.0,Female,No,2,0,58.66571087864804,12334.26389657678
Masters,2017,New Delhi,2,24.0,Female,No,2,0,30.54697748029085,11111.11822032028
Masters,2013,New Delhi,3,26.0,Male,No,4,1,35.87333957050638,19798.5423616899
Bachelors,2014,Bangalore,3,26.0,Male,No,4,0,30.226886249344265,5838.895251923385
PHD,2016,New Delhi,3,24.0,Female,No,2,0,49.42424142463809,7132.720645810274
Bachelors,2017,New Delhi,3,26.0,Male,No,4,0,56.94091646849961,5792.388408629037
Bachelors,2016,Bangalore,3,26.0,Male,No,4,0,37.30446889728898,14387.617924735636
Bachelors,2014,Bangalore,3,27.0,Male,No,5,0,57.8110363438892,5817.639161205794
Bachelors,2017,New Delhi,3,28.0,Female,No,0,0,31.808021708686827,17546.596060641852
PHD,2016,New Delhi,3,27.0,Female,No,5,0,58.03308080416543,12679.079460228917
Masters,2014,Bangalore,3,28.0,Female,No,4,1,40.548680617189035,12905.114368723007
Bachelors,2014,Bangalore,3,28.0,Female,No,2,0,33.0426248534765,13423.917615682913
Bachelors,2017,Bangalore,3,24.0,Female,No,2,0,44.57615277558977,7562.205594593161
Masters,2015,New Delhi,3,28.0,Male,No,0,0,37.703297031615236,7965.3545467173135
Bachelors,2015,Pune,2,25.0,Female,No,3,1,38.54618705885768,9782.259843095071
Masters,2017,Pune,2,27.0,Male,No,5,1,39.218698947788596,13902.446237327771
Bachelors,2014,Pune,2,25.0,Female,No,3,1,54.0907769349799,8151.766639103218
Bachelors,2015,Pune,2,28.0,Female,Yes,2,1,46.17483830025763,6744.975906998919
Bachelors,2013,Pune,3,25.0,Male,No,3,0,39.339230974680106,19551.75329627648
Bachelors,2013,Pune,1,26.0,Female,No,4,1,48.31001349932755,5329.727222144344
Bachelors,2012,Pune,2,27.0,Female,No,5,1,51.48452022669581,17040.461080040324
Masters,2017,New Delhi,3,28.0,Male,No,0,0,38.17872002200601,16820.52724362533
Bachelors,2012,Bangalore,3,28.0,Female,No,1,0,42.40647304576055,9458.21170767644
Bachelors,2015,Pune,2,25.0,Female,Yes,3,1,33.656582800108424,7034.399240109701
Bachelors,2015,Bangalore,3,26.0,Male,No,4,0,35.43448048604041,7184.429700581351
Bachelors,2015,Bangalore,3,24.0,Female,No,2,0,50.433535618949485,15461.474258557888
Bachelors,2018,New Delhi,3,24.0,Female,No,2,1,35.44315043086881,14642.098866292605
Bachelors,2017,New Delhi,3,27.0,Female,Yes,5,0,45.754901510011805,16741.1851137708
PHD,2012,Pune,3,27.0,Male,No,5,0,51.27138785167298,19062.217585986567
Bachelors,2012,Bangalore,3,26.0,Male,No,4,0,33.206307692842316,15378.91044899888
Bachelors,2013,Bangalore,3,25.0,Male,No,3,1,47.01936658886711,7337.773048271652
Bachelors,2015,New Delhi,3,24.0,Female,No,2,0,37.69688351104091,8651.63925148116
Bachelors,2013,Pune,3,24.0,Female,No,2,0,58.887806257127394,17632.905963096717
Bachelors,2016,Pune,3,,Male,No,2,0,44.50636940159774,8139.591137513129
Bachelors,2018,Pune,3,24.0,Male,Yes,2,1,54.17977649325474,6087.834754317221
Bachelors,2015,Bangalore,3,27.0,Female,Yes,5,1,46.50679626468785,15549.200810633756
Bachelors,2018,Bangalore,3,26.0,Male,No,4,1,31.302375985644574,11037.895332352131
Bachelors,2012,Pune,3,24.0,Female,No,2,1,48.99454126782067,18800.600788188553
Masters,2017,New Delhi,3,27.0,Male,No,5,1,58.54210026619971,14753.826066404923
Bachelors,2012,Bangalore,3,26.0,Male,No,4,0,48.048354604389935,6356.284666874912
Bachelors,2013,Bangalore,3,,Male,No,5,0,54.57566578280371,19217.848508804913
Bachelors,2015,New Delhi,3,25.0,Female,No,3,0,56.526193900452235,8878.35895460369
Bachelors,2018,Bangalore,3,24.0,Female,No,2,1,36.84239315846797,10058.187356094288
Bachelors,2014,Bangalore,3,28.0,Male,No,4,0,36.3613451972468,11033.90620525313
Bachelors,2013,Pune,1,26.0,Female,No,4,1,48.32942966552975,5768.364446064699
Bachelors,2015,Bangalore,3,27.0,Male,No,5,0,42.33085409420114,12447.731333459073
Bachelors,2013,Bangalore,3,24.0,Male,No,2,0,55.19583908600161,6849.777366129383
Bachelors,2016,Bangalore,3,26.0,Male,No,4,1,57.000693701940335,11014.554900325276
Bachelors,2013,Bangalore,3,25.0,Female,No,3,1,40.60264137908155,10260.646819881265
Bachelors,2016,Bangalore,3,27.0,Male,Yes,5,0,37.10611676923446,16592.60125139755
Bachelors,2017,Pune,3,26.0,Male,No,4,0,53.41576545731586,17047.557674490967
Bachelors,2018,Pune,2,28.0,Female,No,5,1,38.244181066444085,7301.19323583632
Masters,2017,Pune,2,27.0,Male,No,5,0,54.67842955541035,10498.267810688394
Bachelors,2013,Bangalore,3,25.0,Female,No,3,0,42.71214760946289,10600.297415477475
Bachelors,2017,Bangalore,3,24.0,Male,No,2,0,50.02649697874411,7271.156659041276
Bachelors,2017,New Delhi,2,25.0,Female,No,3,0,32.86605941504005,16976.802575767855
Bachelors,2018,Pune,3,27.0,Female,No,5,1,48.715779740297194,15608.42492503135
Bachelors,2016,Pune,3,27.0,Male,No,5,0,43.55303036211687,7855.726794455521
Bachelors,2013,Bangalore,1,24.0,Male,No,2,0,47.59825389526422,10500.828628906986
Bachelors,2012,Bangalore,1,28.0,Male,No,3,0,35.0404262323459,6587.075372847713
Bachelors,2016,Pune,2,28.0,Female,No,3,1,52.106212348325464,14423.09895639566
Bachelors,2016,Pune,3,24.0,Male,No,2,0,55.88391232629685,6820.578868229295
Bachelors,2017,Bangalore,3,28.0,Male,No,3,0,36.50219400272327,19789.012529373766
Bachelors,2017,Pune,2,28.0,Male,No,3,0,32.871436665604854,16710.231120317934
Bachelors,2017,Bangalore,3,25.0,Female,No,3,1,30.70915758139009,10853.578243759926
Bachelors,2015,Bangalore,3,25.0,Male,No,3,0,49.25914501329798,13678.458984190316
Masters,2013,New Delhi,3,25.0,Male,No,3,1,48.212821082663424,18670.127243246134
Bachelors,2017,Bangalore,3,24.0,Male,No,2,0,46.4009223814221,13311.489205937392
Bachelors,2013,Pune,3,,Male,No,5,0,36.95841288347926,7617.477295969327
Bachelors,2013,Pune,2,24.0,Female,No,2,1,41.72717987716544,10680.55033371739
Bachelors,2017,Bangalore,3,28.0,Male,No,1,1,47.83429005558519,17647.17297544618
Bachelors,2012,Bangalore,3,25.0,Male,No,3,0,44.90300576577508,14663.195239844268
Bachelors,2014,Pune,3,26.0,Male,No,4,0,59.63356560644662,14760.865765007005
Bachelors,2015,Pune,1,24.0,Female,No,2,1,34.093192576701995,18002.32228532734
Masters,2013,New Delhi,3,,Female,Yes,2,1,50.85433662142781,18409.59586193757
Bachelors,2014,Bangalore,3,25.0,Male,No,3,0,42.12956304312876,18796.888576691545
Bachelors,2017,New Delhi,2,,Male,No,4,0,42.84598844776844,6422.737898797342
Bachelors,2014,Bangalore,3,25.0,Male,No,3,0,51.52793296974529,13161.890029446513
Masters,2013,New Delhi,3,25.0,Male,No,3,1,50.77308453973109,16107.642818274779
Bachelors,2014,Bangalore,3,24.0,Male,No,2,0,59.73767981106565,16353.902676905207
Bachelors,2014,Pune,2,28.0,Female,No,3,1,33.85182868362376,14100.743029550058
Masters,2015,New Delhi,3,28.0,Male,No,2,0,33.12328948152499,7501.810027755113
Bachelors,2015,Bangalore,3,28.0,Male,No,5,0,51.730164513862235,16961.308309124965
Bachelors,2017,Bangalore,3,24.0,Male,No,2,0,47.351607510192274,15801.670002724186
Bachelors,2014,Pune,3,27.0,Male,No,5,0,38.224819996794174,6292.036573235544
Bachelors,2015,Pune,2,28.0,Female,,5,1,32.3825810696696,11957.147370115643
Masters,2017,New Delhi,2,26.0,Female,No,4,1,32.56974748789292,7609.660992827054
Bachelors,2016,New Delhi,3,26.0,Female,No,4,0,56.82572623992355,10062.155685694579
Bachelors,2016,Bangalore,3,26.0,Female,No,4,0,35.756019741562284,5271.216383085281
Bachelors,2013,New Delhi,3,27.0,Female,No,5,0,39.701146863465624,11004.948026161373
Bachelors,2014,Bangalore,3,28.0,Male,No,3,0,36.79969206680964,13248.153817343156
Bachelors,2017,New Delhi,3,25.0,Male,No,3,0,40.64988917495812,14293.738892406302
Bachelors,2015,Bangalore,1,27.0,Male,No,5,0,32.0827152823828,14952.35517693065
Bachelors,2013,Bangalore,3,26.0,Male,No,4,0,45.57179372724811,17544.3696965369
Bachelors,2014,Bangalore,3,24.0,Female,No,2,0,32.02837690776645,8231.94360913595
Bachelors,2014,Pune,2,26.0,Male,No,4,0,54.01069523467085,6807.227336577019
Bachelors,2013,Bangalore,3,24.0,Male,No,2,1,37.01136245731299,17773.057578468884
Bachelors,2012,Bangalore,3,25.0,Male,No,3,0,46.20035743813531,7349.1922233897485
Bachelors,2012,Bangalore,3,,Male,Yes,5,0,56.40237262684374,19621.401220042928
Bachelors,2012,Bangalore,3,28.0,Male,No,1,0,49.52632107141582,17638.073440979555
Masters,2017,New Delhi,2,25.0,Female,No,3,1,45.98873359654006,12513.149088343987
Bachelors,2014,Bangalore,3,25.0,Male,,3,0,39.73001259346127,19721.32137383038
Bachelors,2016,Pune,2,27.0,Female,No,5,1,39.990057391745935,6460.6509366200635
Bachelors,2017,Pune,3,28.0,Male,No,3,0,50.0846086559457,9545.986417626526
Masters,2017,New Delhi,3,28.0,Male,No,2,0,59.82418083663502,14573.366225609172
PHD,2018,Pune,3,26.0,Male,No,4,1,49.85517569548136,10250.10302709768
Masters,2017,New Delhi,2,24.0,Male,No,2,1,46.733502521100746,18925.588279711876
Bachelors,2014,Bangalore,3,28.0,Male,No,0,0,51.919515307177384,5984.391322667263
Masters,2015,Pune,3,26.0,Female,No,4,0,43.95616836851154,13241.177480914468
Bachelors,2016,Bangalore,3,27.0,Male,No,5,1,31.804270278023555,13862.994010926717
Bachelors,2016,New Delhi,3,28.0,Female,No,4,0,46.86890447633729,14790.921856658362
Bachelors,2012,Pune,3,,Male,No,4,0,58.728758535161404,8834.993349977216
Masters,2015,Bangalore,2,27.0,Female,No,5,1,35.25908827072979,10468.496412797966
Masters,2017,Pune,1,28.0,Male,No,0,0,50.70014672461997,17655.207944974667
Masters,2015,New Delhi,3,28.0,Female,No,2,0,36.028010659771695,7924.141534552397
Bachelors,2017,Bangalore,3,26.0,Male,No,4,1,46.07483053419244,17403.017707600433
Bachelors,2017,Pune,3,28.0,Female,No,4,1,32.90029348940159,13439.831343541136
Bachelors,2015,Pune,3,25.0,Male,No,3,0,43.511128087745554,16432.812667911232
Masters,2017,New Delhi,2,27.0,Female,No,5,0,52.68489986685738,15704.110493952074
Masters,2015,Pune,2,27.0,Female,No,5,0,40.42714572716946,8112.672430773186
Bachelors,2015,Bangalore,3,25.0,Male,No,3,1,49.94735173461654,13532.191046508093
Bachelors,2013,Bangalore,3,28.0,Female,No,1,0,53.86349882369188,18015.847292076385
Bachelors,2015,Pune,3,25.0,Female,No,3,1,57.81533458438358,11481.74355202894
Bachelors,2012,Bangalore,3,28.0,Female,No,2,1,37.039262455663604,19498.86155334975
Bachelors,2016,Pune,3,27.0,Female,No,5,1,41.97947747427924,11783.22650152577
Bachelors,2016,Bangalore,3,26.0,Male,No,4,0,34.57248039991252,7141.78455001827
PHD,2018,New Delhi,3,26.0,Male,No,4,1,59.77450506475125,10841.520201165098
Bachelors,2017,Bangalore,3,27.0,Male,No,5,0,57.81002903772886,19275.536095858057
Bachelors,2018,Pune,3,28.0,Male,No,2,1,46.19871390841679,9795.812740097814
Bachelors,2013,Bangalore,3,24.0,Male,No,2,0,55.26099883129264,18021.472398005943
Bachelors,2013,New Delhi,3,26.0,Male,No,4,0,45.628739318161266,18218.760225228347
Bachelors,2013,Bangalore,3,28.0,Male,Yes,1,0,48.70757064008279,10252.797864979417
Masters,2017,New Delhi,2,28.0,Female,No,2,0,32.6737329634805,6248.864870759482
Bachelors,2016,Bangalore,1,24.0,Male,No,2,0,52.65811261490424,15868.368637382273
Bachelors,2017,Bangalore,3,27.0,Male,No,5,0,33.831404509057045,9672.68448520979
Bachelors,2014,Pune,2,27.0,Female,No,5,1,54.78202890757585,16743.854213863586
Bachelors,2017,Bangalore,3,27.0,Male,No,5,0,53.46084263011158,11639.822723906496
Bachelors,2017,New Delhi,3,27.0,Male,No,5,0,51.26234093228929,12279.001135139322
Masters,2018,New Delhi,3,24.0,Male,No,2,1,31.084811415742863,16668.64110122805
Bachelors,2016,Bangalore,3,26.0,Male,No,4,1,39.09385067835986,10735.449965924417
Bachelors,2017,Bangalore,3,28.0,Male,Yes,3,0,37.893377097325285,11646.910179843719
Bachelors,2017,New Delhi,3,26.0,Female,No,4,0,40.80409222414557,10642.857031544332
Bachelors,2016,Pune,3,28.0,Male,No,3,0,32.62928240291516,10510.1077291592
Bachelors,2015,New Delhi,3,26.0,Male,No,4,0,58.10873469093188,12889.198653521891
Bachelors,2014,Bangalore,3,26.0,Male,No,4,1,46.614067221371286,17131.99166751726
Bachelors,2017,Pune,2,24.0,Female,No,2,1,39.165729319740706,10426.524678838488
Bachelors,2016,Bangalore,3,26.0,Male,No,4,1,41.9094455122285,12863.820808066052
PHD,2016,New Delhi,1,26.0,Male,No,4,0,43.41607621514507,15060.909881639012
Bachelors,2018,Bangalore,3,24.0,Female,No,2,1,48.01783000081852,9041.591694554825
Bachelors,2017,Bangalore,2,28.0,Female,No,1,0,45.470382830894934,9162.842073535889
Bachelors,2013,Bangalore,3,24.0,Female,No,2,0,57.58175919643252,19001.196905351822
Masters,2014,New Delhi,3,25.0,Female,No,3,0,44.90890448717491,15853.01859996633
Bachelors,2012,Pune,1,26.0,Male,No,4,0,59.764740444699385,13657.800143349634
Bachelors,2014,Bangalore,3,28.0,Male,No,5,0,55.54274873235288,14715.80081630918
Bachelors,2013,Bangalore,3,28.0,Male,No,2,1,36.255315430720074,5439.491646551275
Masters,2017,Pune,2,27.0,Male,No,5,0,57.91785643931749,14271.544483425452
Bachelors,2016,Bangalore,3,28.0,Male,Yes,0,0,33.490991936564285,12642.633098363029
Bachelors,2014,New Delhi,3,25.0,Male,No,3,0,54.523491254735745,13186.245196691536
Bachelors,2013,Bangalore,3,25.0,Female,No,3,1,41.41869880429741,10391.357402462258
Bachelors,2017,Bangalore,3,24.0,Female,No,2,1,56.33922961335209,6222.108465694128
Bachelors,2015,Bangalore,3,26.0,Female,No,4,0,56.04170070322351,7900.088504180783
Bachelors,2014,Bangalore,3,28.0,Male,No,4,0,54.177762003528635,19261.170698190075
Bachelors,2017,New Delhi,2,28.0,Male,No,0,0,53.70091308921184,11130.49343406401
Masters,2017,New Delhi,3,,Female,No,2,0,39.14037417294122,12000.247337462963
PHD,2017,Pune,3,27.0,Male,No,5,0,32.42757849153757,5790.646847801585
Bachelors,2015,Bangalore,3,28.0,Female,No,5,0,42.08940536295484,5563.4934431597085
Bachelors,2017,New Delhi,3,25.0,Female,No,3,0,35.20573544959526,15757.721705701366
Masters,2017,Bangalore,3,25.0,Male,No,3,0,50.848532667073854,13071.41996181667
Masters,2017,Bangalore,1,26.0,Male,No,4,0,40.38299179613357,12630.589763244
Bachelors,2014,Bangalore,3,25.0,Male,No,3,1,59.26830602579744,8646.86795634003
Bachelors,2016,Bangalore,3,27.0,Male,No,5,1,49.22916232035996,16171.260974448833
Bachelors,2013,Bangalore,3,24.0,Male,No,2,0,54.674416909030825,7523.548686627379
Bachelors,2012,Bangalore,3,,Male,No,3,0,33.97574018225545,7849.021154915301
Bachelors,2014,Pune,3,25.0,Male,No,3,1,55.86043446817868,11910.682570224133
Bachelors,2018,Bangalore,3,25.0,Female,No,3,1,57.68271571540183,9294.197931679113
Masters,2012,Pune,3,26.0,Male,No,4,1,44.611857564568076,8711.944718497196
PHD,2016,Bangalore,3,25.0,Male,No,3,0,48.18758813252933,14678.564668299974
Bachelors,2015,Bangalore,3,25.0,Male,No,3,0,52.94429402708987,14764.576178278168
Bachelors,2017,New Delhi,2,25.0,Male,No,3,1,35.245158817812374,17367.75604699894
Bachelors,2015,New Delhi,3,27.0,Female,No,5,0,45.07698229390327,11265.628504594639
Bachelors,2017,Pune,3,26.0,Male,No,4,0,41.959890833169396,6096.276365392254
Bachelors,2016,Pune,3,26.0,Male,No,4,0,34.39121976486747,9104.995773821865
Bachelors,2018,Bangalore,3,,Male,No,4,1,41.02603266874594,19700.081947952254
Masters,2018,New Delhi,3,25.0,Female,No,3,1,32.04516928156481,13943.87862849053
Masters,2017,Pune,2,25.0,Male,No,3,0,30.77435720848461,15646.056272015305
Masters,2014,Bangalore,3,24.0,Female,No,2,0,34.05498867464468,5110.367444381218
Bachelors,2014,Pune,3,28.0,Female,No,2,1,58.89345334767522,12773.085982737812
Bachelors,2012,Bangalore,3,,Male,No,4,0,46.485886076850505,5562.9298629770465
Bachelors,2017,Pune,3,26.0,Male,No,4,0,58.974664834596595,13538.45318137172
Bachelors,2014,Pune,2,28.0,Female,No,0,1,42.974936349903956,18811.56274454113
Bachelors,2017,New Delhi,3,25.0,Female,Yes,3,0,39.35448399255779,19526.28695750612
Bachelors,2014,Bangalore,3,25.0,Male,No,3,0,45.18425588520732,13108.290130833862
Bachelors,2012,Bangalore,3,26.0,Male,No,4,0,43.1853506589873,11873.07207878324
Bachelors,2014,Bangalore,3,26.0,Male,No,4,0,33.16994052785232,19175.25641372741
Bachelors,2017,Bangalore,3,26.0,Female,No,4,0,49.22478944070619,15104.147479950427
Masters,2017,Bangalore,2,26.0,Male,No,4,1,36.48114547528799,5973.489193076142
Bachelors,2017,New Delhi,3,25.0,Female,No,3,0,48.58763864693489,11985.883665012463
Bachelors,2018,Bangalore,3,25.0,Male,No,3,1,49.506032771944604,8603.675276964559
Bachelors,2014,New Delhi,3,27.0,Female,No,5,0,34.560745593859444,12047.064821730222
Bachelors,2017,Bangalore,3,28.0,Male,No,5,0,31.840488813320043,11831.983580095426
Bachelors,2015,Bangalore,1,24.0,Female,No,2,0,53.422847582053194,13732.172042221131
Bachelors,2013,Bangalore,3,27.0,Male,No,5,1,43.7940127130796,10351.557355238769
Bachelors,2018,Bangalore,3,26.0,Female,No,4,1,31.744913865164275,7464.056741838921
Masters,2017,New Delhi,2,28.0,Female,No,2,0,59.84598951509301,12555.791518849344
Bachelors,2016,Pune,3,28.0,Female,No,4,1,31.733416829891,17453.043265186432
Bachelors,2016,Bangalore,3,25.0,Male,No,3,0,50.8510568657566,14960.183421014035
Bachelors,2015,Pune,3,27.0,Female,Yes,5,1,59.51036775790241,10075.517988878237
Bachelors,2015,Bangalore,3,26.0,Male,No,4,1,37.17540312647777,19032.84534138286
Bachelors,2015,Pune,3,28.0,Female,Yes,5,1,34.267481060615886,18683.113568737732
Bachelors,2013,Pune,3,27.0,Male,No,5,0,33.641548182672864,8140.225990761482
Masters,2017,Pune,2,25.0,Male,No,3,0,39.09825442702787,5591.263776805445
Bachelors,2015,Pune,2,25.0,Female,Yes,3,1,33.0313743303194,16119.630625261434
Bachelors,2015,Pune,2,24.0,Female,No,2,1,50.76484025082396,17414.1539202373
Masters,2017,New Delhi,2,28.0,Female,No,2,0,31.86875394390188,19517.96848927033
Bachelors,2014,New Delhi,3,24.0,Female,No,2,0,45.28266384449369,18347.54591132466
Bachelors,2012,Bangalore,3,27.0,Male,No,5,1,59.9009056155893,14008.021523096222
Bachelors,2015,Pune,2,28.0,Female,No,5,1,54.41910808518057,12950.785088185712
Bachelors,2015,New Delhi,2,27.0,Female,No,5,1,48.45658314693033,5417.615768938795
Bachelors,2017,Bangalore,3,24.0,Female,No,2,0,39.18760862359835,8699.846702671668
Masters,2016,New Delhi,3,25.0,Female,No,3,0,48.716875088749156,11894.221275993896
Bachelors,2012,Pune,3,,Male,Yes,2,0,45.81124391734955,14427.558501253518
Bachelors,2015,New Delhi,3,24.0,Female,No,2,0,42.78250151671114,13358.77749977616
Bachelors,2015,Pune,2,26.0,Female,No,4,1,33.921311302205986,16139.539845225358
Masters,2017,Pune,2,27.0,Female,No,5,0,56.598126457214,9196.503963305613
Bachelors,2013,Bangalore,1,24.0,Female,No,2,1,43.493539464639674,13474.289114787098
PHD,2017,Pune,3,28.0,Male,No,1,0,35.83867535462295,6322.133650861882
Bachelors,2017,Bangalore,3,24.0,Female,No,2,0,41.03278052631869,11204.982853748104
Bachelors,2015,Pune,2,24.0,Female,No,2,1,42.42389257586781,16252.412494319015
Bachelors,2017,Bangalore,3,27.0,Male,No,5,0,54.82613686700623,15401.01280143566
Bachelors,2016,New Delhi,3,28.0,Male,No,4,0,52.00843141684206,19859.641057582685
Masters,2017,New Delhi,2,28.0,Female,No,2,0,53.07914680924019,9168.366889816341
PHD,2014,New Delhi,3,24.0,Male,No,2,0,30.330937932859417,12472.839487609686
Bachelors,2013,Bangalore,3,26.0,Female,No,4,0,42.48461994539284,9942.95620660995
Masters,2014,New Delhi,3,24.0,Male,No,2,0,44.44032454905971,11609.046710887622
Bachelors,2013,New Delhi,3,24.0,Female,No,2,0,30.5757683046917,17854.251948040823
Masters,2017,New Delhi,3,26.0,Male,No,4,1,37.79439626235103,15263.1361278273
Bachelors,2014,Pune,2,27.0,Male,No,5,0,52.80869469366405,18236.617870213726
Masters,2013,Bangalore,3,25.0,Male,No,3,1,34.113291171869975,8052.6666249782975
Masters,2012,New Delhi,3,27.0,Female,No,5,1,46.059303943577746,18100.41676762157
Masters,2017,Bangalore,2,25.0,Male,No,3,0,36.45605616051712,5896.434112675766
Bachelors,2012,New Delhi,3,28.0,Male,No,5,0,30.363623239316798,18328.989206557286
Bachelors,2014,Bangalore,3,28.0,Male,No,0,0,37.23604372798624,9936.106691910918
Bachelors,2017,New Delhi,3,28.0,Female,No,4,0,59.27621264730161,9718.814501210996
Bachelors,2016,Pune,3,27.0,Male,No,5,1,54.046113356489684,12681.328650479958
Bachelors,2017,New Delhi,2,27.0,Female,No,5,0,58.787299329631,19110.352815848477
PHD,2014,Bangalore,3,28.0,Female,No,0,0,44.63562131779087,5716.72047022108
Bachelors,2013,Pune,2,25.0,Male,No,3,1,33.2920859603251,10283.46462606118
Bachelors,2017,Pune,3,28.0,Male,No,3,0,46.43878466921079,17848.579830250033
Bachelors,2012,Bangalore,3,27.0,Male,No,5,0,43.631320036798826,10940.817161532
Bachelors,2013,Bangalore,2,24.0,Female,No,2,1,55.330712482188474,7987.353463956006
Masters,2017,New Delhi,2,25.0,Male,No,3,0,32.942477423527336,11371.912719971177
Bachelors,2014,Pune,3,24.0,Male,No,2,0,44.64723411065334,10783.28752237504
Bachelors,2013,New Delhi,1,25.0,Female,No,3,1,34.50145994081953,18731.24302200055
Bachelors,2015,Pune,3,28.0,Male,No,2,0,39.7402778067018,16429.015636146454
Masters,2017,New Delhi,3,28.0,Male,No,1,1,52.12071232163399,12576.733336160094
Bachelors,2017,New Delhi,2,27.0,Female,No,5,0,44.280543881063,19825.558500823565
Bachelors,2018,Pune,3,24.0,Male,No,2,1,41.27664855437308,11979.16296913885
Bachelors,2013,Bangalore,3,,Male,No,4,0,41.83428835710106,5873.567462304129
Bachelors,2017,Bangalore,3,27.0,Female,Yes,5,0,43.7834030521796,8934.114827224774
Masters,2017,New Delhi,1,26.0,Female,No,4,1,53.55049631511171,11541.057203289689
Masters,2017,Bangalore,2,26.0,Female,No,4,0,56.76254066820703,7353.539362191801
Bachelors,2013,Pune,3,26.0,Male,No,4,0,58.66004059511785,19213.476894860643
Masters,2014,New Delhi,1,25.0,Female,No,3,0,53.60710158765885,16502.733467266597
Bachelors,2014,Bangalore,3,27.0,Male,No,5,0,39.46220687244038,9024.30800641659
Bachelors,2016,Bangalore,3,25.0,Male,No,3,0,50.64404118259627,13862.068002768738
Bachelors,2016,Bangalore,3,27.0,Male,No,5,0,43.128093721661756,15821.73735664358
Bachelors,2015,Bangalore,3,28.0,Female,No,5,0,37.640118661381536,19119.18393360197
Masters,2012,New Delhi,3,25.0,Male,No,3,1,55.22614738277768,18224.53023763116
Bachelors,2013,Bangalore,3,,Male,No,2,1,31.15279046886975,12727.883392073205
Bachelors,2014,Bangalore,1,25.0,Male,No,3,0,57.0528597640627,16619.789296895266
Bachelors,2014,Pune,3,26.0,Male,No,4,0,43.84432393874202,13432.171307413775
Bachelors,2013,Pune,3,28.0,Male,No,0,0,49.11604430424841,13290.5583506831
Bachelors,2015,Bangalore,3,27.0,Male,Yes,5,0,49.780617666173484,6721.129375072878
Bachelors,2014,Pune,1,28.0,Female,No,3,1,56.85353222119609,6892.06487024228
Masters,2017,Pune,2,25.0,Female,No,3,1,49.10009046501622,12943.004225336863
Masters,2013,New Delhi,3,28.0,Female,No,2,0,48.41800754280185,9032.9231746851
Masters,2017,Bangalore,2,27.0,Female,No,5,1,31.999561216820698,5315.553536907029
Bachelors,2015,Bangalore,3,27.0,Male,No,5,0,45.552240658356126,15842.588058503185
Bachelors,2012,Bangalore,3,27.0,Male,,5,0,34.50507002451125,5487.298950352474
Bachelors,2014,Bangalore,3,26.0,Male,No,4,0,52.12301306164457,13929.152616560817
Bachelors,2013,New Delhi,3,26.0,Female,No,4,0,45.36665762438024,13087.906911909715
Bachelors,2012,Bangalore,3,27.0,Male,,5,0,50.4068333762506,19532.220358667066
Bachelors,2013,Bangalore,3,26.0,Female,No,4,0,31.25018701807153,12263.197090214624
Masters,2017,New Delhi,2,28.0,Female,No,3,0,32.54376048137409,5954.02154566696
Bachelors,2017,New Delhi,2,26.0,Male,No,4,0,51.48970164188047,13275.319517096925
Bachelors,2013,Pune,2,27.0,Female,No,5,1,32.1625300799602,17616.44255924152
Masters,2015,Bangalore,3,27.0,Female,No,5,0,32.13770183295776,19952.7392642216
Masters,2017,Pune,3,27.0,Female,No,5,1,30.363254257046624,11455.147605336088
Bachelors,2016,Bangalore,3,,Male,No,5,0,58.695041948984404,9804.481137451137
Bachelors,2012,Bangalore,3,27.0,Male,No,5,0,52.12525078377021,18599.799454279986
Bachelors,2014,Bangalore,3,25.0,Female,No,3,0,40.597542255061924,7868.631936141821
Bachelors,2016,Bangalore,3,26.0,Female,No,4,0,38.89606743862966,14231.4337254939
Bachelors,2016,Bangalore,3,26.0,Female,No,4,0,40.49109689237549,11085.716362714214
Bachelors,2014,New Delhi,3,26.0,Male,No,4,0,53.239605935435456,5616.235474333329
Bachelors,2014,Bangalore,3,28.0,Male,No,3,0,49.84111833211243,10209.327114585467
Bachelors,2012,Pune,3,25.0,Male,No,3,0,35.55586703602404,8978.427837540119
Masters,2014,Bangalore,3,28.0,Female,No,3,1,35.22328006002253,15291.367309152303
Bachelors,2016,New Delhi,3,26.0,Male,No,4,0,32.95186949140192,19231.857465378773
Bachelors,2012,New Delhi,3,24.0,Female,No,2,0,49.80908159104014,9020.707810679567
Bachelors,2015,Pune,2,28.0,Female,No,4,1,52.93117986665208,17171.989087275226
Bachelors,2017,New Delhi,2,,Male,No,2,0,37.95139284975012,5830.397254076142
Bachelors,2015,New Delhi,3,25.0,Male,No,3,0,30.628348830927383,13071.815150597198
Bachelors,2013,Bangalore,3,27.0,Male,No,5,0,32.46515002429282,6058.250955648418
Bachelors,2015,Bangalore,3,27.0,Male,No,5,0,59.035801045350915,19010.49486695959
Bachelors,2017,Bangalore,3,28.0,Female,No,3,1,38.86334332432261,16495.269208360853
Bachelors,2017,Bangalore,3,24.0,Female,No,2,0,53.076694435144006,14869.248668068885
Masters,2017,New Delhi,2,26.0,Female,,4,0,48.73990706562792,17358.445724369965
Bachelors,2016,Bangalore,3,25.0,Male,Yes,3,1,41.458189189586875,14712.796933552447
Bachelors,2016,Bangalore,3,26.0,Male,Yes,4,0,36.17061786586665,19534.165957614365
Masters,2017,Bangalore,2,24.0,Female,No,2,0,33.64159254478219,15709.369217971573
Bachelors,2017,Bangalore,3,,Male,Yes,5,0,48.450389041166,18869.879143733702
Bachelors,2014,Pune,2,27.0,Female,No,5,1,53.23901341913364,12756.97838015957
Masters,2017,New Delhi,1,24.0,Female,No,2,0,49.317127606233925,6755.96619472794
Bachelors,2014,Bangalore,3,28.0,Male,No,1,0,45.909063997474746,12922.665821345257
Bachelors,2013,Pune,3,26.0,Male,No,4,0,31.258536702949087,6903.092420946399
Bachelors,2014,Pune,3,28.0,Male,No,0,0,59.05466332783151,13887.402187646076
Masters,2013,New Delhi,3,28.0,Male,No,1,0,53.961425749637236,12237.395907914944
Masters,2017,Pune,2,27.0,Female,No,5,0,38.784661101028945,14338.630967491725
Bachelors,2017,Pune,3,28.0,Male,No,1,0,59.39910988076552,5150.704715822474
Bachelors,2016,New Delhi,3,26.0,Female,No,4,0,48.056447689089666,7922.607374830462
PHD,2018,Bangalore,3,27.0,Male,No,5,1,47.472679746217395,12369.956478681963
Bachelors,2014,Pune,3,,Male,No,4,0,52.44219538288596,19257.553423837024
Bachelors,2013,Pune,3,25.0,Male,No,3,0,54.353093642704124,10754.135605327378
Masters,2017,Pune,3,25.0,Male,No,3,0,49.69435821994508,11365.58039080452
Bachelors,2017,Pune,2,24.0,Female,No,2,1,33.842872390986,15720.441335099333
Bachelors,2017,New Delhi,3,,Female,No,2,0,40.14802517983495,14056.89135929177
PHD,2014,Pune,3,24.0,Male,No,2,0,57.8425092097815,9483.892251474997
PHD,2017,Bangalore,3,24.0,Female,No,2,0,36.73846835531556,11162.245933511416
Masters,2017,New Delhi,2,26.0,Male,No,4,1,41.1650107151254,8265.496982858487
Bachelors,2013,Pune,2,24.0,Male,Yes,2,1,42.96230648832588,19490.321886953127
PHD,2016,New Delhi,3,27.0,Female,No,5,0,43.18214969083357,6959.515723360396
Masters,2017,New Delhi,2,25.0,Female,Yes,3,1,48.38818747483576,10577.55176849629
Bachelors,2014,Pune,3,26.0,Male,No,4,0,58.29227513234123,5387.584583300168
Bachelors,2017,New Delhi,3,25.0,Female,No,3,0,37.220781354975145,8326.692379003196
Bachelors,2012,Bangalore,3,27.0,Female,No,5,0,33.64504128902754,16707.067075702325
Bachelors,2016,Bangalore,3,26.0,Male,Yes,4,0,35.92411469579812,8017.628484333192
Bachelors,2016,Bangalore,3,26.0,Male,No,4,0,56.60774700627809,6200.951037934484
Bachelors,2015,Pune,2,27.0,Female,Yes,5,1,49.37432437965618,12116.79769766785
Bachelors,2016,Pune,3,28.0,Female,No,2,1,38.57720367717481,5149.538521017777
Masters,2017,New Delhi,2,27.0,Female,No,5,1,54.47840816905852,6271.492316394997
Bachelors,2018,Bangalore,3,25.0,Female,No,3,1,55.84109989090308,17114.388043444626
Bachelors,2014,Pune,3,27.0,Male,Yes,5,0,55.395430160708344,16572.100172894097
Bachelors,2014,Bangalore,3,27.0,Male,Yes,5,0,57.56779600918664,18727.08230607344
Bachelors,2015,New Delhi,3,25.0,Female,No,3,0,37.56723060520085,17817.731538661243
Masters,2017,Bangalore,3,26.0,Female,No,4,0,52.65125786238835,15247.633448597271
Masters,2018,New Delhi,3,25.0,Male,No,3,1,43.8161849182242,5784.992859509943
Bachelors,2018,Bangalore,3,25.0,Male,No,3,1,55.25995658670185,16742.729269799864
Bachelors,2014,Bangalore,3,28.0,Male,No,1,0,51.85472031484839,17682.66216260841
Bachelors,2017,Bangalore,3,24.0,Male,No,2,0,53.293423394991734,16986.232186579316
Bachelors,2013,Bangalore,3,28.0,Female,No,3,0,49.68485513043214,12627.18552962039
Bachelors,2015,Pune,3,24.0,Male,No,2,0,35.3228630840912,8493.527579742225
Bachelors,2012,Bangalore,3,26.0,Male,No,4,0,46.350807566908145,17679.9496353309
Bachelors,2014,New Delhi,3,25.0,Female,No,3,0,59.54009218573525,15907.442146102077
Masters,2017,New Delhi,1,26.0,Male,No,4,0,58.12164199491357,19711.417615832775
Bachelors,2016,Bangalore,3,25.0,Female,No,3,0,31.29521207391035,7335.388966338994
Bachelors,2013,Pune,2,26.0,Male,Yes,4,0,34.944444471883116,8384.968745780825
Bachelors,2018,Pune,1,26.0,Male,Yes,4,0,33.951863203636854,8176.972248222541
Bachelors,2017,Bangalore,3,24.0,Male,No,2,0,51.779397299558866,16888.096514320052
Bachelors,2016,Bangalore,3,24.0,Male,No,2,0,54.53355989570835,7803.609446751772
Bachelors,2014,Bangalore,3,24.0,Female,No,2,0,36.40534098932016,5999.897447349591
PHD,2017,New Delhi,3,28.0,Male,No,3,0,45.17558078855487,19978.41209878443
Bachelors,2017,New Delhi,2,24.0,Female,No,2,1,55.221090840336004,5372.258171677237
Bachelors,2015,Bangalore,3,25.0,Female,No,3,0,51.98404634298752,17528.660902382984
Bachelors,2015,Pune,3,26.0,Male,No,4,0,46.26711616475545,10480.502623259792
Masters,2014,Bangalore,3,27.0,Male,No,5,1,47.71043071376319,17624.23189636723
Bachelors,2012,Pune,3,24.0,Female,No,2,1,45.2508164074884,13319.307368167174
Bachelors,2015,Pune,2,,Female,No,4,1,38.92645353956462,18524.4684422954
Bachelors,2013,Bangalore,3,24.0,Female,No,2,0,46.95065978577048,18892.8947962194
Bachelors,2017,Bangalore,3,26.0,Female,No,4,0,50.666559061502724,5136.47271921164
Masters,2017,New Delhi,3,26.0,Male,No,4,0,56.199687475824234,6131.182639891824
Bachelors,2016,Bangalore,3,24.0,Male,No,2,0,49.08874061937745,8755.380943562832
Bachelors,2015,Pune,3,28.0,Male,No,2,0,52.83364611129474,15039.731245452525
Bachelors,2013,Bangalore,3,27.0,Male,No,5,0,34.80214904863719,18324.082947672592
Bachelors,2012,Bangalore,3,24.0,Male,Yes,2,0,43.8467242325937,11899.12926940944
Masters,2015,Pune,2,28.0,Female,No,0,0,30.279948594812797,14104.596744113982
Bachelors,2017,Pune,3,26.0,Male,Yes,4,0,37.40036593564869,7827.497791933417
Bachelors,2018,Bangalore,3,27.0,Female,No,5,1,51.79385145339015,17074.50250822528
Masters,2017,Pune,3,27.0,Male,No,5,1,59.7542985404809,19509.921670302047
Bachelors,2013,Bangalore,1,27.0,Female,No,5,0,32.97534298761648,9028.983993718963
Bachelors,2016,Bangalore,3,27.0,Female,No,5,0,42.04482947583865,12422.389274008194
Bachelors,2013,Pune,3,28.0,Male,No,1,0,54.00212906097478,6291.741657595607
Bachelors,2017,Pune,3,28.0,Male,No,2,0,36.12106903886696,13387.049846944527
Bachelors,2013,Bangalore,3,,Male,No,4,0,46.652548479068585,12541.751627700209
Bachelors,2015,Bangalore,3,25.0,Female,No,3,0,51.992138880890245,7166.547262326164
Bachelors,2015,Pune,3,24.0,Female,No,2,1,48.479563507805366,11630.993196771125
Bachelors,2014,New Delhi,3,,Male,No,1,0,35.640742038462484,10011.569781298449
Bachelors,2017,New Delhi,2,,Female,No,2,0,40.661537060572186,12827.46312957784
Masters,2015,New Delhi,3,26.0,Male,No,4,1,53.513753534561914,13784.815031431988
PHD,2014,New Delhi,3,25.0,Male,No,3,0,46.6267954239605,5127.433679108142
Bachelors,2013,Bangalore,3,25.0,Male,No,3,0,30.156888406287383,16415.08974424333
Bachelors,2017,Bangalore,3,25.0,Male,No,3,0,52.829722800842816,15695.214377926111
Bachelors,2013,New Delhi,2,24.0,Female,No,2,1,31.059340648207172,10494.295793097834
Bachelors,2014,Pune,3,25.0,Male,No,3,0,52.37201348193696,5794.039033532274
Bachelors,2017,New Delhi,3,25.0,Female,No,3,0,36.074416804957124,16323.988096775756
Masters,2017,New Delhi,2,24.0,Male,Yes,2,1,58.74220440358141,19327.62740717199
Bachelors,2015,New Delhi,3,28.0,Female,No,2,0,41.03822253906253,8602.273940330213
Bachelors,2017,Bangalore,3,27.0,Male,No,5,1,39.80794849014237,9852.86920605557
Bachelors,2015,Pune,3,,Male,No,4,0,34.46664150997334,7757.193342227225
Bachelors,2017,Pune,2,27.0,Female,No,5,1,39.16812646470645,13654.041850172594
Bachelors,2016,Bangalore,3,24.0,Male,No,2,0,56.29952285484602,7322.620919711824
Bachelors,2014,Bangalore,2,26.0,Female,No,4,1,59.890030128817415,10342.909151920692
Masters,2017,New Delhi,2,25.0,Female,No,3,0,41.04928591520545,15455.195209013944
Bachelors,2012,New Delhi,3,25.0,Female,No,3,0,43.458318928636274,13401.739745140227
Bachelors,2014,Bangalore,3,27.0,Male,No,5,0,51.66212814608211,10796.938464919029
Bachelors,2017,New Delhi,3,27.0,Male,No,5,0,56.585873413952235,11303.744027113127
Bachelors,2018,Bangalore,3,25.0,Female,No,3,1,47.79133002560353,13431.663239348443
Bachelors,2016,Pune,3,27.0,Female,No,5,0,41.74577094533488,5087.970918307419
Bachelors,2017,Bangalore,3,24.0,Male,No,2,0,42.378655225458715,6177.648026804148
Bachelors,2014,Pune,2,28.0,Female,No,1,1,50.868544394904205,18218.871016445177
Bachelors,2017,Bangalore,2,28.0,Female,No,2,1,30.09654790812836,6168.184836369362
Bachelors,2017,New Delhi,2,26.0,Female,No,4,1,48.587680123795224,15602.053943157578
Bachelors,2013,Pune,2,27.0,Female,No,5,1,40.66479031324072,18800.57246163579
Bachelors,2012,Bangalore,3,24.0,Female,,2,0,53.82591993831252,9060.254064525967
Masters,2017,Pune,2,27.0,Female,No,5,0,32.789719194693966,10557.371555892714
Bachelors,2015,New Delhi,3,24.0,Male,No,2,0,47.646068008451714,13533.821087670744
Bachelors,2013,New Delhi,3,28.0,Female,Yes,2,0,44.42918669658371,18225.63454457877
Bachelors,2016,New Delhi,3,28.0,Male,No,0,0,49.26976577715682,19128.583808906304
Bachelors,2016,Bangalore,3,26.0,Male,No,4,0,31.94560783448905,16093.448721669021
Bachelors,2018,Bangalore,3,27.0,Male,Yes,5,1,47.39951362284394,6299.29641282041
Bachelors,2015,Bangalore,3,25.0,Male,No,3,0,46.84453763878571,15037.312333022763
Bachelors,2014,Bangalore,3,26.0,Male,No,4,0,46.819802832485124,11154.555828089931
Bachelors,2018,Pune,3,24.0,Male,Yes,2,1,48.104629997893646,12060.514992365923
Bachelors,2017,Bangalore,3,26.0,Male,Yes,4,0,50.294038116790865,5737.225855177656
Bachelors,2016,Bangalore,3,26.0,Male,No,4,0,54.14966999042309,7865.932090195372
Bachelors,2012,Bangalore,3,26.0,Male,Yes,4,0,38.094621603846434,16857.704113004715
Masters,2017,Bangalore,2,27.0,Male,No,5,0,54.751482305401865,11809.382495717897
Bachelors,2016,Bangalore,3,25.0,Female,No,3,0,44.947670467903606,9524.933624467234
Masters,2013,Pune,3,25.0,Male,No,3,0,32.31174837402993,10760.286109474371
Masters,2016,New Delhi,3,27.0,Male,No,5,1,31.756527877319375,17815.992699885202
Bachelors,2014,Bangalore,3,28.0,Female,No,1,0,40.027149560881824,16234.985261074353
Bachelors,2014,Bangalore,3,25.0,Male,No,3,0,53.54690931334403,9084.730957716241
PHD,2013,Bangalore,2,25.0,Male,No,3,1,51.23042804222747,6762.527603185599
Bachelors,2017,New Delhi,3,25.0,Male,No,3,0,53.65844894017219,8779.973324661076
Bachelors,2015,Bangalore,3,24.0,Male,No,2,0,45.51807169324828,18811.346765821007
Masters,2015,Bangalore,3,26.0,Female,No,4,1,43.205969938664715,13723.83256774633
Bachelors,2013,Bangalore,3,25.0,Female,No,3,0,34.42357580118852,13002.203131171744
Bachelors,2015,New Delhi,2,24.0,Female,No,2,1,39.84578260827935,13945.903995386923
Masters,2015,New Delhi,2,27.0,Female,No,5,1,43.020580985216256,10490.42398619773
Bachelors,2017,New Delhi,2,26.0,Male,No,4,0,32.65801289038852,17106.60530479269
Bachelors,2013,Bangalore,3,25.0,Male,No,3,0,36.61835858133634,12849.293739503748
PHD,2017,New Delhi,3,24.0,Male,No,2,0,47.94675882191217,6751.218541531933
Masters,2015,Bangalore,3,27.0,Male,No,5,1,52.0698934271757,6935.976872435945
Bachelors,2015,New Delhi,2,28.0,Female,No,1,1,59.95042534178849,13052.887197539276
Bachelors,2014,Bangalore,3,28.0,Male,No,2,1,57.99339994030673,19048.55327106259
Bachelors,2014,Bangalore,3,25.0,Male,Yes,3,0,49.27695598605575,9625.281825142982
Bachelors,2013,Bangalore,3,26.0,Male,No,4,0,42.637441598822164,18043.117532888275
Masters,2017,New Delhi,1,27.0,Male,No,5,0,49.08532094124698,16461.43379868319
Bachelors,2018,Bangalore,3,27.0,Male,No,5,1,53.56954854240696,8717.186643603603
Bachelors,2014,Bangalore,3,24.0,Male,No,2,0,33.55008572770162,5545.111224743637
Bachelors,2013,Bangalore,3,28.0,Male,No,0,0,42.297146690888646,6527.7089771357405
Bachelors,2013,Bangalore,3,24.0,Male,No,2,0,55.19406856906852,15927.409007711603
Bachelors,2012,Bangalore,3,28.0,Female,No,1,1,41.514988557991316,7995.0460706097
Bachelors,2014,Bangalore,3,26.0,Male,No,4,0,47.156168136815594,10569.063807580907
Masters,2017,New Delhi,2,28.0,Male,No,3,0,47.633080825865946,12525.487490096373
Bachelors,2013,Pune,3,24.0,Female,No,2,1,35.53428759400918,15882.022526752442
Masters,2017,New Delhi,2,24.0,Male,No,2,1,40.86706324956865,6698.46834888688
Bachelors,2014,Bangalore,3,28.0,Female,No,1,1,40.03533866225796,11095.496079161923
Bachelors,2018,Bangalore,3,25.0,Male,No,3,1,30.785901255961942,12276.093637140431
Masters,2012,New Delhi,3,27.0,Female,No,5,0,30.725752916740657,13112.405959573094
Masters,2014,New Delhi,3,26.0,Male,No,4,0,54.9509113102732,17275.40962092825
Bachelors,2017,Bangalore,3,28.0,Male,No,5,0,38.19212429918437,7575.172925648254
Bachelors,2017,Pune,3,28.0,Female,No,1,0,45.542362987164466,17117.471777399332
Bachelors,2016,Bangalore,3,24.0,Male,No,2,0,38.96176720766319,15393.176415449783
Bachelors,2016,New Delhi,3,24.0,Male,Yes,2,0,58.220377353460215,13338.06221298439
Masters,2018,New Delhi,3,28.0,Male,Yes,2,1,37.778902765973214,15492.91805603858
Bachelors,2014,Bangalore,3,25.0,Male,No,3,0,42.88970438216805,11180.266084274845
Masters,2013,New Delhi,3,25.0,Male,No,3,1,56.181907514538054,7075.963789521868
Masters,2017,Bangalore,3,28.0,Female,No,0,1,55.25800700375426,14986.47860398051
PHD,2018,Bangalore,3,26.0,Male,No,4,1,35.583042535388316,12870.084600284334
Bachelors,2017,Bangalore,1,24.0,Male,No,2,0,54.079299293871316,14590.622008141632
Bachelors,2017,New Delhi,2,25.0,Male,No,3,0,43.74560660213678,10069.981715427351
Masters,2015,Pune,2,28.0,Female,No,0,0,44.489066162560654,18602.99866009754
Bachelors,2014,Pune,2,27.0,Female,No,5,1,34.004399172478315,13810.548028633653
Bachelors,2014,Bangalore,3,25.0,Male,No,3,0,32.41804541271374,6281.037264363107
Bachelors,2017,Pune,3,27.0,Male,Yes,5,0,51.83817920921295,11747.05986056643
Bachelors,2017,Bangalore,3,28.0,Male,No,2,0,44.893834570658996,16345.340821154516
Bachelors,2014,Bangalore,3,28.0,Male,No,1,0,43.10552107845538,16912.018425984086
Bachelors,2014,New Delhi,3,28.0,Female,No,3,0,51.8852468595719,12418.955791456381
Bachelors,2015,New Delhi,2,29.0,Female,No,1,1,52.96538696973329,18421.213562469515
Bachelors,2012,Bangalore,3,29.0,Male,No,1,0,34.76724503008061,9015.026557914463
Bachelors,2017,Pune,2,26.0,Male,No,4,0,48.30675448432924,11158.980458573998
Bachelors,2015,Pune,3,28.0,Female,No,2,1,34.060622468330564,18478.95365853455
Bachelors,2016,Pune,3,26.0,Male,No,4,0,52.54125258087137,18443.850747073684
Masters,2017,New Delhi,3,26.0,Female,No,4,0,49.708654688014185,15285.691532370214
Bachelors,2013,Pune,3,26.0,Male,No,4,0,58.69843863250374,17884.708206833304
Bachelors,2017,Bangalore,3,28.0,Male,No,1,0,32.06874049069263,6331.59900434349
Bachelors,2013,Bangalore,3,26.0,Male,No,4,0,31.711641634537628,17974.924643116647
Bachelors,2015,Pune,3,28.0,Female,Yes,2,1,38.465612240796005,9809.298598253401
Bachelors,2017,New Delhi,3,28.0,Female,No,1,0,37.851170512077175,7674.972686423245
Bachelors,2016,New Delhi,3,27.0,Female,Yes,5,0,37.409363972159994,8590.547545130696
Bachelors,2018,Pune,3,27.0,Male,No,5,1,57.1876374156311,11269.527620208306
Bachelors,2014,Bangalore,3,29.0,Male,Yes,2,0,37.48638599548518,8767.880069067009
Bachelors,2015,Pune,2,,Female,No,2,1,38.15849178385893,9808.513790247485
Bachelors,2017,Pune,3,26.0,Female,No,4,1,52.78194787253891,7024.677291074631
Masters,2017,New Delhi,3,28.0,Male,No,2,0,43.4921952735162,9442.651483384978
Bachelors,2017,Pune,3,26.0,Male,No,4,0,53.301316708655435,13584.257218130018
Bachelors,2017,Pune,3,26.0,Female,No,4,1,31.960984726931557,11627.805621365958
Bachelors,2018,Bangalore,3,26.0,Female,Yes,4,1,44.62713581020153,10200.781418538667
Bachelors,2014,Pune,3,30.0,Male,No,2,0,31.008408005498477,16196.78193285671
Masters,2017,New Delhi,3,29.0,Male,No,2,1,31.879596103660635,18402.649570899768
Masters,2017,Pune,2,26.0,Female,No,4,0,57.19312360033233,16351.838343535956
Masters,2015,New Delhi,3,28.0,Female,No,2,0,34.17736113352785,9980.010531765187
Bachelors,2016,Bangalore,3,30.0,Female,No,2,1,45.972620468256515,16166.632517563305
Bachelors,2012,Bangalore,3,26.0,Female,No,4,1,42.33286807802119,7279.702737110768
Bachelors,2014,Bangalore,3,29.0,Male,No,1,0,40.42029978776528,6954.769821369364
Bachelors,2012,Bangalore,3,26.0,Male,No,4,0,56.99500037061817,10184.405555542384
Bachelors,2018,Bangalore,3,26.0,Male,Yes,4,1,30.654701903264684,17115.535535660856
PHD,2018,New Delhi,2,29.0,Female,No,1,1,49.91369058526767,8695.223708634529
Masters,2013,New Delhi,3,26.0,Male,No,4,1,58.901833026406514,5948.801133480194
Masters,2015,Pune,3,30.0,Female,No,2,0,46.805045503855254,6975.643028095326
Bachelors,2018,Pune,3,26.0,Male,No,4,1,58.104673860992754,17881.174527943702
Masters,2013,New Delhi,2,29.0,Female,No,2,1,31.56773637858071,14506.749271209314
Bachelors,2016,Bangalore,3,29.0,Male,No,2,0,42.56379957222484,8798.01745054965
Bachelors,2013,Bangalore,3,28.0,Male,Yes,1,0,37.804733728861535,13329.43737992272
Bachelors,2017,Pune,2,26.0,Female,No,4,1,51.924628949421894,12913.694336380257
Masters,2017,Pune,2,30.0,Female,No,2,0,59.4389127149174,14831.539676609918
Bachelors,2015,Pune,2,30.0,Female,Yes,1,1,37.695901873327436,8497.813316324246
Masters,2017,New Delhi,2,29.0,Female,No,2,1,49.62523804422223,17966.044807915965
Bachelors,2015,Bangalore,3,30.0,Male,No,2,0,35.9429289827922,9640.528431200193
Bachelors,2015,Bangalore,3,27.0,Female,No,5,1,46.9599076371483,15411.974809643552
Bachelors,2017,Pune,3,27.0,Female,No,5,1,43.91797460065008,5241.869695583224
Bachelors,2014,Bangalore,3,30.0,Male,No,2,0,59.16015988894611,10589.856948412209
Bachelors,2014,Bangalore,3,,Female,No,4,0,48.255818180893996,10275.647269382123
Masters,2013,New Delhi,3,26.0,Male,No,4,0,40.485191162604565,13152.266428745217
Bachelors,2013,New Delhi,3,,Female,No,1,1,33.422873546638,6091.043926657947
Bachelors,2018,New Delhi,3,27.0,Female,No,5,1,34.537404862048035,16851.970605891627
Bachelors,2014,Bangalore,3,29.0,Male,No,1,0,36.75950789853705,8266.712026513527
Bachelors,2017,Pune,3,26.0,Female,No,4,1,37.52899984020894,15155.567223230153
Masters,2015,Bangalore,2,27.0,Female,Yes,5,1,55.51848173523413,17048.1818486614
Masters,2017,New Delhi,2,29.0,Female,No,2,0,46.83668364847575,13428.154343622697
Masters,2017,Bangalore,3,26.0,Female,No,4,0,45.70172734123099,16113.248100829782
Bachelors,2015,Bangalore,3,28.0,Male,No,2,0,33.443066156076526,14927.904683225082
Bachelors,2013,Bangalore,3,27.0,Male,No,5,1,55.80419080048305,10332.946957280114
Bachelors,2014,New Delhi,3,28.0,Female,No,2,0,51.68442909625451,17132.87808550348
Bachelors,2012,Bangalore,3,29.0,Male,No,1,1,32.03005085700005,9420.520548282919
Bachelors,2016,New Delhi,3,28.0,Female,No,2,0,51.23505291689306,13568.193766272758
Masters,2012,New Delhi,3,26.0,Female,No,4,1,46.306146520279384,16180.966087123092
Bachelors,2014,Bangalore,3,26.0,Male,No,4,0,32.45176037240335,10684.338647187615
Bachelors,2017,Pune,3,28.0,Male,No,2,0,43.74901924585969,9541.514114261376
Bachelors,2012,Bangalore,2,27.0,Female,No,5,1,44.54088861390141,11890.190152592342
Bachelors,2018,Bangalore,3,28.0,Male,No,1,1,34.97323620489827,17269.452415237305
Bachelors,2015,Pune,2,26.0,Female,No,4,1,58.37094441000847,18948.82644718497
PHD,2016,Bangalore,3,29.0,Female,No,1,0,55.49926114441986,13176.251192898351
Masters,2018,Bangalore,3,30.0,Female,No,2,1,50.07067011987325,14921.993079854778
Bachelors,2014,Bangalore,3,28.0,Female,No,2,0,43.86886683001822,18549.104333583713
Masters,2017,New Delhi,2,30.0,Male,No,2,0,42.35296624753526,6478.2027711941355
Bachelors,2012,Bangalore,3,30.0,Male,No,1,0,49.529204014528624,8481.178667992475
Masters,2017,New Delhi,2,30.0,Male,No,2,0,46.36295608220716,15633.500093773737
Bachelors,2017,New Delhi,3,26.0,Male,No,4,0,31.86819317645657,17356.166928684495
Bachelors,2017,Bangalore,3,28.0,Female,No,2,0,45.375079463109955,17855.43542495867
Masters,2013,New Delhi,3,26.0,Female,No,4,0,54.192108516985186,11226.60765282399
PHD,2015,New Delhi,1,29.0,Male,No,2,0,43.77719632790874,6340.098534378003
Masters,2017,New Delhi,2,27.0,Female,No,5,1,31.558697326628053,11566.722159494298
Bachelors,2016,Pune,3,30.0,Male,No,1,0,53.588345981520995,8461.018853105807
Bachelors,2012,Bangalore,3,26.0,Male,No,4,1,36.04091346407923,9367.946824949362
Bachelors,2014,Pune,2,29.0,Female,No,2,1,37.758625046641164,16584.013352562586
Bachelors,2016,Bangalore,3,30.0,Male,No,2,0,34.941190602968874,6132.906290388303
Bachelors,2013,Bangalore,3,27.0,Female,No,5,0,39.90645194614493,17413.718262210532
PHD,2015,New Delhi,2,29.0,Female,Yes,1,0,52.70254517065905,11415.036287362536
Bachelors,2012,Bangalore,3,27.0,Male,No,5,0,45.58157578511812,13940.958966508926
Bachelors,2018,Bangalore,3,30.0,Male,No,2,1,36.146438224521376,6344.7834685351845
Masters,2017,Pune,2,29.0,Female,No,2,0,56.33490234456123,10060.386175359195
Masters,2016,Bangalore,3,29.0,Female,No,2,0,56.387455648545874,6345.513785222687
Bachelors,2017,Bangalore,3,27.0,Female,No,5,1,56.11735275138021,19423.155843216642
Bachelors,2017,Bangalore,3,28.0,Male,No,2,0,37.16388634144618,17108.92473989376
Bachelors,2017,Bangalore,3,27.0,Female,No,5,0,43.537180325429645,11894.491315346902
Bachelors,2012,New Delhi,3,29.0,Male,No,1,0,59.54968968422625,8354.038224855067
Bachelors,2017,Bangalore,3,26.0,Male,No,4,0,53.16037428929971,19001.826578747783
Bachelors,2013,Bangalore,3,28.0,Female,No,1,1,30.815022636766795,10168.948935904577
Bachelors,2013,Pune,2,29.0,Female,No,1,1,31.95613773781476,7414.766475310622
Bachelors,2015,Bangalore,1,27.0,Male,No,5,0,43.91794130436998,13447.465826809323
Bachelors,2016,Bangalore,3,30.0,Male,No,1,0,57.27660617584681,19156.611805172244
Bachelors,2013,New Delhi,3,30.0,Female,No,1,0,46.161053938581425,5057.454357504838
Masters,2017,Pune,2,27.0,Male,No,5,1,44.934375241028704,8571.872648809982
Masters,2017,Pune,2,29.0,Male,No,2,0,33.16421099869892,19076.714606156114
Bachelors,2016,New Delhi,3,29.0,Female,No,1,0,49.70340314172882,7566.289502857431
Bachelors,2014,Bangalore,3,26.0,Male,No,4,1,54.66309481800677,6698.651774597298
Bachelors,2014,Bangalore,3,26.0,Male,No,4,0,41.41260022522687,13552.808236997067
Bachelors,2015,New Delhi,3,28.0,Female,Yes,1,0,53.26835552775982,17927.65734942245
Bachelors,2013,Pune,2,28.0,Female,No,1,1,58.93429961702435,12156.647265408892
Bachelors,2016,Bangalore,3,27.0,Female,Yes,5,0,36.112993773830674,19918.46385026787
Bachelors,2017,Bangalore,3,26.0,Male,No,4,1,45.69988893584224,15187.575493069893
Bachelors,2014,New Delhi,3,30.0,Male,No,2,1,38.614138742537264,6111.123608156716
Bachelors,2015,Pune,2,30.0,Male,No,2,1,53.785632571015185,19892.48197522963
Bachelors,2016,Bangalore,3,27.0,Male,No,5,0,47.32780097643473,11118.413551702855
Bachelors,2015,Pune,3,26.0,Female,No,4,1,49.03747252650911,9311.038007682237
Bachelors,2014,New Delhi,3,30.0,Male,No,1,0,53.93742478847682,13368.187753668284
Masters,2017,Pune,2,26.0,Male,No,4,1,41.879114179873646,9564.613877312964
Bachelors,2016,Bangalore,3,27.0,Male,No,5,0,57.45270205221129,6296.862606802285
PHD,2017,Pune,3,28.0,Male,No,1,0,45.9908660173842,5021.425146187651
Bachelors,2015,New Delhi,3,30.0,Female,No,2,0,34.73864468506044,11743.750293803934
Bachelors,2016,Bangalore,3,,Male,No,2,0,50.876973545064075,17552.951333398883
Bachelors,2012,Bangalore,3,28.0,Male,No,2,0,53.797840513147634,13584.727784451148
Bachelors,2014,Bangalore,1,30.0,Male,Yes,2,1,39.5028503120258,19988.109484151613
Bachelors,2013,Bangalore,3,27.0,Male,No,5,1,55.71537770996259,9302.699684708
Masters,2017,Pune,2,30.0,Male,No,2,0,57.18429764297299,9206.82597140083
Bachelors,2012,Bangalore,3,30.0,Male,No,2,0,38.30713462133427,7396.2419035091625
Masters,2017,New Delhi,2,26.0,Male,No,4,0,59.50564418145666,7460.953823980028
Bachelors,2014,Pune,2,26.0,Male,No,4,0,34.22134584146275,9277.798940150718
Bachelors,2013,Bangalore,3,29.0,Female,No,1,1,36.0604700520747,16892.600679102907
Bachelors,2015,Pune,3,29.0,Female,No,2,1,35.52674517714078,18586.351859546718
Bachelors,2013,Bangalore,3,28.0,Female,No,1,0,56.819691300236116,19626.307545615222
Masters,2016,Bangalore,3,,Male,No,1,0,49.62877656974885,8484.34481144679
Masters,2016,New Delhi,3,26.0,Female,No,4,0,34.563128496668185,18219.463184211374
Bachelors,2015,Bangalore,3,26.0,Male,No,4,0,43.20970255105047,9923.826339160056
Bachelors,2016,Pune,3,26.0,Male,No,4,0,48.458940752094065,6692.608167753266
Masters,2015,New Delhi,1,27.0,Male,Yes,5,1,32.5039225496815,18050.373882802487
Bachelors,2012,Bangalore,3,28.0,Male,No,1,1,56.472491052220164,14541.58451965428
Masters,2017,Pune,2,27.0,Male,No,5,0,54.108106063246055,7470.963441215926
Masters,2015,Pune,2,29.0,Female,No,2,0,45.15620320729914,11447.468862695037
Bachelors,2012,Bangalore,3,28.0,Male,No,2,0,59.01379845777511,9308.865423156014
Bachelors,2012,Pune,2,28.0,Male,No,2,1,42.53282937825299,16051.918530652954
Bachelors,2015,Pune,2,27.0,Female,No,5,1,59.523309571094934,11801.243459364021
Masters,2017,Pune,2,29.0,Female,No,1,0,50.03759996410881,19839.199176595772
Bachelors,2014,Pune,2,28.0,Female,No,1,1,49.04013819761825,5821.174733893927
Masters,2012,New Delhi,1,29.0,Female,No,1,0,34.978646858873546,10325.2289920437
Bachelors,2015,Bangalore,3,30.0,Female,No,2,0,56.45783274913932,12228.50250664966
Masters,2017,Bangalore,2,26.0,Male,Yes,4,1,42.82469063761845,12547.003321224796
Bachelors,2012,Bangalore,3,26.0,Male,No,4,0,34.86700217347438,9739.037335784553
Bachelors,2013,Bangalore,1,30.0,Male,No,1,0,30.37822559927277,15938.60373646352
Masters,2017,New Delhi,3,30.0,Male,Yes,2,0,46.79267050915148,18121.20610233462
Bachelors,2015,Pune,2,27.0,Female,Yes,5,1,45.82198866368029,19080.789529667945
Bachelors,2016,Bangalore,3,28.0,Male,No,2,1,51.580608671074756,17076.400651992895
Bachelors,2017,Pune,2,26.0,Female,No,4,1,56.70774159053406,17758.70295959899
Masters,2015,New Delhi,2,26.0,Female,No,4,0,32.382197539290885,13258.179509299933
Bachelors,2015,Pune,2,26.0,Female,No,4,1,51.944894710210875,17388.32339640222
PHD,2013,New Delhi,3,27.0,Female,Yes,5,0,35.62235832292747,9552.558637219283
Bachelors,2014,Bangalore,3,27.0,Male,No,5,1,55.74531159471492,10977.181431638215
Bachelors,2013,New Delhi,3,29.0,Female,No,1,0,54.571905415849685,9753.695207278164
Masters,2017,Pune,3,29.0,Male,No,2,0,46.22381264956633,12010.810031718882
Bachelors,2016,Pune,3,28.0,Male,No,2,0,51.307283958699344,9283.694243579546
Bachelors,2013,Bangalore,3,26.0,Male,No,4,0,39.43050339551245,19424.171633816703
Bachelors,2013,Bangalore,3,,Male,No,1,0,44.13503696798444,9692.669420085022
Bachelors,2016,Pune,3,29.0,Male,No,2,0,54.64910693131415,6470.668071664098
Masters,2016,New Delhi,3,26.0,Male,No,4,0,43.777955915196415,12902.257490756201
Bachelors,2015,Bangalore,3,30.0,Female,No,1,1,40.733947959763256,5856.486176677646
Bachelors,2014,Bangalore,3,26.0,Male,No,4,0,44.826373417509,6658.147494628708
Bachelors,2013,Bangalore,3,27.0,Female,No,5,0,54.84747757311655,8290.840837943695
Bachelors,2016,Bangalore,3,29.0,Male,No,2,0,40.05624142112618,11965.253748232124
Bachelors,2016,Bangalore,3,29.0,Male,No,1,0,35.21284779407232,11498.763984635418
Masters,2014,New Delhi,3,29.0,Male,No,1,0,51.36042060992342,16995.37793004187
Bachelors,2014,Bangalore,3,27.0,Male,No,5,0,54.779346381242455,16092.119808261701
Bachelors,2012,Bangalore,1,27.0,Female,No,5,0,33.019124355706,11394.77440986052
Bachelors,2015,New Delhi,3,26.0,Female,No,4,0,37.19622338267834,10005.56311363445
Bachelors,2015,Pune,1,28.0,Female,No,2,1,34.25915969282982,9747.031760922478
Bachelors,2015,Pune,2,28.0,Female,No,1,1,40.438242347465,16609.926309410133
Bachelors,2018,Pune,2,28.0,Female,No,2,1,43.51052936716238,5781.086093319046
Bachelors,2015,Pune,3,,Female,Yes,1,1,52.464790108899194,5192.324742659087
Bachelors,2015,Pune,3,29.0,Male,No,2,0,49.534427546450225,16933.165878899723
Bachelors,2013,Bangalore,3,27.0,Male,No,5,0,48.627857024352934,12157.19563983574
Bachelors,2014,Pune,2,27.0,Female,No,5,1,40.57124839828963,6963.21707830364
Bachelors,2014,Bangalore,3,27.0,Male,No,5,1,55.2434265925428,8533.489018917518
Bachelors,2016,Bangalore,3,30.0,Male,Yes,1,0,44.138615021944936,18987.55929646074
PHD,2015,New Delhi,3,28.0,Male,No,2,1,59.37314814045463,17892.54463437347
Bachelors,2014,Pune,3,29.0,Male,No,2,0,49.024264148872106,15646.775753359589
Bachelors,2015,Bangalore,3,29.0,Male,No,1,0,33.78794224693508,12233.378455059898
Bachelors,2013,Pune,3,30.0,Male,No,2,0,50.28532686226302,12804.854392870786
Bachelors,2013,Bangalore,3,28.0,Male,Yes,1,0,39.75312046295097,19628.66802925938
Bachelors,2015,Pune,2,29.0,Female,No,2,1,50.58981590058292,19486.556658264308
Bachelors,2017,Bangalore,3,30.0,Male,No,1,0,32.089234444872176,8229.035686787514
Bachelors,2012,Bangalore,3,27.0,Male,No,5,0,35.24644311527878,17166.56849457977
Masters,2017,New Delhi,2,27.0,Male,No,5,0,55.67211776717359,7958.639992505252
Bachelors,2018,Bangalore,3,29.0,Male,No,1,1,36.81538671070545,8203.062168259272
Masters,2012,New Delhi,1,30.0,Female,No,2,1,55.111233757288204,15141.39551246865
Masters,2016,New Delhi,3,28.0,Female,No,2,0,38.37828265363231,11075.016478813226
Bachelors,2016,Bangalore,3,26.0,Male,No,4,0,49.28645730176123,18973.166106597804
Bachelors,2012,Bangalore,3,28.0,Female,No,1,0,50.82451720529493,6335.146023440133
Bachelors,2018,Pune,3,27.0,Male,No,5,1,45.37964259435159,12672.884612142396
Bachelors,2014,Bangalore,3,29.0,Female,No,2,0,39.15932030090194,18777.822956646818
PHD,2017,Bangalore,3,27.0,Male,No,5,0,36.379331291132885,18561.70490719258
Bachelors,2017,Bangalore,3,29.0,Male,No,2,0,30.995680636872788,7347.938201236118
Bachelors,2014,Bangalore,3,28.0,Male,No,2,0,39.11839203722171,10499.565501446847
Bachelors,2014,Bangalore,3,26.0,Female,No,4,0,49.594883715938494,14286.821000700444
Bachelors,2012,Bangalore,3,28.0,Male,No,2,0,58.14914455345448,7390.923271571033
Masters,2018,Bangalore,3,28.0,Female,No,2,1,56.136134467891566,19520.33258068608
Bachelors,2017,Bangalore,3,28.0,Female,No,1,0,52.98194329605908,18721.239930914904
Bachelors,2015,Bangalore,3,28.0,Male,No,1,0,53.653420297598956,7504.252685517038
Bachelors,2014,New Delhi,3,29.0,Female,No,1,0,49.94954710427986,6817.331918914781
Masters,2017,New Delhi,3,28.0,Male,,2,0,37.80860572698009,6281.127242123979
Masters,2017,New Delhi,3,29.0,Male,No,1,0,57.21585092117489,18641.654960549466
Bachelors,2014,Pune,2,29.0,Male,No,2,1,50.12196935717502,7904.357146931912
Masters,2013,New Delhi,3,26.0,Male,No,4,1,46.813218929413196,11244.273928165321
Bachelors,2014,Bangalore,3,30.0,Male,No,1,0,33.32968407640443,11732.770484780045
Bachelors,2013,New Delhi,3,26.0,Female,No,4,0,43.411666314192765,13985.165663203514
Bachelors,2014,Bangalore,1,29.0,Male,No,2,0,43.81074813605779,6076.030156211375
Masters,2016,Pune,3,29.0,Male,No,2,0,55.936908285680104,8401.37926100774
PHD,2016,Pune,1,28.0,Male,No,2,0,46.399446605633656,18972.35580378389
PHD,2015,Bangalore,3,29.0,Male,No,2,0,41.41201646911229,18626.151609028544
Bachelors,2014,Bangalore,3,28.0,Male,No,1,0,59.30400985531978,16719.35971108538
Bachelors,2015,Pune,2,26.0,Female,Yes,4,1,33.32161779978947,5291.018684273232
Bachelors,2015,Bangalore,3,28.0,Female,No,1,0,42.67645284935834,9905.101527441531
Bachelors,2015,Pune,3,28.0,Male,Yes,2,0,31.26074025514216,14419.381030143617
Bachelors,2016,New Delhi,3,26.0,Female,No,4,0,52.19712362300791,9127.853176602135
Bachelors,2014,Bangalore,3,29.0,Male,No,1,1,57.54229656597452,18643.800425806658
Bachelors,2013,Bangalore,2,30.0,Female,No,1,1,38.401119886514685,14508.341927486628
Bachelors,2015,Bangalore,3,29.0,Male,Yes,1,0,55.75025030397363,6078.600759746684
Bachelors,2012,Bangalore,3,26.0,Male,No,4,0,38.766546913856935,18635.083832535543
PHD,2017,New Delhi,3,29.0,Male,No,1,0,57.32310484931746,19366.49987264334
Masters,2017,New Delhi,3,29.0,Male,No,2,0,52.61885710790352,6165.6862758758825
Bachelors,2015,Pune,2,30.0,Female,Yes,1,1,54.14720330524316,12985.403522919723
Bachelors,2012,New Delhi,3,26.0,Female,No,4,0,30.540196668013635,9550.464233212557
Bachelors,2013,Pune,3,,Male,No,1,0,58.88431071222078,10892.586147221034
Bachelors,2012,Bangalore,3,30.0,Female,No,1,1,51.8001297621097,7694.7682693301285
Bachelors,2015,New Delhi,3,26.0,Female,No,4,0,39.142532861584,13671.081530186188
Bachelors,2015,Pune,3,28.0,Female,Yes,2,1,54.88183994576541,19369.69029873336
Bachelors,2014,Bangalore,3,29.0,Male,No,1,0,38.4456359524479,12546.089004074136
Bachelors,2013,Pune,2,28.0,Female,No,1,1,56.18261518698384,6243.718720917217
Bachelors,2016,Bangalore,3,28.0,Female,No,1,0,33.37741171235811,14300.020002161125
Masters,2018,New Delhi,3,30.0,Female,No,2,1,51.11057932382387,10103.344916768856
Bachelors,2018,Pune,3,,Male,Yes,1,1,46.22095429934731,17838.877843869468
Bachelors,2016,Bangalore,3,30.0,Female,Yes,2,0,32.89603410586322,11520.172224747053
Bachelors,2015,Bangalore,3,26.0,Male,No,4,0,37.25681484776517,7892.594134133684
Masters,2017,Pune,2,27.0,Male,Yes,5,1,30.372121088319442,7866.584340367174
Masters,2017,Pune,2,26.0,Female,No,4,1,44.06303896393517,16531.462710817406
Masters,2017,New Delhi,3,,Male,No,4,1,39.03795782280001,8983.813974610399
Bachelors,2017,Pune,2,30.0,Female,No,2,1,47.95072452893277,16508.500912388343
Bachelors,2012,Bangalore,3,28.0,Male,No,1,0,38.917134231258515,8088.309661498991
Bachelors,2014,Bangalore,3,,Male,No,2,0,38.99757334520954,9825.295530519641
PHD,2015,Bangalore,3,29.0,Female,No,1,0,52.2957959619481,11982.304586595492
Masters,2015,New Delhi,3,26.0,Male,No,4,1,31.444285079350603,19147.93774540176
Bachelors,2017,Pune,3,30.0,Male,No,2,0,57.08684985575962,18975.97137130737
Bachelors,2014,New Delhi,3,28.0,Female,No,1,0,55.567916231735445,8103.078131334317
Bachelors,2013,Bangalore,1,30.0,Male,No,1,0,50.03414049679219,10373.285618646092
Bachelors,2016,Bangalore,3,27.0,Female,No,5,1,47.79664710322153,7240.990826806585
Bachelors,2014,Pune,1,28.0,Male,No,1,0,56.76907494418957,12649.776189702457
Bachelors,2015,Bangalore,3,30.0,Male,No,1,0,35.559905385861434,11908.73826042
Bachelors,2013,New Delhi,3,,Male,No,5,0,32.369074865724855,18511.40243676099
Bachelors,2017,Pune,2,27.0,Male,No,5,0,37.18530509728615,18950.080666866088
Masters,2017,New Delhi,2,28.0,Male,No,1,1,53.83734836100571,10753.510865109381
Masters,2017,New Delhi,2,27.0,Male,No,5,1,31.0401080017945,12376.06914528484
Masters,2014,New Delhi,3,27.0,Male,No,5,0,47.48420505250469,18443.543737191998
PHD,2014,New Delhi,2,27.0,Female,No,5,0,59.8631254857393,17100.61711617592
Bachelors,2015,Bangalore,3,29.0,Male,No,2,0,55.670882815126184,5054.844670169739
Bachelors,2012,Pune,3,27.0,Male,No,5,0,45.643370671307686,9800.893462753738
Bachelors,2017,Bangalore,3,30.0,Male,No,2,0,31.90922727859927,11326.613629041887
Bachelors,2014,Bangalore,1,27.0,Female,No,5,0,54.94120543157129,8445.744255248475
Bachelors,2014,Pune,1,26.0,Male,No,4,0,47.969355245316315,7993.5742384390815
Bachelors,2012,Bangalore,3,29.0,Male,Yes,2,0,33.447989911787005,5566.767598935195
Bachelors,2012,New Delhi,3,30.0,Male,No,1,0,32.81571854470069,14650.545876046408
Bachelors,2015,Bangalore,3,,Female,No,5,0,57.28880458309777,8937.654357247484
Masters,2017,New Delhi,2,30.0,Female,No,2,0,50.07600788814236,5785.207676469697
Masters,2018,New Delhi,3,29.0,Male,No,2,1,54.87860397950267,8464.689657920955
Bachelors,2015,Bangalore,3,28.0,Male,No,2,0,56.36936700846802,17028.7092925419
Bachelors,2013,Bangalore,3,26.0,Female,No,4,0,47.15317056144967,17772.337724698198
Masters,2016,New Delhi,3,27.0,Male,Yes,5,1,45.523390552651236,12245.99367789954
Bachelors,2014,Pune,1,26.0,Female,No,4,1,42.9128223096297,11241.060056130293
Bachelors,2017,Pune,3,,Male,Yes,5,0,39.50839763373358,19667.805402526727
PHD,2013,New Delhi,3,30.0,Male,No,1,0,43.037878825761354,8008.469893821049
Masters,2018,Bangalore,3,26.0,Male,No,4,1,53.21638967190469,8230.389242819127
Bachelors,2012,Bangalore,3,26.0,Male,No,4,0,48.05770293045394,9378.007655545996
Bachelors,2013,Bangalore,3,26.0,Male,No,4,0,56.775698698645385,7591.359774216309
Bachelors,2015,New Delhi,3,26.0,Female,No,4,0,43.30140043137563,10690.4839730628
Bachelors,2016,Pune,3,29.0,Male,No,2,0,48.21268736156262,18662.513404846308
Bachelors,2018,Bangalore,3,29.0,Female,Yes,2,1,48.93922659275966,14230.217609428615
Bachelors,2016,Bangalore,3,28.0,Male,No,1,0,47.75091486918977,11179.198229183956
Masters,2012,Pune,3,30.0,Male,No,1,0,51.07901319256549,19016.16191856822
Bachelors,2014,Bangalore,3,30.0,Female,No,2,0,37.12300405124419,5726.963487137335
Bachelors,2013,Bangalore,3,27.0,Male,No,5,1,45.37091332637372,8154.14266852792
Bachelors,2014,Bangalore,3,29.0,Female,No,1,0,33.12674408425043,13488.329076526385
Bachelors,2013,Pune,3,28.0,Male,No,2,0,41.53533982934438,14233.289347897688
Bachelors,2014,Pune,3,29.0,Male,No,2,0,44.63001205863793,5593.362598439197
Bachelors,2012,Bangalore,1,30.0,Female,No,2,0,49.566727786364176,11045.581368606981
Bachelors,2018,Pune,3,28.0,Male,No,2,1,58.5159315775861,14737.309472463092
Bachelors,2012,Bangalore,3,30.0,Female,Yes,2,0,48.01953199645068,15471.058196051024
Masters,2017,New Delhi,2,30.0,Male,No,1,0,52.307817485296795,14572.09853774404
Bachelors,2014,New Delhi,3,27.0,Female,No,5,0,45.187981784856085,9808.448365413868
Masters,2014,New Delhi,3,29.0,Male,No,2,0,49.02312094128994,6402.801853968643
Bachelors,2016,Bangalore,3,29.0,Male,No,2,0,32.1279664840132,11406.686696290011
Bachelors,2014,Pune,2,28.0,Female,No,2,1,37.63174742525541,6931.316560520832
Bachelors,2017,New Delhi,3,26.0,Male,No,4,0,40.85559279615416,19214.35487781001
Bachelors,2018,Pune,3,28.0,Male,No,1,1,44.17480065019541,12127.562990339424
Bachelors,2016,Pune,3,29.0,Male,No,1,0,31.369462365071513,9758.887615353015
Bachelors,2015,Pune,3,26.0,Female,Yes,4,1,34.20072292659953,16494.5610667835
Masters,2017,Bangalore,3,27.0,Male,No,5,1,38.30442923373917,12469.228888733958
Masters,2017,New Delhi,2,26.0,Male,No,4,0,59.14598072703152,9650.510360186752
Masters,2013,New Delhi,3,26.0,Female,No,4,1,39.940410213091525,17179.516135862024
Bachelors,2017,Bangalore,3,29.0,Male,No,1,0,44.461231743362475,18007.28226501683
Masters,2013,New Delhi,3,27.0,Female,No,5,0,35.88293138215179,15095.122494330155
Bachelors,2012,Pune,2,30.0,Female,No,2,1,48.323402132273046,5704.46633611501
Bachelors,2013,New Delhi,3,26.0,Male,No,4,0,38.42049646547923,13494.843202497981
Bachelors,2015,Pune,2,28.0,Female,No,1,1,36.2097773531528,16449.423679959225
Bachelors,2013,New Delhi,3,27.0,Male,No,5,0,45.497178853379374,7047.545181253732
Bachelors,2015,Pune,2,29.0,Female,Yes,2,1,30.165173974812625,8430.06127076905
Bachelors,2012,Bangalore,1,,Female,No,5,0,30.22992097947676,18237.426576022044
Bachelors,2012,Bangalore,3,28.0,Male,No,2,0,36.57206427305573,5301.82582779611
Bachelors,2015,New Delhi,3,26.0,Male,No,4,0,31.101640875024636,16290.90706738964
Bachelors,2017,New Delhi,3,28.0,Female,No,1,0,33.24077262392074,12106.599387716344
Bachelors,2013,Bangalore,3,27.0,Male,No,5,0,40.16581948016255,11701.582382594102
Masters,2014,Bangalore,3,28.0,Male,No,1,1,54.07757038739439,5106.4479874233075
Bachelors,2015,Bangalore,3,29.0,Male,No,1,0,47.16145930107902,17290.973464497394
Bachelors,2017,New Delhi,3,27.0,Female,No,5,0,45.38003177869249,10397.373509548497
Bachelors,2012,Bangalore,3,27.0,Male,,5,0,38.80466469624365,13111.484469508145
Masters,2017,New Delhi,2,30.0,Male,No,2,0,57.95261158298449,15159.510295034892
Bachelors,2015,Bangalore,3,28.0,Female,No,2,0,41.91045123711575,15539.443646568738
Masters,2017,Bangalore,1,27.0,Male,No,5,0,32.61278300387315,19339.700882391084
Bachelors,2015,Bangalore,3,27.0,Male,No,5,0,48.51199548353404,12970.099298549136
Bachelors,2018,Bangalore,3,27.0,Male,Yes,5,1,33.41515180429804,10995.793264616414
Masters,2017,Pune,2,30.0,Male,No,1,0,40.35669428405076,19305.55439737562
Bachelors,2013,Pune,3,29.0,Male,No,2,0,45.22235816153427,14631.653525382817
Bachelors,2013,Pune,3,29.0,Male,No,2,0,56.22667574055527,9472.255344148334
Bachelors,2012,Pune,3,27.0,Male,Yes,5,0,44.80639741020356,6896.963681053568
Bachelors,2015,Pune,3,30.0,Female,No,1,1,51.06776298094993,17638.31752197772
Bachelors,2015,Pune,2,29.0,Female,No,2,1,59.78450516997211,10432.724041912274
Masters,2018,Pune,3,26.0,Male,No,4,1,33.94467359693945,14907.045820466468
Masters,2013,Bangalore,2,29.0,Female,No,2,1,38.241945765585584,12062.246290488472
Bachelors,2014,Bangalore,1,28.0,Male,No,2,1,41.837282267929396,7983.946696925575
Bachelors,2015,Bangalore,3,30.0,Male,No,1,0,42.65484535616494,14025.299129306975
Bachelors,2015,Pune,2,27.0,Female,No,5,1,42.33063225796637,5910.246034260234
Bachelors,2014,Bangalore,3,28.0,Female,Yes,1,0,57.22833007669665,11200.136898067884
Masters,2015,New Delhi,3,27.0,Male,No,5,0,51.42097933400569,13199.224094955065
Masters,2017,New Delhi,2,26.0,Male,No,4,1,48.237156422721114,11540.704611778685
Bachelors,2018,Bangalore,3,28.0,Male,No,1,1,39.28118153588346,16230.082628764863
Bachelors,2015,New Delhi,3,28.0,Female,No,2,0,54.71371152663884,17418.87431817969
Bachelors,2013,Bangalore,3,27.0,Male,No,5,0,58.65181534454967,16568.64611049767
Bachelors,2013,Pune,1,26.0,Female,No,4,1,54.6359484765068,5582.1942171770315
Masters,2017,New Delhi,2,30.0,Male,Yes,2,0,30.046953155744188,7911.931556689583
Bachelors,2015,Bangalore,3,28.0,Female,No,1,0,49.09204110550221,13049.112638956614
Bachelors,2013,Bangalore,3,27.0,Male,Yes,5,0,31.53406144326302,19022.33060665702
Bachelors,2012,Bangalore,3,26.0,Male,No,4,1,37.72821661001166,17524.351625781754
Bachelors,2018,Bangalore,3,28.0,Male,No,2,1,31.78574101043315,17638.017625277025
Masters,2017,New Delhi,2,28.0,Male,No,2,0,48.113863588481635,9548.122906395123
Bachelors,2015,Bangalore,3,29.0,Male,No,2,0,50.5976974047782,11441.718456180539
Bachelors,2012,New Delhi,3,30.0,Male,No,1,1,33.434629141977155,12060.58920973906
Masters,2016,Pune,3,30.0,Male,No,1,0,41.51516649134938,7360.573750248656
Bachelors,2014,Pune,3,30.0,Male,No,1,0,43.68709526866626,5466.021953666845
Bachelors,2018,Bangalore,3,26.0,Male,No,4,1,41.071590652827496,19203.543491907752
Masters,2017,Bangalore,3,26.0,Male,No,4,1,33.630750014555794,8610.688784952601
Bachelors,2012,New Delhi,3,27.0,Female,No,5,0,42.56843370562426,8599.23355585447
Bachelors,2018,Bangalore,3,26.0,Female,Yes,4,1,52.535341434252544,6250.685806531394
PHD,2014,Bangalore,3,27.0,Male,No,5,0,32.13022993599766,18927.61627915668
Masters,2017,New Delhi,2,26.0,Male,Yes,4,1,32.405400422457106,13696.05672409658
Bachelors,2013,Bangalore,3,30.0,Female,No,1,1,40.64313875507953,15005.552856880307
Bachelors,2012,Bangalore,3,30.0,Female,No,2,0,58.25177134856775,18673.653308945788
Masters,2018,New Delhi,3,26.0,Male,Yes,4,1,50.05717940168742,10184.302533511844
Bachelors,2013,Bangalore,1,28.0,Female,No,1,0,50.36009870017695,14322.609667071261
Bachelors,2017,Bangalore,3,30.0,Male,No,1,0,40.85759972513595,5581.991820933312
Masters,2017,Pune,2,30.0,Female,No,2,1,47.80982373625615,7801.58792346694
PHD,2016,Bangalore,3,27.0,Male,No,5,0,30.3039355208323,17468.68707634914
Bachelors,2016,New Delhi,3,28.0,Female,No,2,0,49.08288139228627,16501.525345075035
Bachelors,2015,Pune,2,29.0,Female,No,1,1,57.3986084272871,10259.640371857204
Bachelors,2013,Bangalore,3,27.0,Female,No,5,0,48.377204050344574,10652.159416613187
Masters,2014,Pune,3,27.0,Male,No,5,0,56.210957803990354,13003.316503303693
Masters,2017,New Delhi,2,26.0,Female,Yes,4,1,51.71919166398281,5003.615070277018
Masters,2017,New Delhi,2,,Female,No,1,0,33.616752492110706,8618.665040570419
Masters,2018,New Delhi,3,27.0,Female,No,5,1,57.073599218575254,8123.477129123216
Bachelors,2017,Pune,2,29.0,Male,No,1,0,31.993315330673248,8757.244201246453
Masters,2014,New Delhi,1,29.0,Male,No,1,0,46.019024176432914,17088.58763800162
Bachelors,2015,Pune,2,30.0,Female,No,2,1,34.26411371380373,9195.107848196647
Bachelors,2014,Bangalore,3,30.0,Male,No,2,1,30.35119832192712,7872.8198307522225
Masters,2018,New Delhi,1,30.0,Female,No,2,0,42.66102780382917,12563.951911895474
Bachelors,2017,Bangalore,3,29.0,Male,No,1,0,38.851221229624684,17984.67554559098
Bachelors,2016,Pune,3,28.0,Male,No,2,0,44.58001481392809,8620.245557562499
Bachelors,2018,Bangalore,3,26.0,Female,No,4,1,47.31599660203652,6178.04364189198
Bachelors,2014,Bangalore,1,28.0,Female,No,2,0,31.312172169268422,10346.07103774497
Masters,2017,New Delhi,2,29.0,Female,No,2,0,33.69009885371237,16214.777368474666
Masters,2013,New Delhi,3,,Male,No,4,1,46.75927189351276,13260.35817042192
Bachelors,2017,New Delhi,2,28.0,Female,No,1,0,40.29502059517975,17251.90054361521
Bachelors,2016,Bangalore,3,30.0,Female,No,1,0,51.87520462648344,19393.88221413851
PHD,2015,Pune,3,27.0,Male,,5,0,49.56874945775819,16889.93715127426
Bachelors,2016,Bangalore,3,29.0,Male,No,2,0,55.368130889697206,14057.0461826563
Bachelors,2014,Pune,2,,Female,No,2,1,50.77478480007676,12400.123820785708
Bachelors,2016,Bangalore,3,26.0,Male,No,4,0,42.897932321704445,5601.036295224
Masters,2017,New Delhi,2,30.0,Female,Yes,2,0,50.18899867183298,19764.82968221062
PHD,2013,New Delhi,3,30.0,Female,No,2,0,38.26143522766256,10752.216838625638
Bachelors,2015,Bangalore,3,29.0,Male,No,2,0,39.18940496334638,7283.423208753002
Bachelors,2017,Bangalore,3,28.0,Male,No,2,0,53.6695547976238,15000.632830946852
Bachelors,2015,Bangalore,3,29.0,Male,No,2,1,43.392585492047466,9264.32433643189
Bachelors,2015,Pune,1,26.0,Female,No,4,1,53.951410215550574,13786.674063965715
Bachelors,2013,Bangalore,3,,Male,No,1,0,54.67267121004835,13801.518617668868
Bachelors,2015,Pune,2,29.0,Female,No,2,1,55.72687012983852,11685.947313543038
Bachelors,2013,Bangalore,3,26.0,Male,Yes,4,0,57.49905707523622,17541.77923317564
Masters,2014,Pune,3,30.0,Male,No,2,0,42.92955661539889,8974.505923331646
Masters,2017,Pune,2,30.0,Male,Yes,2,0,39.566004549634165,11729.488874266011
Bachelors,2017,Pune,3,27.0,Male,No,5,0,47.46596239782342,13065.381928864572
Bachelors,2014,New Delhi,3,28.0,Female,Yes,2,0,41.13517270312883,14954.370811509494
Bachelors,2014,New Delhi,3,27.0,Female,No,5,0,48.03222500400699,16759.577757583844
Bachelors,2015,Pune,2,29.0,Female,Yes,1,1,51.16757587931474,10922.10924317384
Bachelors,2013,Pune,3,26.0,Male,No,4,0,50.652150554764106,14690.70416144894
Bachelors,2014,New Delhi,3,30.0,Male,No,1,0,41.23658661060364,7259.164296027787
Bachelors,2013,Pune,2,26.0,Male,No,4,0,35.00580605096258,18989.72150813718
Bachelors,2016,Bangalore,3,26.0,Male,No,4,0,42.915880153866226,10745.882096315054
Masters,2017,New Delhi,2,28.0,Female,No,2,0,34.27782432245726,15942.821329646576
Masters,2017,New Delhi,2,27.0,Male,No,5,1,56.70291105551425,5305.116228232665
Bachelors,2017,Pune,2,29.0,Female,No,1,1,40.376323822135724,8077.807143572105
Masters,2017,New Delhi,2,28.0,Female,No,1,1,34.63379241669971,12306.23816485367
Bachelors,2017,New Delhi,2,26.0,Male,No,4,0,30.763432797172527,18173.7870159852
Bachelors,2014,Bangalore,3,29.0,Female,No,1,1,49.37467158859452,12908.827249260157
Bachelors,2012,Bangalore,3,28.0,Male,No,1,0,49.107069523642295,18948.057234408185
Bachelors,2016,Bangalore,3,27.0,Male,No,5,0,40.21812499743875,12256.953448741944
Bachelors,2012,Bangalore,3,28.0,Female,No,1,0,32.15135666542953,12356.736451039249
Masters,2015,Pune,2,30.0,Female,No,2,1,42.28886684685696,6796.201827507978
Masters,2017,New Delhi,2,28.0,Male,No,2,0,39.33652485190181,17039.843662283296
Masters,2015,Pune,2,29.0,Female,No,1,0,50.31361919205028,8704.481187005938
Masters,2015,Bangalore,3,26.0,Male,No,4,1,48.17337748358071,18494.187340584725
Bachelors,2013,Bangalore,3,26.0,Male,No,4,0,40.9378118459262,18662.363304955943
Bachelors,2017,Bangalore,3,,Female,No,1,0,36.5367766276497,19149.65167811225
Bachelors,2017,Bangalore,3,27.0,Male,Yes,5,0,59.64107898466776,12803.457336546351
Bachelors,2014,New Delhi,3,29.0,Female,No,2,0,43.62004863588345,15156.406771754666
Bachelors,2017,New Delhi,3,27.0,Female,No,5,0,50.648227073407114,16677.738200924952
Masters,2017,Pune,2,28.0,Female,No,2,0,34.21658902735082,6965.219279756984
Masters,2013,New Delhi,3,27.0,Female,No,5,1,44.56769098978194,14014.357924962458
Masters,2017,New Delhi,3,27.0,Male,Yes,5,1,30.826101596083966,5514.468519549675
Bachelors,2013,Bangalore,3,30.0,Male,No,2,0,45.1636535373135,12463.491250830888
Bachelors,2015,Pune,2,,Female,Yes,5,1,58.92052221353107,7322.640224303412
Bachelors,2014,Bangalore,3,26.0,Male,No,4,0,41.526201389574005,7743.843889431271
Bachelors,2015,Bangalore,2,27.0,Female,No,5,1,31.16988037724735,10475.713500389022
Bachelors,2015,Bangalore,3,30.0,Male,No,2,1,30.928673727580307,11486.557500747545
Masters,2017,Bangalore,2,27.0,Male,No,5,0,41.63960279840609,14347.586367982809
Bachelors,2017,Bangalore,3,30.0,Male,No,2,1,34.80074809389582,6116.426276577735
Bachelors,2016,Pune,2,30.0,Female,No,2,1,30.70056288984558,12555.37641856167
Masters,2016,Pune,1,27.0,Female,No,5,0,52.68640841850531,7739.376953796516
Bachelors,2012,Bangalore,3,26.0,Male,No,4,0,43.755690266456725,13609.627625476129
Bachelors,2014,Bangalore,3,27.0,Male,No,5,0,38.677343159179635,14561.069183917753
Bachelors,2015,Pune,3,29.0,Female,No,2,1,57.002495490494425,13350.638848292809
Bachelors,2013,New Delhi,3,26.0,Male,No,4,0,33.48416880601577,16074.432657174615
Bachelors,2015,Pune,2,29.0,Female,No,2,1,58.67756486865957,10034.138663613521
Bachelors,2013,Pune,3,28.0,Male,No,2,0,39.41900152132058,16476.598874496965
Bachelors,2013,Pune,2,27.0,Male,No,5,1,56.65211016926044,11491.506225622905
Masters,2014,New Delhi,3,28.0,Male,No,1,1,48.08828629438385,12262.76747483895
Bachelors,2016,New Delhi,3,27.0,Female,No,5,1,54.80122079224462,14721.531908916071
Bachelors,2016,New Delhi,3,29.0,Female,Yes,2,0,59.52039489631393,5275.375759988359
Masters,2018,New Delhi,1,26.0,Female,No,4,1,38.65216313456237,14809.913321303724
Bachelors,2015,Bangalore,3,27.0,Female,No,5,0,58.83406456222779,14278.77723608173
Bachelors,2013,Pune,2,27.0,Female,No,5,1,41.68445684707261,9647.7067512992
Bachelors,2014,New Delhi,3,28.0,Female,No,2,0,41.56535714210767,6286.9142734923425
Bachelors,2014,Bangalore,3,27.0,Male,No,5,0,40.211613127635175,6364.031748695617
Bachelors,2016,Bangalore,3,29.0,Female,No,1,0,46.242228220427556,18848.35620477843
Bachelors,2012,Bangalore,3,29.0,Female,No,1,0,34.624351295354614,15339.189818387556
Bachelors,2018,Bangalore,3,29.0,Male,Yes,2,1,46.611344560740335,6906.539206561106
Bachelors,2012,Pune,3,,Male,No,1,0,46.25114437230012,10350.847539633596
Bachelors,2013,Bangalore,3,30.0,Male,Yes,1,1,52.8570543781461,13887.244908523946
Bachelors,2014,Bangalore,3,27.0,Male,No,5,0,55.00949885812757,17533.57557635973
Bachelors,2015,New Delhi,3,29.0,Female,Yes,1,0,43.213240509372724,5654.913930695128
Bachelors,2014,Bangalore,3,,Female,No,1,0,39.069997480544814,8549.496972050132
Bachelors,2014,Pune,1,28.0,Male,No,2,0,37.780046919512834,18346.234854430702
Bachelors,2015,Pune,3,27.0,Female,No,5,0,35.83871510114616,5137.483252757247
Bachelors,2016,Bangalore,3,30.0,Male,No,1,1,31.729427465970748,8020.986541908311
Bachelors,2016,Pune,3,26.0,Female,No,4,1,40.2734393650414,19385.36263959449
Bachelors,2018,New Delhi,3,27.0,Female,Yes,5,1,38.107430763923496,14201.027697832567
Bachelors,2015,Bangalore,3,26.0,Male,No,4,0,58.99252157599222,8925.070499562597
Masters,2017,New Delhi,2,27.0,Male,No,5,1,46.73126478750132,6004.866415937714
Bachelors,2015,Bangalore,3,26.0,Male,No,4,0,40.418311170915224,5422.870106708332
Bachelors,2017,Pune,3,26.0,Female,No,4,1,47.41402802981088,8671.17619455391
Bachelors,2012,Pune,1,27.0,Male,No,5,0,34.17590104037087,18222.28729383366
Bachelors,2016,Bangalore,3,26.0,Male,No,4,0,43.32131247606608,11238.704814462642
PHD,2017,Bangalore,3,28.0,Female,No,1,0,48.787029642631914,15805.000537489896
Bachelors,2015,Pune,3,29.0,Female,No,1,1,44.66693495377354,18774.275530699364
Masters,2014,New Delhi,3,30.0,Male,Yes,2,0,42.053364019629726,11120.60692404225
Bachelors,2013,Pune,3,26.0,Male,No,4,0,59.815451666990946,7869.1605655609565
Bachelors,2012,Bangalore,3,27.0,Male,No,5,0,56.409442864467806,12756.768962853792
Bachelors,2015,Pune,3,28.0,Male,No,1,0,48.702178744783204,18621.255305897816
Bachelors,2013,Bangalore,3,26.0,Male,No,4,0,47.08132083546848,17065.61621206551
Bachelors,2013,New Delhi,3,26.0,Male,,4,0,48.61981439473752,5987.447650447307
Masters,2012,New Delhi,3,30.0,Male,No,2,0,36.039363234673,15388.592001163728
PHD,2013,New Delhi,3,27.0,Male,No,5,0,41.85413229792956,13578.462836884306
Bachelors,2012,Bangalore,3,27.0,Male,No,5,0,31.18378598672698,18611.947645196382
Bachelors,2018,Bangalore,3,30.0,Male,,1,1,44.2663811246048,6837.221252754458
Bachelors,2012,Bangalore,3,26.0,Female,No,4,0,46.2907375187299,13010.54169806985
Masters,2017,New Delhi,3,29.0,Female,No,2,0,36.832492083096284,18191.940402678385
Bachelors,2014,Bangalore,3,29.0,Male,No,2,0,58.92086541496541,11150.356801126145
Bachelors,2017,New Delhi,3,28.0,Male,No,1,0,57.28363832811726,12229.923765993006
Bachelors,2015,Pune,2,26.0,Female,No,4,1,51.664297063677175,6056.910165004374
Bachelors,2018,Bangalore,3,27.0,Female,No,5,1,46.001598862960876,9172.154606733662
Bachelors,2014,Bangalore,1,28.0,Male,No,1,0,56.099074789430546,9867.59973753421
Bachelors,2016,Bangalore,3,28.0,Male,No,1,0,33.91957031470389,19176.8367311733
Bachelors,2014,Pune,3,26.0,Male,No,4,0,53.71529382824655,9240.010408117385
Bachelors,2012,Pune,3,26.0,Male,No,4,0,33.74462441900545,11913.03102904478
Bachelors,2015,Bangalore,3,28.0,Male,No,2,0,53.82631987648216,15069.566353464197
Bachelors,2014,Bangalore,3,28.0,Male,No,1,0,38.27302704754071,7432.750586118161
Bachelors,2016,Bangalore,3,27.0,Male,No,5,0,56.31271743054567,12296.635807128117
PHD,2012,New Delhi,1,29.0,Female,No,2,0,58.32126281476194,16078.085592138614
Bachelors,2013,Bangalore,3,30.0,Female,No,2,1,34.46387908215347,18002.828195405993
Bachelors,2016,Bangalore,3,26.0,Male,No,4,0,43.88026815196181,14393.8891199364
Bachelors,2014,Pune,3,28.0,Male,No,1,0,59.42962134488055,15035.80272975422
Masters,2013,New Delhi,2,26.0,Male,No,4,1,44.502223079194394,6894.252088768534
Bachelors,2017,Bangalore,3,27.0,Male,No,5,0,55.90642567543635,19186.64745869521
Bachelors,2013,Pune,3,27.0,Female,No,5,0,47.66194566393959,6988.611162267235
PHD,2015,New Delhi,3,28.0,Male,No,2,0,41.259897237588056,16620.094057726972
Masters,2017,Pune,2,28.0,Male,No,2,0,38.57350666577611,8972.244826674782
Bachelors,2014,Pune,3,28.0,Male,No,4,0,36.09669273258262,19003.897155518775
Bachelors,2016,Bangalore,3,29.0,Female,No,1,1,52.85394574133092,15799.393090542193
Bachelors,2017,Bangalore,3,,Female,No,4,1,41.596215204690836,16307.205694675535
Bachelors,2015,Bangalore,3,,Male,No,0,0,45.33826386602254,8285.88759589825
Masters,2012,New Delhi,3,30.0,Male,No,2,0,44.769764400035456,11645.599649527412
Bachelors,2012,Bangalore,1,30.0,Female,No,0,0,47.31837087699394,14267.197918839296
Bachelors,2014,New Delhi,3,,Female,No,5,0,55.96731436873657,16549.604273099016
Bachelors,2017,New Delhi,2,28.0,Female,No,0,0,59.422180307502884,6559.390638685843
Bachelors,2012,Pune,3,26.0,Male,No,4,0,42.22752625721451,19435.479746817924
Bachelors,2015,Pune,3,29.0,Female,No,3,1,54.82556766318909,18353.31005831834
Masters,2017,Pune,2,30.0,Male,No,0,1,52.93583383964153,9055.228857433765
Bachelors,2013,New Delhi,3,26.0,Male,,4,0,47.205868543667194,17341.403645484977
Masters,2014,Pune,3,30.0,Male,No,0,1,58.68141430835799,12774.858845597351
Bachelors,2013,Pune,3,29.0,Male,Yes,2,0,36.01423546585208,11927.097223430279
Bachelors,2017,Bangalore,3,28.0,Male,No,3,0,33.277926309288645,9716.51158717108
Masters,2018,New Delhi,3,27.0,Male,Yes,5,1,55.61885900866267,13714.528799473886
Masters,2017,New Delhi,2,26.0,Female,Yes,4,1,43.17449449901245,15948.336765553966
Bachelors,2012,Bangalore,3,30.0,Female,No,0,1,55.40906562621181,11163.993574441374
Bachelors,2012,Bangalore,3,29.0,Female,No,4,0,56.79270615586245,14438.287895124382
Bachelors,2014,Bangalore,3,29.0,Male,No,1,0,31.87372780857214,15489.693817329557
Bachelors,2016,Bangalore,3,27.0,Male,No,5,0,56.50394288958182,15666.827255229287
Bachelors,2015,Bangalore,3,28.0,Male,Yes,4,0,43.449571661082665,5779.491471967704
Bachelors,2014,Bangalore,3,26.0,Male,No,4,0,45.31297467012696,17896.217085276003
Bachelors,2016,Pune,3,29.0,Male,No,5,0,48.797775332796306,11873.79972147572
Bachelors,2014,Bangalore,3,29.0,Male,No,0,0,57.791478201902606,8936.241225443217
Masters,2013,Bangalore,3,30.0,Male,No,5,1,30.57348283289292,8626.467612195223
Bachelors,2017,New Delhi,3,30.0,Female,Yes,3,0,44.30530404953451,12245.211692659257
Bachelors,2014,Bangalore,3,27.0,Male,No,5,0,50.631661272916816,18302.473092034386
PHD,2015,Pune,2,,Female,No,4,0,51.68120873094685,10675.213725239704
Masters,2014,Bangalore,3,30.0,Male,No,4,1,50.77597294611324,16245.88620175315
Masters,2017,New Delhi,2,27.0,Male,No,5,1,34.03305388224366,6452.280964808279
Bachelors,2013,Pune,3,30.0,Male,No,0,0,38.98186765115044,12140.850532265926
Masters,2017,Pune,2,30.0,Male,No,0,0,40.761465762510404,19875.292105891036
Masters,2017,New Delhi,2,29.0,Female,No,2,0,54.13311623038515,16556.567041885057
Masters,2017,New Delhi,2,29.0,Male,No,2,0,38.36279617243659,8157.927326609195
Bachelors,2014,Bangalore,1,27.0,Male,No,5,1,36.32114891601609,12521.622105468661
Bachelors,2012,Bangalore,3,27.0,Female,No,5,0,58.72344057114289,8504.371454728498
Bachelors,2017,Bangalore,3,27.0,Male,No,5,0,30.265898553404067,11143.413908937639
Masters,2018,New Delhi,3,,Female,No,4,1,59.93462567045935,16701.26035602447
Bachelors,2015,Bangalore,3,29.0,Female,No,1,0,50.304638965721864,16568.372229356057
Bachelors,2014,Pune,3,,Female,No,4,1,54.854078983473514,8421.505668535778
Masters,2016,Pune,3,28.0,Male,No,2,0,38.8385818903858,18833.3497723229
Bachelors,2015,New Delhi,3,28.0,Female,No,4,0,30.429458330011798,13888.522741472401
Bachelors,2015,Bangalore,3,30.0,Male,No,0,0,52.1360855568459,10698.864364430217
Bachelors,2014,Bangalore,3,,Female,No,3,0,55.02433791002027,12529.03371171291
Bachelors,2017,Bangalore,3,28.0,Male,No,4,0,52.21428395860558,14076.068801566156
Bachelors,2013,Bangalore,3,26.0,Male,No,4,0,34.28550861902516,13398.357977686781
Bachelors,2015,Bangalore,3,28.0,Female,No,0,0,52.60283766770907,12296.075533042673
Bachelors,2015,Pune,2,28.0,Female,No,2,1,53.06768346322923,12573.992061341001
Masters,2013,Pune,3,27.0,Female,Yes,5,1,49.75621547010165,7646.178656418293
Bachelors,2016,Bangalore,3,27.0,Male,No,5,1,52.98347798386759,17190.99356457019
Bachelors,2012,Pune,3,29.0,Male,No,1,0,55.377643190331966,13126.40479911523
Bachelors,2015,Pune,2,28.0,Female,No,0,1,48.408123427123755,6966.197925570546
Bachelors,2018,Pune,3,30.0,Male,Yes,3,1,32.65814141909037,16492.35652374167
Bachelors,2016,Bangalore,3,29.0,Male,No,5,0,44.62883429001633,18986.659675660263
Masters,2013,New Delhi,2,27.0,Female,No,5,1,32.329480040148155,19209.603488554432
Masters,2017,New Delhi,2,30.0,Male,No,2,0,42.22629093097292,10535.265986167591
Bachelors,2012,New Delhi,3,26.0,Male,No,4,0,42.213194673768825,7032.753103411311
Bachelors,2016,Bangalore,3,30.0,Male,No,2,1,31.980295324207248,12775.994399495978
Bachelors,2017,New Delhi,2,29.0,Male,No,3,1,40.46461601908438,6689.13844023831
Bachelors,2017,Pune,2,28.0,Male,No,3,0,33.32994296373945,19009.81127768926
Bachelors,2013,Bangalore,3,27.0,Male,No,5,0,54.24705630027667,7753.69441032719
Bachelors,2013,Bangalore,3,29.0,Male,Yes,4,0,58.43064077893412,8791.48789926746
Bachelors,2013,Bangalore,3,30.0,Male,No,5,0,32.16949425773816,11099.547903274557
Bachelors,2015,Bangalore,3,26.0,Male,No,4,0,58.653456218751046,10747.467028386887
Bachelors,2015,Pune,2,26.0,Female,No,4,1,45.67729798010235,16919.943385968334
Bachelors,2012,Bangalore,3,29.0,Male,Yes,2,1,38.98697033861622,11844.752308264435
Masters,2015,Bangalore,3,28.0,Male,No,0,1,32.305862258284904,7561.523900050053
Bachelors,2014,New Delhi,3,29.0,Female,No,2,0,45.018728042112535,9008.148432291111
Masters,2015,Pune,3,29.0,Female,No,4,0,53.83546633472246,12636.70077781283
Bachelors,2013,Bangalore,3,27.0,Male,No,5,0,51.212594318000946,7211.808761392023
Bachelors,2013,Pune,3,27.0,Female,No,5,1,31.506780343919214,14174.83513469021
Bachelors,2017,Bangalore,3,30.0,Male,No,1,1,32.18705506103711,13486.209598267189
Masters,2014,Pune,3,30.0,Male,No,2,0,42.086198478979114,15720.534745733865
Bachelors,2015,New Delhi,3,28.0,Female,No,4,0,38.8587148214383,19065.569230690515
Bachelors,2013,Bangalore,3,26.0,Female,No,4,0,36.97152969168143,18683.818416517337
Bachelors,2014,Bangalore,3,28.0,Male,No,5,0,38.43013496726141,19191.134271032468
Bachelors,2017,Bangalore,1,28.0,Female,No,0,1,54.10448229890654,8670.733955355514
Bachelors,2016,Bangalore,3,27.0,Male,Yes,5,0,57.876841608955615,6973.47959959032
Bachelors,2013,Bangalore,3,28.0,Male,No,5,0,42.15308083582699,9534.150507446728
Masters,2013,New Delhi,3,30.0,Male,No,2,1,57.18333006397491,18426.27759149472
Masters,2013,New Delhi,1,29.0,Female,No,2,1,39.64487103743646,19580.802119352324
Bachelors,2017,Bangalore,3,26.0,Male,No,4,0,44.29310959031375,17889.87426605714
Bachelors,2015,Pune,3,,Male,No,3,0,36.780869934479995,6650.265816913154
Bachelors,2013,Bangalore,3,29.0,Male,No,2,0,49.21428126527532,19211.419970896895
Masters,2017,New Delhi,2,28.0,Female,No,2,0,59.36943345524426,11350.370410261788
Masters,2017,New Delhi,2,30.0,Female,No,2,0,48.104792881301364,5139.654361435305
PHD,2013,New Delhi,3,27.0,Female,No,5,0,40.734422523406465,11635.906111222903
Bachelors,2016,Pune,3,26.0,Male,No,4,0,49.434523379715856,5691.037545132014
Bachelors,2017,New Delhi,2,26.0,Female,No,4,0,33.68762035396163,13158.168817416763
Bachelors,2016,Bangalore,3,28.0,Female,No,1,1,56.65977240796196,10078.310411555769
Bachelors,2017,Pune,2,27.0,Female,No,5,1,45.09251852339509,12101.52400391073
Bachelors,2012,Bangalore,3,27.0,Female,No,5,0,43.48049226118926,14197.555411146755
Bachelors,2014,Bangalore,3,26.0,Male,No,4,1,47.57594365360558,18032.016437267303
Bachelors,2016,Bangalore,3,27.0,Male,Yes,5,0,48.74351588368207,14928.52364707893
Bachelors,2015,Bangalore,3,27.0,Female,No,5,0,32.15327418679539,11510.733027172711
Bachelors,2015,Pune,3,29.0,Male,No,1,0,50.47851663670207,17291.417805055476
Bachelors,2018,Bangalore,3,26.0,Male,No,4,1,37.25795040946589,18583.73206359698
Bachelors,2012,Bangalore,3,26.0,Female,No,4,0,51.41857897519769,6796.399496482958
Bachelors,2017,Bangalore,3,27.0,Male,Yes,5,0,54.6760438315259,12978.994663291873
Bachelors,2015,Pune,3,30.0,Female,No,0,1,54.11875522657561,9267.679396136662
Bachelors,2017,Bangalore,3,30.0,Male,No,3,0,46.57502902223668,5705.917968154211
PHD,2012,New Delhi,3,29.0,Male,No,5,0,45.605096769322536,15028.20042670978
Bachelors,2016,Pune,3,29.0,Male,No,5,0,34.28627884018235,17941.561661888383
Bachelors,2014,Bangalore,3,26.0,Female,Yes,4,0,53.26038451209406,7443.53981716091
PHD,2014,New Delhi,3,28.0,Female,No,0,0,38.142281413401435,17186.204864358508
Bachelors,2018,Bangalore,3,28.0,Male,No,1,1,44.900862684538396,17800.936003054125
Bachelors,2013,New Delhi,3,27.0,Female,Yes,5,0,38.5282227878255,18715.106639997255
Bachelors,2013,Bangalore,3,28.0,Male,No,2,0,34.0148508899908,8979.276336290786
Bachelors,2018,Bangalore,3,29.0,Male,No,0,1,48.88673090675209,18559.29597784834
Bachelors,2016,Bangalore,3,29.0,Male,No,3,0,31.629961044687114,9809.941321046485
Bachelors,2018,Pune,3,30.0,Female,No,2,1,52.459357023786,13285.070201832543
Bachelors,2013,Bangalore,3,26.0,Male,No,4,0,39.5276038578335,5757.6120624842315
Bachelors,2014,Pune,3,29.0,Male,No,3,0,30.00404079013456,5658.216325531154
Bachelors,2013,Pune,3,30.0,Male,No,4,0,45.3338741771169,15805.598190983043
Masters,2015,New Delhi,3,29.0,Male,No,2,0,31.405557255828093,11667.199669666865
Bachelors,2018,Pune,3,27.0,Male,No,5,1,38.28508673462699,8844.385630538263
Bachelors,2016,Bangalore,3,28.0,Male,No,2,0,51.20929462367148,7856.202440373653
Bachelors,2015,Bangalore,3,29.0,Male,No,1,0,31.880688648655976,15049.302362888271
Bachelors,2016,Bangalore,3,30.0,Male,No,0,0,55.18015477068007,5006.0231603800985
Bachelors,2016,Bangalore,3,28.0,Female,No,1,0,30.114597679757495,17088.367537952814
Bachelors,2017,New Delhi,3,26.0,Female,No,4,0,37.40471607605707,6188.744091948933
Bachelors,2014,Pune,2,29.0,Female,No,1,1,52.22712168456214,7872.344223621792
PHD,2013,New Delhi,3,30.0,Female,No,2,0,39.488104491879206,10793.545929486343
Bachelors,2016,Bangalore,3,28.0,Male,Yes,3,0,33.056771641980404,12272.881095741555
Bachelors,2015,Bangalore,3,28.0,Male,No,1,0,40.80701756401284,10324.926737209127
Bachelors,2016,Pune,3,,Male,No,5,0,38.111798591535766,9810.68247476441
Bachelors,2017,Pune,2,28.0,Female,No,1,1,55.281357064816646,19458.740181097826
Bachelors,2015,Bangalore,3,30.0,Male,No,4,0,39.400437527554296,14623.695218650913
Masters,2012,New Delhi,3,27.0,Male,No,5,0,53.66797415328021,5351.494330510823
Masters,2017,New Delhi,3,29.0,Female,Yes,2,0,56.756164344322045,11452.638626664699
Bachelors,2018,New Delhi,3,29.0,Female,No,2,1,43.014522587295886,18125.130496159552
Bachelors,2018,Bangalore,3,29.0,Male,No,0,1,57.298294315631765,9521.84279616002
Bachelors,2012,Bangalore,3,28.0,Female,No,0,0,41.319541618895784,6418.345171615823
Bachelors,2015,Pune,2,28.0,Female,No,0,1,58.92235249470325,16375.771573848768
Masters,2017,New Delhi,2,27.0,Female,No,5,1,32.67868573576719,14090.207479041219
Bachelors,2018,Pune,3,28.0,Female,No,5,1,50.61057799509729,13554.687617397558
Bachelors,2016,Pune,3,28.0,Male,No,1,0,44.81442121370786,5803.648394111119
Bachelors,2014,Bangalore,1,26.0,Male,No,4,1,41.62946416366941,7107.4851469327605
Bachelors,2014,New Delhi,2,29.0,Female,No,3,1,48.98135636245803,14338.240943196706
Masters,2014,Pune,3,26.0,Male,No,4,1,51.11571274902994,8117.357621882537
Bachelors,2017,Pune,3,27.0,Male,No,5,0,30.130898089509273,12561.051196226364
Bachelors,2013,Pune,3,30.0,Male,No,4,1,35.008592662415964,13173.225290440902
Bachelors,2015,Bangalore,3,30.0,Male,,3,0,51.391381519029565,9252.607854064092
Bachelors,2012,Bangalore,3,29.0,Male,No,2,1,49.991562407346194,19226.377333122393
Bachelors,2014,Pune,3,26.0,Male,No,4,0,58.981425153860314,17636.96160253363
Bachelors,2013,Bangalore,3,26.0,Female,No,4,0,52.83113370752349,15835.602614491978
Masters,2017,New Delhi,2,30.0,Female,No,2,1,58.52318123194014,6169.907996141136
Bachelors,2012,Pune,3,29.0,Male,No,0,0,51.07621504604421,6591.9502896352915
Bachelors,2015,Pune,1,30.0,Female,No,0,1,38.9415662591833,12391.720187974335
Bachelors,2017,Bangalore,3,28.0,Male,No,3,0,33.1609476675257,7410.700237864785
Bachelors,2013,Bangalore,3,28.0,Male,No,5,0,53.45471590034806,19673.98195294211
Bachelors,2017,Pune,2,30.0,Female,No,4,1,49.32447664427748,7377.803510411142
Bachelors,2017,Pune,2,28.0,Male,No,5,0,31.445580371798886,12312.01753195961
Bachelors,2014,New Delhi,3,27.0,Female,No,5,1,40.80151397702935,10461.815852622582
Bachelors,2012,Bangalore,3,28.0,Female,No,2,0,58.703994464528584,14590.79632181147
Bachelors,2013,Bangalore,3,29.0,Female,No,5,0,45.01203437130604,6935.546133341373
Bachelors,2012,Bangalore,3,27.0,Female,No,5,1,42.98187408059114,11454.746420635864
Bachelors,2017,Pune,2,28.0,Female,No,3,1,43.73098815477882,9120.575492107155
Bachelors,2015,Bangalore,1,29.0,Male,No,4,0,36.266481720154914,18316.27287007532
Bachelors,2013,Bangalore,2,30.0,Male,No,0,1,41.06121512594386,5608.785682020426
PHD,2018,Bangalore,3,28.0,Male,No,2,1,41.0943976796153,18705.91241009689
Bachelors,2015,Pune,3,28.0,Female,No,3,1,31.570650605624174,17494.912078295005
Bachelors,2015,Bangalore,3,27.0,Male,No,5,0,53.02702885553755,9463.560746612231
Bachelors,2015,Bangalore,3,30.0,Female,No,3,1,42.49513295711637,16839.35982015657
Bachelors,2012,Bangalore,3,29.0,Male,No,5,0,54.6653966044927,5468.2034050812135
Bachelors,2012,Bangalore,3,27.0,Female,No,5,0,55.510440033596865,19502.983254400904
Bachelors,2015,Bangalore,3,26.0,Female,No,4,0,36.359821640959744,12898.92413884684
Bachelors,2016,Pune,3,27.0,Male,No,5,0,49.72060446510386,9549.215390981679
Bachelors,2013,Bangalore,3,27.0,Female,No,5,0,44.16845412488945,10438.748188920155
Bachelors,2013,Pune,3,28.0,Male,No,0,0,56.40470213764455,5996.08030190746
Bachelors,2014,Pune,3,29.0,Male,No,1,0,36.472220375293624,19840.242710630588
Bachelors,2017,New Delhi,2,27.0,Male,No,5,0,50.33439600930133,5589.379177260387
Bachelors,2013,New Delhi,3,27.0,Female,No,5,0,48.23256366758167,14823.606847217885
Bachelors,2017,Pune,3,30.0,Male,No,5,0,38.85904432715498,11641.038915596875
Bachelors,2013,Pune,3,27.0,Male,No,5,0,34.09802710953518,19233.743272830725
Bachelors,2012,New Delhi,3,30.0,Female,Yes,3,0,49.549192814318296,8689.996104601927
Bachelors,2013,Pune,2,30.0,Male,No,1,1,52.15792374396992,12981.30235907017
PHD,2015,New Delhi,3,27.0,Female,No,5,0,39.4688203129005,12235.343128741293
Bachelors,2014,Pune,3,26.0,Male,No,4,0,49.34497812066941,15542.99666075152
Bachelors,2015,Pune,2,27.0,Female,Yes,5,1,41.8539272283451,6020.153479286308
Masters,2017,New Delhi,2,29.0,Male,No,1,0,51.396206498478534,7906.836950350323
Bachelors,2013,New Delhi,3,28.0,Female,No,3,0,35.97645824682159,8218.472301392747
Masters,2012,Pune,3,29.0,Male,No,4,1,56.70645007908523,16072.261322625345
Bachelors,2014,New Delhi,3,28.0,Female,No,3,0,38.622287893967396,7837.080444901101
Bachelors,2018,Bangalore,3,27.0,Male,Yes,5,1,41.033579632684585,13602.37645836465
Bachelors,2012,Bangalore,3,29.0,Male,No,1,0,31.742758562410494,8228.657307514306
Bachelors,2017,Pune,2,26.0,Male,No,4,0,33.34536636963829,17924.374251259676
Bachelors,2014,Bangalore,3,30.0,Male,No,2,1,45.475857081369846,19132.781817344578
Bachelors,2014,New Delhi,3,29.0,Male,No,4,0,38.027780301839144,12777.394624133607
Bachelors,2015,Pune,2,26.0,Female,No,4,1,55.064406772265826,10284.633263137675
Bachelors,2014,Bangalore,3,27.0,Female,No,5,0,30.440801659648614,8510.866625262486
Masters,2013,New Delhi,2,26.0,Male,No,4,1,41.372821460158086,5746.715022845657
Bachelors,2013,New Delhi,3,29.0,Female,No,2,0,40.12036640307278,9027.501142962432
Bachelors,2016,Bangalore,2,30.0,Female,No,4,1,30.57982892752803,14813.53669917977
Bachelors,2017,New Delhi,3,29.0,Female,No,0,0,33.73105197001531,13004.253969638163
Bachelors,2018,Bangalore,3,28.0,Male,No,3,1,42.40928024755906,19160.619174213913
Bachelors,2014,Bangalore,3,29.0,Male,No,4,0,44.7859375334234,10944.158937375509
Masters,2017,New Delhi,2,30.0,Female,No,2,0,42.12869241764607,15407.950134925917
Bachelors,2018,Bangalore,3,29.0,Male,Yes,2,1,45.928130352362814,12339.841212126821
Bachelors,2017,New Delhi,2,28.0,Female,No,1,0,47.853950247170445,12688.643238863175
Bachelors,2013,Bangalore,2,27.0,Female,No,5,1,30.29771463383507,9016.614719061763
Bachelors,2015,Bangalore,3,30.0,Male,No,4,0,43.92285478360512,11824.261652629995
Bachelors,2012,Bangalore,3,26.0,Male,No,4,0,58.90497722662765,12061.774955190609
Bachelors,2016,Bangalore,3,26.0,Male,No,4,0,45.57096840388646,15599.63782623401
Masters,2017,Bangalore,2,30.0,Male,No,3,0,50.32626802376859,19109.599987791706
Masters,2017,New Delhi,2,29.0,Male,No,4,0,39.35591573750649,9939.819162237563
Bachelors,2014,Bangalore,3,28.0,Male,No,3,0,53.21974134458287,5633.007028719477
Masters,2017,New Delhi,3,,Male,No,5,1,53.18764445628345,12444.426882509595
Bachelors,2014,Bangalore,3,27.0,Male,No,5,0,45.63888142962417,13166.919982237529
Bachelors,2017,New Delhi,3,27.0,Male,No,5,0,59.280414698376404,7526.608266978728
Bachelors,2016,Pune,3,30.0,Male,No,0,0,33.7665064428796,16406.969094141
Bachelors,2015,Bangalore,3,29.0,Female,No,0,0,30.50842994668743,19773.936626622373
Bachelors,2015,Pune,2,27.0,Female,Yes,5,1,53.10474635271288,19186.620755126914
Bachelors,2013,Bangalore,3,,Female,No,4,0,54.214666120946475,7956.590582354783
Bachelors,2015,New Delhi,3,29.0,Male,No,1,0,33.606216873617285,18130.448598511408
Bachelors,2017,Bangalore,3,30.0,Male,No,4,0,37.96748498875818,15567.40454617527
PHD,2017,New Delhi,3,27.0,Male,No,5,0,30.526570900998866,11807.698457103674
PHD,2013,Bangalore,3,27.0,Male,No,5,0,38.79925832341694,13109.164914870937
Bachelors,2018,Bangalore,3,28.0,Male,Yes,1,1,53.194256217560145,17744.002624736873
Bachelors,2013,Bangalore,3,29.0,Male,No,1,0,45.53881583137737,12202.024094575598
Masters,2017,Pune,2,29.0,Female,Yes,2,1,40.44286779504864,10598.110536576904
Bachelors,2015,Pune,3,27.0,Male,No,5,0,41.15217884718991,12398.712395389786
Bachelors,2012,Bangalore,3,27.0,Female,No,5,0,30.040608771464044,13686.947060525736
Masters,2018,Pune,3,26.0,Male,No,4,1,38.994015826957074,7836.164806675233
Bachelors,2012,New Delhi,1,27.0,Female,No,5,1,49.393762249137914,18513.61595400486
Masters,2017,Pune,2,27.0,Male,Yes,5,1,59.225833314490714,15112.804232444207
Bachelors,2015,Pune,1,28.0,Female,No,0,1,55.411824809516986,14499.033760062333
Bachelors,2014,Bangalore,3,29.0,Male,No,4,1,30.707848939365874,6492.443392709572
Bachelors,2017,New Delhi,3,29.0,Female,No,3,0,56.956818140245176,14062.609072588877
PHD,2015,Pune,2,26.0,Female,No,4,0,53.49595239895878,6814.409933577384
Bachelors,2017,Bangalore,3,30.0,Female,No,5,0,53.411283707129414,6180.465127930986
Bachelors,2016,Pune,3,26.0,Male,No,4,0,43.73987277010714,12909.663434635899
Masters,2013,Pune,3,26.0,Male,No,4,1,41.94015878863509,11041.783010697425
Bachelors,2012,Pune,2,29.0,Female,No,2,1,39.08747186499578,13832.154052343349
Bachelors,2018,Bangalore,3,,Male,Yes,2,1,31.970845768630973,6338.332520858579
Bachelors,2016,Bangalore,3,27.0,Male,No,5,0,36.847060904810974,11464.745942708876
Bachelors,2015,Bangalore,3,,Male,No,4,0,37.39810904934074,7621.800725677369
Bachelors,2018,Bangalore,2,28.0,Female,No,3,1,44.52231209130605,19806.50128886175
Bachelors,2012,Bangalore,3,28.0,Male,No,0,1,52.42333219790082,13417.253186527616
Bachelors,2014,Bangalore,3,27.0,Male,No,5,0,44.2142948519384,15311.55291411301
Bachelors,2012,Bangalore,3,28.0,Female,Yes,0,0,31.73533348341482,9881.274210239117
Masters,2014,New Delhi,3,28.0,Male,No,2,0,58.73369402964612,6421.083721690162
Bachelors,2012,Bangalore,3,26.0,Female,,4,0,58.281729572823366,19638.06294175305
Bachelors,2015,Pune,3,27.0,Male,No,5,0,53.55568629445225,9293.885530747748
Bachelors,2016,Bangalore,3,28.0,Male,Yes,2,0,59.73983704692662,11357.122777603614
Bachelors,2018,Pune,3,29.0,Male,Yes,3,1,46.33446998400789,14747.958825538624
Bachelors,2014,New Delhi,3,29.0,Male,Yes,4,0,58.88305050759618,5370.459465291669
Bachelors,2015,Bangalore,3,29.0,Male,No,1,0,32.268151218502524,17153.886957759303
Masters,2018,Bangalore,3,27.0,Male,Yes,5,1,40.97042244784114,13048.672850429304
Bachelors,2014,Bangalore,3,28.0,Male,No,5,0,36.761438040202975,9173.257806032332
Masters,2017,Pune,2,27.0,Male,No,5,0,35.8749925240281,5924.119779387039
Bachelors,2017,Pune,2,27.0,Male,No,5,0,34.22408846678028,7437.476232116622
Bachelors,2014,Bangalore,3,28.0,Male,No,4,0,48.672409246979896,18425.507882801554
Bachelors,2017,New Delhi,2,26.0,Male,No,4,0,53.43965567241915,15290.363359038365
Bachelors,2017,Pune,3,29.0,Female,No,0,1,47.34895198261082,8748.525824553348
Bachelors,2012,Bangalore,3,26.0,Female,No,4,0,34.40888128764629,5984.011474175443
Bachelors,2017,New Delhi,2,,Female,No,4,0,54.333713098004125,15359.229685799544
Bachelors,2017,Pune,2,26.0,Female,No,4,1,49.078641214911855,13586.115889516477
Bachelors,2014,Bangalore,3,30.0,Male,No,1,0,41.644971183809865,11067.792866873526
Bachelors,2018,Bangalore,3,29.0,Male,No,2,1,50.223908866081885,10454.171737850957
Masters,2013,Bangalore,3,30.0,Male,No,2,1,37.79714937728499,8252.214138936624
Bachelors,2016,Bangalore,3,27.0,Female,No,5,0,40.355766254826314,15044.168848062764
Bachelors,2016,New Delhi,3,26.0,Female,No,4,0,57.52457529395971,19560.020416908057
Bachelors,2017,Bangalore,1,30.0,Male,No,1,0,38.71513517014261,7635.728687552388
Bachelors,2015,New Delhi,3,30.0,Female,Yes,1,0,44.099648044738096,13956.74930023255
Bachelors,2013,Pune,3,30.0,Male,No,0,0,56.70423412188044,11362.775836189643
Bachelors,2015,Pune,3,27.0,Male,No,5,0,51.23164050802582,11700.330826169973
Bachelors,2017,Pune,3,30.0,Female,No,1,1,31.86609678494108,8812.209201917216
PHD,2018,New Delhi,3,30.0,Male,No,2,1,34.41909132836911,17377.023134921285
Bachelors,2018,Bangalore,3,29.0,Male,Yes,1,1,30.235247723157503,12278.834062208618
Bachelors,2013,Bangalore,3,30.0,Male,Yes,0,0,48.92765370687491,13151.087782973962
Bachelors,2017,Bangalore,3,27.0,Male,No,5,1,43.43020276231255,9571.413691959886
Bachelors,2016,New Delhi,3,29.0,Female,Yes,2,0,34.028245527068265,7727.126985004246
Bachelors,2013,Pune,3,28.0,Male,No,5,0,58.738023631703115,6288.655823042307
Bachelors,2014,New Delhi,3,26.0,Male,No,4,0,45.8897917183686,15711.78711387374
Bachelors,2015,Pune,2,,Female,No,1,1,37.256798823386674,7943.514225317835
Masters,2013,New Delhi,2,26.0,Male,No,4,1,45.01810713464123,15351.130312831965
Bachelors,2016,Bangalore,3,26.0,Male,No,4,0,50.38860998205323,10855.646690704307
Masters,2012,Pune,3,27.0,Male,Yes,5,1,32.28717653920693,11236.622014844772
Bachelors,2017,Bangalore,3,27.0,Female,No,5,0,38.24111445143676,12037.662441391574
Bachelors,2013,Bangalore,3,30.0,Male,No,1,0,54.20896472651981,10515.627621913147
Bachelors,2014,New Delhi,3,27.0,Male,No,5,0,43.78994611207984,6509.299658338851
Masters,2013,Bangalore,3,30.0,Male,No,1,1,46.39731426096885,9644.477150042687
Bachelors,2016,Bangalore,3,29.0,Male,No,2,1,42.98448006628408,14956.015410409076
Bachelors,2016,Bangalore,3,28.0,Male,No,3,0,31.316998279290154,14986.766022033065
Masters,2017,New Delhi,3,29.0,Female,No,2,0,34.972493394604676,9293.364608599915
Bachelors,2014,New Delhi,3,26.0,Male,No,4,0,43.36624916225673,11901.53939836532
Masters,2018,New Delhi,3,30.0,Male,No,2,1,36.27556396223783,7901.708420179062
Masters,2014,Pune,3,27.0,Female,No,5,1,31.49937085979036,8155.581222947537
Bachelors,2017,Pune,3,29.0,Male,No,0,0,55.309489921554714,5345.706326099111
Masters,2016,New Delhi,3,30.0,Male,No,2,0,59.43577587492348,18451.19824861617
Masters,2017,New Delhi,3,30.0,Male,No,3,1,53.79428621990218,8160.599976123593
Bachelors,2013,Pune,2,30.0,Female,No,1,1,55.61354765114001,8413.00815404695
Masters,2014,New Delhi,3,28.0,Female,No,3,0,37.25931390951136,9194.021489676978
Bachelors,2013,Pune,3,26.0,Male,No,4,0,58.81880926539599,6911.121075431435
Bachelors,2017,Bangalore,1,30.0,Male,No,2,0,35.90777113360285,14588.943247720443
Bachelors,2016,Bangalore,3,28.0,Male,Yes,3,0,58.54289431085497,6127.144297663799
Bachelors,2013,Pune,1,30.0,Female,Yes,1,1,59.84457881897853,7013.0363948952545
Bachelors,2013,Bangalore,3,30.0,Female,No,5,0,51.35168417238146,14671.350898851393
Bachelors,2016,Bangalore,3,27.0,Male,No,5,0,59.43431195375466,10094.909307221642
Bachelors,2015,Pune,3,27.0,Male,No,5,0,47.08619338701311,15619.217400517835
Masters,2012,New Delhi,3,26.0,Female,,4,0,37.78625349528271,13361.37117005213
Bachelors,2013,Pune,2,26.0,Male,Yes,4,0,43.10987656996863,8840.317595922696
Bachelors,2018,Bangalore,3,27.0,Male,No,5,1,47.806828061363575,14762.419257339921
PHD,2018,New Delhi,2,30.0,Female,No,4,1,32.19244686081045,6744.1052043932095
Bachelors,2017,Bangalore,3,29.0,Male,No,3,0,48.67029793851738,13046.155746200457
Bachelors,2013,Bangalore,3,28.0,Male,No,1,0,59.435335102868834,11557.22157567552
Bachelors,2012,Bangalore,3,28.0,Male,Yes,2,0,35.70322949351183,9018.103742261612
Masters,2017,New Delhi,1,30.0,Male,No,2,0,53.7778534886515,14060.074966092501
Bachelors,2017,New Delhi,2,26.0,Female,No,4,0,57.236963813388584,18070.003885104237
Masters,2013,Bangalore,1,29.0,Female,No,2,1,58.31104778460663,19983.57049644615
Bachelors,2012,Pune,3,29.0,Male,No,5,0,58.804068132163415,14116.441531151368
Bachelors,2014,Bangalore,3,27.0,Male,No,5,0,45.64378916164416,11070.588114937553
Bachelors,2015,Bangalore,3,,Male,No,4,0,59.31923723974511,8378.106503243023
Bachelors,2014,Bangalore,3,29.0,Male,No,3,1,52.71930621403317,8856.441340926676
Bachelors,2018,Bangalore,3,28.0,Male,No,0,1,34.850143087108854,12191.824672246486
Bachelors,2012,Bangalore,3,27.0,Male,No,5,1,44.3070031940391,10509.16551921064
Bachelors,2017,New Delhi,2,,Male,No,4,0,51.549935261160115,18707.217839374163
Bachelors,2014,Pune,2,29.0,Female,No,1,1,37.4202094745725,10524.432014835642
Bachelors,2017,Bangalore,3,29.0,Male,No,4,0,49.218455506466626,10601.668867181532
Bachelors,2015,Pune,2,28.0,Female,No,3,1,49.998014371398575,10753.017686509655
Bachelors,2017,Bangalore,3,28.0,Male,No,5,0,34.88099231425698,17549.30315551487
Bachelors,2017,Bangalore,3,29.0,Male,No,0,0,46.95255937358269,14761.824812703528
Bachelors,2017,Bangalore,3,30.0,Male,No,2,0,53.148807329358235,14212.53275478339
Bachelors,2017,New Delhi,2,26.0,Female,No,4,0,44.966869936078254,10012.145335757934
Masters,2017,New Delhi,2,30.0,Female,No,2,0,30.363093503283224,17268.56265248659
Bachelors,2015,Pune,2,29.0,Female,No,4,1,30.271154072378764,5575.457920335517
Bachelors,2014,Pune,3,29.0,Female,No,1,1,40.71088031910037,18061.957585071697
Bachelors,2012,Bangalore,3,28.0,Male,No,2,0,57.78582205295346,12691.248496908944
Bachelors,2012,Bangalore,3,28.0,Female,No,4,0,36.860303388108264,10973.753522951192
Bachelors,2017,Bangalore,3,29.0,Female,No,5,0,49.03091066615062,12457.509210765285
Bachelors,2015,Bangalore,3,30.0,Male,Yes,3,0,36.66227612079962,15011.232958007466
Masters,2012,Pune,3,26.0,Male,No,4,1,39.65009968978646,5191.481397768461
Bachelors,2018,Bangalore,3,28.0,Male,No,5,1,55.44126268804452,18073.277846873716
Bachelors,2017,New Delhi,3,30.0,Male,No,5,0,51.8658432680984,11701.092879670892
Bachelors,2012,New Delhi,3,27.0,Female,No,5,0,32.86197831939632,10144.497795501173
Bachelors,2017,New Delhi,3,26.0,Female,No,4,0,42.86106062959301,7073.683484510857
Bachelors,2014,Bangalore,3,27.0,Male,Yes,5,0,30.875092909357935,11591.980615376633
Bachelors,2014,Bangalore,3,,Male,No,0,0,44.426704398090266,12444.841569265682
Bachelors,2014,New Delhi,3,30.0,Female,No,2,0,49.87302035103204,11054.700417402168
Bachelors,2012,New Delhi,3,29.0,Female,No,5,0,33.555078707944546,15179.901407403457
Bachelors,2014,Pune,3,26.0,Male,No,4,0,38.66654816727497,11313.44793138839
Bachelors,2015,Bangalore,3,27.0,Male,No,5,0,41.93509876506471,19421.2636676986
Bachelors,2017,Pune,2,29.0,Female,No,4,1,57.585930739681494,13989.162767353877
Masters,2016,Pune,3,29.0,Male,No,4,1,59.79765046268892,17112.169034778635
Bachelors,2017,Bangalore,3,26.0,Male,No,4,0,31.347338969868474,6640.338546642182
Masters,2017,New Delhi,3,26.0,Female,No,4,0,52.83023770486176,10959.369394188587
Masters,2012,New Delhi,3,29.0,Male,No,2,0,41.15172199207029,10052.71552170729
Bachelors,2013,Bangalore,3,27.0,Male,No,5,0,41.7737455868844,13542.235822048877
Bachelors,2012,Pune,3,26.0,Male,No,4,0,52.62794920041068,17916.702800921383
Bachelors,2017,Bangalore,3,28.0,Female,No,2,1,57.552792964362254,6175.0732664300995
Bachelors,2013,New Delhi,3,30.0,Female,No,3,1,58.52785783507645,6088.6219706706615
Masters,2017,Pune,2,26.0,Female,No,4,1,47.31367758114962,17754.765622363982
Bachelors,2013,Bangalore,3,26.0,Female,No,4,0,40.71363477901508,8192.751290575361
Masters,2017,New Delhi,2,28.0,Female,No,2,0,53.62647257576337,15031.298816747205
Bachelors,2017,New Delhi,2,27.0,Male,No,5,0,37.53004149786901,13143.171985412078
PHD,2018,Bangalore,3,27.0,Male,No,5,1,46.92222086500553,17493.40392330844
Bachelors,2013,Bangalore,3,30.0,Female,No,1,0,40.757353845746195,6876.333647546053
Masters,2013,New Delhi,3,30.0,Male,No,0,1,49.69893221123628,6946.744485839169
Masters,2018,New Delhi,3,26.0,Female,No,4,1,37.211967386805206,13352.275404174614
Masters,2015,New Delhi,3,30.0,Male,No,2,0,35.747788372044774,19195.67980037556
Bachelors,2012,Bangalore,3,29.0,Male,No,4,0,57.54717260026311,11224.966375561315
Bachelors,2018,Bangalore,3,27.0,Male,Yes,5,1,33.05411048848611,9904.131503820423
Masters,2017,Pune,2,28.0,Male,No,5,0,45.17873723204795,14100.339847968287
Bachelors,2016,Pune,2,29.0,Male,No,3,1,36.62558348889027,18956.72900817547
Bachelors,2015,Pune,2,,Female,Yes,5,1,31.167898899770023,17553.917492669356
Bachelors,2014,Bangalore,3,29.0,Male,No,4,0,31.080564548742792,19932.254160998298
Bachelors,2014,Bangalore,3,27.0,Male,No,5,0,35.25665316317482,5338.5287480356565
Bachelors,2018,Pune,3,28.0,Male,No,5,1,56.00311063518001,6692.872170691433
Bachelors,2012,Bangalore,3,28.0,Female,No,0,0,38.4743623193108,14142.01645049933
Masters,2017,Pune,2,28.0,Male,No,2,0,58.513775117258874,17308.646590007746
Masters,2015,Pune,2,27.0,Female,No,5,0,47.44866878967581,9278.665134601499
Bachelors,2013,Bangalore,3,26.0,Female,No,4,0,43.09842569306298,8588.16632051328
Bachelors,2014,Pune,3,29.0,Female,No,4,1,47.40266504008363,16804.636990718012
Masters,2016,New Delhi,3,30.0,Male,No,3,0,45.50095155678803,5845.727807798474
Bachelors,2014,Pune,1,26.0,Female,No,4,1,52.76328761271975,10540.739713738776
Bachelors,2012,Pune,2,27.0,Female,No,5,1,38.47488197918557,12587.138338884946
Bachelors,2017,Pune,3,30.0,Male,No,0,0,40.59151174800907,13405.230115254852
Bachelors,2013,Pune,3,27.0,Male,No,5,0,56.82282907599752,15929.227351891654
Bachelors,2017,New Delhi,2,30.0,Male,No,4,0,58.393695394512164,10322.685851459873
Bachelors,2017,New Delhi,2,28.0,Female,No,4,0,56.776746824594234,14190.265170119108
PHD,2016,Bangalore,3,30.0,Female,No,5,0,42.583439818719405,13780.631341864346
Bachelors,2018,Bangalore,3,28.0,Male,No,1,1,53.410965090206446,13214.241509806207
Bachelors,2017,Pune,2,29.0,Male,No,3,0,44.29007199903296,14607.249397133182
Bachelors,2017,New Delhi,2,30.0,Male,No,1,1,44.926195564383065,8891.737566021144
Bachelors,2015,Bangalore,3,27.0,Male,No,5,0,36.14040327171852,6269.731303769435
Bachelors,2013,Pune,3,30.0,Male,No,0,0,47.73390909775549,6789.075080596152
Bachelors,2018,Bangalore,3,26.0,Male,Yes,4,1,35.58407693260044,8368.735739808515
Bachelors,2015,New Delhi,3,28.0,Female,No,3,0,39.94694097201581,12502.969032841778
Masters,2017,New Delhi,2,26.0,Female,Yes,4,1,55.65090604859805,17606.641258190302
Bachelors,2016,Pune,2,30.0,Female,No,1,1,36.21227427632566,15519.400131325761
Masters,2014,New Delhi,3,28.0,Male,No,0,0,32.13474855520298,16835.609063030708
Bachelors,2015,Bangalore,3,28.0,Male,No,2,0,32.07022777838449,10264.63435889137
Masters,2015,Pune,2,30.0,Female,No,1,0,58.22353561509324,11069.806124728253
Masters,2017,New Delhi,2,27.0,Female,No,5,0,45.20761313885504,10905.228289859191
Bachelors,2014,Bangalore,3,26.0,Male,No,4,0,42.28236215451055,7878.097766067523
Bachelors,2013,Pune,3,27.0,Male,No,5,0,54.32635743023755,5918.24987215358
Bachelors,2016,Bangalore,3,30.0,Male,No,1,1,55.07477783731548,13863.741392408401
Masters,2017,New Delhi,3,29.0,Male,No,2,0,39.96573099346814,19838.25025130879
Bachelors,2012,Bangalore,3,30.0,Female,No,1,0,50.80854172421385,7502.445574253943
Bachelors,2018,Bangalore,3,29.0,Male,No,3,1,53.1336844755566,5700.272298489106
Masters,2018,Pune,3,29.0,Male,No,2,1,49.63952060597863,16692.975227358995
Bachelors,2016,Bangalore,3,27.0,Female,No,5,0,34.54785224400298,8788.790100270864
Bachelors,2017,New Delhi,2,28.0,Male,No,2,0,56.27649250551171,17444.657080293924
Bachelors,2016,Bangalore,3,29.0,Female,No,0,1,46.172836582080265,15559.05000551773
Bachelors,2016,New Delhi,1,29.0,Female,No,1,0,38.47417279110011,19185.10305576207
Bachelors,2015,Pune,2,28.0,Female,No,0,1,42.75684556313082,11133.90853635008
Bachelors,2012,Bangalore,3,29.0,Male,Yes,2,0,31.12713271196722,14929.547591759512
PHD,2014,Bangalore,3,27.0,Male,,5,0,33.83600403667253,11972.82171219906
Bachelors,2013,Bangalore,3,27.0,Male,Yes,5,0,52.96640251547582,14458.830459628152
Bachelors,2018,Bangalore,3,29.0,Female,No,3,1,30.000349042660986,11743.983590116059
Masters,2017,New Delhi,2,30.0,Male,No,2,0,42.49697485446877,7829.483696361122
Masters,2016,New Delhi,3,29.0,Female,No,1,1,45.675305432567654,12618.461240050714
Bachelors,2012,Bangalore,3,26.0,Male,No,4,0,31.639032600029168,12928.763021561635
Bachelors,2015,Pune,3,28.0,Male,No,5,0,59.19234488916999,17159.057723902417
Bachelors,2017,New Delhi,2,29.0,Female,No,5,0,36.78375993749016,16032.810586903717
Bachelors,2014,Bangalore,3,30.0,Male,No,0,0,39.125961589088426,14956.87435912166
Bachelors,2017,Bangalore,3,30.0,Male,No,0,0,39.118275367650824,6700.806433288588
Bachelors,2014,Pune,3,28.0,Male,No,2,0,36.912499863520495,15809.244359955725
Bachelors,2013,New Delhi,3,28.0,Female,No,1,0,30.044214662589344,12504.57734531772
Bachelors,2016,New Delhi,3,26.0,Female,No,4,0,51.88034382263989,18411.49304159239
Bachelors,2012,New Delhi,3,28.0,Female,No,0,0,59.00536499397856,18798.064011958144
Bachelors,2017,Bangalore,3,29.0,Male,No,0,0,36.728804498551355,5827.348859026782
Bachelors,2018,Bangalore,3,27.0,Male,No,5,1,49.891415754102674,17309.62340531718
Masters,2017,New Delhi,2,26.0,Male,No,4,1,52.25688980876146,5565.46085634006
Bachelors,2017,New Delhi,3,26.0,Female,No,4,0,55.45276137271574,10507.544385425339
Bachelors,2013,Bangalore,3,27.0,Male,No,5,1,42.67887591040827,13134.499634316187
Bachelors,2014,Bangalore,3,26.0,Male,No,4,0,39.087927169212875,7221.511979406911
Bachelors,2013,Pune,2,29.0,Female,No,0,1,39.75885402069093,16194.707188536153
Bachelors,2013,Pune,2,28.0,Female,No,4,1,51.378639992955385,5125.320562582078
Bachelors,2017,Bangalore,3,26.0,Male,No,4,0,54.50338399516908,7528.985726510553
Bachelors,2015,Pune,2,28.0,Female,No,0,1,35.448419032698084,13711.952447802136
Bachelors,2017,Bangalore,3,,Male,No,1,0,41.128230244732954,15715.813430559385
Bachelors,2013,Bangalore,3,29.0,Female,No,3,0,57.0582059024745,18749.646540408743
Bachelors,2015,Bangalore,3,29.0,Male,No,5,0,54.20080559084218,15582.449779019358
Bachelors,2017,New Delhi,3,30.0,Female,No,3,0,59.54575208287427,15076.689053822989
Bachelors,2015,Pune,3,29.0,Male,No,0,0,52.627447790462426,10915.117195259965
Bachelors,2013,Bangalore,3,27.0,Female,,5,0,41.79585603083767,5019.266382902021
Bachelors,2016,Bangalore,3,26.0,Male,No,4,0,47.71913501983913,6802.388881034329
Bachelors,2014,Bangalore,3,27.0,Male,No,5,1,49.83042762741961,13018.318171340587
Bachelors,2012,Bangalore,3,,Male,No,2,0,32.35367448951372,15126.948287666295
Bachelors,2017,Bangalore,3,27.0,Male,No,5,0,46.334908773115956,11261.724258446939
Bachelors,2018,Bangalore,3,29.0,Male,No,0,1,51.27962485417829,15960.185172925852
Bachelors,2017,Bangalore,1,29.0,Female,No,5,0,35.01963912003181,12827.93442998268
Bachelors,2017,Bangalore,3,27.0,Male,No,5,0,53.41895152276672,6112.642933914683
Masters,2017,Bangalore,2,27.0,Male,No,5,1,47.51318341542335,7880.243764519233
Masters,2014,New Delhi,3,28.0,Female,No,2,0,58.56665357092784,17599.973348659143
Bachelors,2012,New Delhi,3,27.0,Female,No,5,1,31.27266894620675,15873.691199366593
Bachelors,2012,Bangalore,3,,Male,No,0,0,37.95978412666401,18421.429805187425
Masters,2017,Pune,2,27.0,Male,No,5,0,48.04661637899472,6763.358736814049
Bachelors,2013,Bangalore,3,26.0,Male,No,4,0,38.89679736617792,19853.33801922611
Bachelors,2013,New Delhi,3,27.0,Female,No,5,1,51.43272492213727,8141.100709249004
Bachelors,2013,Bangalore,2,26.0,Female,No,4,1,52.77015847565793,5176.69814429963
Bachelors,2012,Pune,2,27.0,Female,No,5,1,33.07547892199423,19961.344085803314
Bachelors,2016,Pune,3,26.0,Female,No,4,1,45.41563392620303,9216.108281676698
Bachelors,2017,New Delhi,2,27.0,Male,No,5,0,45.26671666773168,15020.291787688398
Bachelors,2012,Bangalore,3,28.0,Female,No,3,0,41.07842310646623,7650.234712644578
Bachelors,2015,Bangalore,3,26.0,Male,No,4,0,57.98774587709016,13703.427982987127
Masters,2017,New Delhi,3,27.0,Male,No,5,0,54.82518959619664,18560.52479681839
Bachelors,2013,Pune,2,30.0,Female,No,5,1,50.9162814572891,9802.71751142658
Bachelors,2013,Pune,3,28.0,Male,No,0,0,51.42979907204993,15053.809640665388
Bachelors,2012,Pune,3,26.0,Male,No,4,0,43.85148431439357,7818.553831976247
Bachelors,2016,Bangalore,3,28.0,Male,No,3,1,57.629835632897276,14371.930980780879
Masters,2015,Pune,3,26.0,Male,No,4,1,50.83786281759856,10046.755277262651
Bachelors,2017,New Delhi,2,26.0,Female,No,4,0,51.8694318496745,8168.123878819275
Masters,2017,Bangalore,2,26.0,Male,No,4,1,55.85072711362036,9697.730760554528
Bachelors,2014,Bangalore,3,30.0,Female,No,2,0,38.22214768026573,7682.61602761699
Bachelors,2014,Bangalore,3,29.0,Female,No,2,0,54.212127116001085,18528.74161756824
Bachelors,2017,Pune,3,26.0,Male,Yes,4,0,35.857218088694765,10957.803294756934
Bachelors,2013,Bangalore,3,28.0,Male,No,0,0,40.360258567346634,8679.18957461551
Bachelors,2018,Bangalore,3,29.0,Male,No,1,1,40.06831362809528,11726.117615238993
Bachelors,2016,Bangalore,3,30.0,Female,No,3,0,59.355764051674214,9808.042502097433
Bachelors,2017,Bangalore,3,30.0,Male,No,0,1,55.69611671243781,16166.28880719989
PHD,2015,New Delhi,3,29.0,Male,No,4,0,51.035095847707794,19568.298678282415
Bachelors,2017,New Delhi,2,26.0,Female,No,4,0,51.81170284846171,11570.504850464702
Bachelors,2013,Bangalore,3,26.0,Female,No,4,0,46.862183832077136,17915.500999583608
Bachelors,2014,Bangalore,1,28.0,Female,No,5,0,58.41272001325557,13487.946103394293
Bachelors,2014,Pune,3,30.0,Male,No,0,0,44.88776258647084,7358.534976413503
Masters,2012,Bangalore,3,26.0,Female,No,4,1,41.41553129609684,15359.341131220124
Bachelors,2013,New Delhi,2,26.0,Female,No,4,1,34.89106010794773,12701.5174568873
Bachelors,2015,Bangalore,3,26.0,Male,No,4,0,53.58616956783174,14759.097848781552
Bachelors,2016,New Delhi,3,29.0,Female,No,0,0,52.033317962267745,18345.311188574975
Bachelors,2015,Bangalore,3,,Female,No,5,0,41.530651155724044,11606.518559840692
Masters,2018,New Delhi,3,28.0,Female,No,2,1,30.75580241877688,18517.664348260332
PHD,2015,New Delhi,2,27.0,Female,No,5,0,55.16991983154033,16260.035214224823
Masters,2013,Pune,1,30.0,Male,No,1,0,30.34253950362221,12329.073888169773
Bachelors,2012,Pune,3,26.0,Male,No,4,0,51.11099338887153,14048.332034869456
Bachelors,2015,Pune,2,26.0,Female,Yes,4,1,59.10771329178171,9883.716987785172
Bachelors,2018,New Delhi,3,30.0,Female,Yes,3,1,43.1298398444461,19753.95949608161
PHD,2013,New Delhi,3,30.0,Male,No,5,0,37.04920214987858,15010.26744575594
Bachelors,2013,Bangalore,3,28.0,Male,No,0,0,51.146130301301454,5657.702787449449
Masters,2014,New Delhi,3,26.0,Male,Yes,4,1,54.51384426046755,9899.32858622013
Bachelors,2017,Bangalore,3,29.0,Male,No,1,0,46.39290948233542,14349.716506385863
Bachelors,2013,Bangalore,3,26.0,Male,No,4,0,59.01105825768438,5844.999166988597
Bachelors,2012,Pune,3,26.0,Male,No,4,0,31.550061649738833,5358.262869787141
Bachelors,2014,Pune,3,26.0,Male,No,4,0,45.143867949135846,11750.363592917038
Bachelors,2015,Pune,3,29.0,Male,No,0,0,51.5536184196765,9990.352695390051
Bachelors,2014,Bangalore,1,26.0,Male,No,4,0,55.87921413447537,11574.479120497488
Bachelors,2018,Bangalore,3,36.0,Male,No,2,1,35.3776683572337,8940.399648200077
Bachelors,2018,Bangalore,3,37.0,Male,No,4,1,54.00010445291044,7470.766204144714
Bachelors,2015,Pune,3,35.0,Female,No,0,1,46.58121227155635,15337.150354705065
Bachelors,2013,Pune,2,32.0,Female,No,4,1,41.8966104596989,12718.566744017007
Bachelors,2013,Pune,1,39.0,Female,No,0,1,33.951450857372805,8002.313168740502
Bachelors,2018,Pune,3,32.0,Male,No,1,1,55.95887276726737,9793.841393899975
PHD,2012,New Delhi,3,37.0,Female,No,5,0,34.71819624539146,13877.118614949888
Bachelors,2012,Pune,3,,Male,No,4,0,39.29363577627298,6083.440224087168
Bachelors,2018,Pune,3,31.0,Male,No,1,1,38.701365958873104,7211.795138992693
Bachelors,2017,Bangalore,3,33.0,Male,No,2,0,56.142421025725625,6098.684061610852
Masters,2017,Pune,2,37.0,Male,No,2,0,50.18108982626694,17184.759990711784
Bachelors,2014,Pune,3,31.0,Male,Yes,1,0,53.90044191574117,16286.138498180138
Masters,2017,Bangalore,3,40.0,Female,No,4,0,37.51403696377497,16299.693978188856
Bachelors,2017,New Delhi,2,32.0,Male,No,0,0,48.746222988209965,15744.88015214042
Bachelors,2016,Bangalore,3,41.0,Male,No,0,0,47.152379494312456,15040.781355048039
Bachelors,2018,Bangalore,3,35.0,Female,Yes,5,1,54.98491130364813,12154.878730672624
Bachelors,2014,Pune,3,34.0,Male,No,3,0,57.18261181443782,14634.172452606725
Bachelors,2017,Bangalore,3,31.0,Male,No,0,0,30.364703144321606,5575.42332181962
Masters,2017,Bangalore,3,41.0,Female,No,2,1,50.220597571763776,14321.96633985177
Bachelors,2015,Pune,3,41.0,Male,No,5,0,31.55507397359187,16668.16558305316
Bachelors,2016,Bangalore,3,37.0,Female,No,0,0,46.46575995232068,12505.375405765852
Bachelors,2018,Bangalore,3,32.0,Female,No,3,1,38.628981871310344,10362.699926408553
Bachelors,2015,Bangalore,3,,Male,Yes,3,0,39.203297985664236,9161.401022014687
Bachelors,2016,Bangalore,3,32.0,Male,No,1,0,40.5887551035707,14642.030752431237
Masters,2017,New Delhi,3,36.0,Female,No,5,0,48.63877347148831,15392.01797944863
Bachelors,2014,Bangalore,3,36.0,Male,No,3,0,40.02149897006308,18064.51399793814
Bachelors,2015,Bangalore,3,36.0,Male,No,5,0,51.98097151770841,10135.011236914861
Bachelors,2017,Bangalore,3,41.0,Male,Yes,3,0,42.13582156721609,16546.584610783782
Bachelors,2015,Pune,3,39.0,Male,No,3,0,32.05059600929876,13420.33736284007
Bachelors,2013,Pune,3,37.0,Male,No,0,0,53.512795274523214,18242.547360171186
Bachelors,2013,Bangalore,3,32.0,Male,No,1,0,38.57274973778118,12917.18162443431
Bachelors,2012,Bangalore,3,36.0,Male,No,2,0,42.98300638797788,12764.447425969509
Bachelors,2013,Bangalore,3,36.0,Male,No,4,0,50.563316496657045,13668.156221613637
Bachelors,2014,Bangalore,3,36.0,Male,No,1,0,39.973684714461356,16239.730327136516
Bachelors,2018,Bangalore,3,,Female,Yes,2,1,31.69756968440147,19470.357182426917
Bachelors,2018,Bangalore,3,34.0,Male,No,3,1,41.217631410384406,6103.450313236484
Bachelors,2018,Bangalore,3,37.0,Male,Yes,5,1,58.333457480829104,5801.519035865257
Bachelors,2018,Pune,3,40.0,Male,Yes,3,1,49.252031918956746,19063.255061110078
Bachelors,2014,Pune,2,36.0,Female,No,3,1,50.14437446001621,12948.134382773093
Bachelors,2017,Pune,2,38.0,Female,No,0,0,48.9684646091292,14223.545218504041
Masters,2017,New Delhi,2,31.0,Female,No,0,1,35.9697641687831,12236.354023920932
Bachelors,2013,New Delhi,3,41.0,Female,No,4,0,42.5500159230684,6404.861789112118
Masters,2012,Bangalore,2,32.0,Male,No,3,1,52.52819395089955,16521.34067628
Bachelors,2017,New Delhi,2,41.0,Female,No,3,0,33.041186926594776,16208.369676328803
Bachelors,2013,Pune,3,40.0,Male,No,5,0,38.33558328269137,9675.549822392179
Bachelors,2014,Bangalore,3,38.0,Female,No,2,1,38.289573253975604,9593.588678426007
Masters,2017,New Delhi,2,36.0,Male,No,5,0,42.96056782783518,17567.62071358278
Bachelors,2013,New Delhi,3,33.0,Female,No,1,0,59.41106222826555,6085.358866119899
Bachelors,2014,Bangalore,3,39.0,Male,Yes,0,0,32.025076400514656,18216.57722534849
Bachelors,2013,Bangalore,3,39.0,Male,No,0,0,45.561029831417855,8849.925348438715
Bachelors,2014,Bangalore,3,33.0,Male,No,4,0,35.38094046036631,13894.771216332409
Bachelors,2017,Pune,3,32.0,Male,No,5,0,59.12029636229232,19039.912685026666
Bachelors,2014,Bangalore,3,35.0,Female,No,2,1,33.399105141823924,15171.837523049697
Bachelors,2014,Bangalore,3,36.0,Male,No,5,0,42.10803007084774,11216.44718700555
Bachelors,2018,Pune,2,39.0,Female,No,0,1,52.136549545038186,15343.013133581228
Bachelors,2013,Bangalore,3,37.0,Female,No,5,0,51.13663284082336,10159.694544745553
Masters,2017,New Delhi,2,35.0,Female,No,2,1,42.68185910681797,9158.876245237792
Bachelors,2017,Bangalore,3,36.0,Male,No,5,0,40.395725038581546,19950.249169020193
Masters,2013,New Delhi,3,41.0,Male,No,0,0,41.92837135658612,16261.853467696816
Bachelors,2017,Bangalore,3,33.0,Male,No,2,0,37.92828789475918,14670.799660727265
Bachelors,2018,Bangalore,3,38.0,Male,No,2,1,36.159988161204,10329.344648289782
Bachelors,2015,Bangalore,3,34.0,Male,No,5,0,44.4911909267667,5737.412437325723
Bachelors,2012,Bangalore,3,,Male,No,1,0,38.05601268202822,5465.853140527334
Bachelors,2015,Pune,3,,Male,Yes,5,0,38.6238499469175,13312.718831731981
Bachelors,2012,Bangalore,3,39.0,Female,No,2,0,49.70268190423671,16430.490815585767
Bachelors,2012,Bangalore,3,41.0,Male,No,3,0,59.05611995099677,13060.687856657827
Bachelors,2018,Bangalore,3,34.0,Male,Yes,2,1,48.10911601678126,17611.776079086718
Masters,2015,Pune,2,35.0,Female,No,1,0,32.309384011948985,5501.397996398325
Bachelors,2012,Bangalore,3,33.0,Male,No,2,0,32.26750841562201,10501.281146389101
Bachelors,2015,Bangalore,3,39.0,Male,No,3,0,58.54269662536698,8556.055867612671
Masters,2017,New Delhi,2,35.0,Male,Yes,2,0,38.91872370922001,11709.09452235683
Bachelors,2017,New Delhi,2,31.0,Female,No,0,0,32.76200958247426,6085.645897911837
Bachelors,2016,Bangalore,3,34.0,Male,Yes,4,0,47.97133761451145,19311.974623566086
Bachelors,2013,Bangalore,3,40.0,Female,Yes,5,0,48.709463348707985,8348.831016040414
Bachelors,2016,New Delhi,3,31.0,Female,No,4,0,49.45514460356064,18834.616632253772
Bachelors,2016,Pune,3,33.0,Male,No,3,0,38.022060835726236,11388.397325550228
Bachelors,2013,Bangalore,3,,Male,No,5,0,30.45332052643425,19782.86199882827
Masters,2017,New Delhi,2,31.0,Male,No,4,1,58.95046108363415,13310.87575190316
Bachelors,2014,Bangalore,3,39.0,Male,No,2,0,37.52679137073307,18962.492962637112
Bachelors,2016,Bangalore,3,33.0,Male,No,1,1,50.28078864157642,5080.234830413343
Bachelors,2014,Bangalore,3,40.0,Female,No,4,0,51.19889609636129,16223.582092713501
Bachelors,2016,Bangalore,3,39.0,Male,No,0,1,48.30022251238457,18545.75979653773
Bachelors,2017,Bangalore,3,35.0,Male,Yes,2,0,39.387221826409444,7095.808504684312
Bachelors,2017,Bangalore,3,32.0,Male,No,1,0,38.13288761292198,6441.887775982273
Bachelors,2015,Pune,2,34.0,Female,No,5,1,47.930048481081094,11368.589107789334
Bachelors,2017,Bangalore,3,40.0,Female,No,4,0,55.98286900835075,19005.183591994028
Masters,2017,Pune,3,33.0,Male,No,4,1,58.402011867701866,13135.79840285658
Bachelors,2015,Pune,2,36.0,Female,No,0,1,33.177174132112725,12911.846955825982
Masters,2018,Bangalore,3,39.0,Male,No,3,1,34.6448583779316,7116.891774489828
Bachelors,2012,Bangalore,3,37.0,Female,No,5,1,58.34208776349239,5011.842666398282
Bachelors,2018,Bangalore,3,36.0,Male,No,1,1,52.09605685004378,17152.101361181918
Bachelors,2017,New Delhi,2,39.0,Male,No,2,0,56.489814744893195,6313.618444793574
Bachelors,2015,Pune,2,35.0,Female,Yes,4,1,36.078979024060295,14507.74728102986
Masters,2018,New Delhi,3,41.0,Male,No,2,1,47.627576133282055,18719.24681772787
Bachelors,2012,Pune,3,31.0,Male,No,5,0,51.03418783252421,8129.778697376465
Bachelors,2015,Pune,2,36.0,Female,Yes,0,1,50.403356563409176,14979.092543553663
Bachelors,2016,Bangalore,3,32.0,Male,No,1,0,42.244550726000945,6180.478650612642
Bachelors,2017,Bangalore,3,37.0,Male,No,2,1,30.461846750739255,14056.327157564194
Bachelors,2015,Pune,2,39.0,Female,No,4,1,47.4877817041279,7458.975814298041
Bachelors,2012,Pune,3,34.0,Male,No,2,0,37.59304617538827,16039.30340772767
Bachelors,2012,Bangalore,3,35.0,Female,No,1,0,43.50762738428671,9518.469421908623
Bachelors,2015,Bangalore,3,40.0,Female,No,2,0,58.72743045251452,11950.865132069694
Bachelors,2016,Bangalore,3,39.0,Female,No,1,0,41.97105952927304,13991.458130414325
Bachelors,2017,Bangalore,3,39.0,Female,No,1,0,55.1940481999328,7569.101159993594
Bachelors,2015,Pune,3,41.0,Female,No,3,1,35.65621817247754,16124.567279264313
Bachelors,2012,Pune,3,40.0,Male,No,2,0,50.173814940750866,9539.605109552218
Bachelors,2012,Bangalore,1,36.0,Male,No,3,0,59.3102086331683,14935.577898691303
Bachelors,2017,New Delhi,2,33.0,Female,No,2,0,33.0567930261881,7374.245760490605
Masters,2014,New Delhi,3,33.0,Male,No,2,0,30.24959826681576,15321.764888095255
Masters,2018,New Delhi,3,40.0,Male,No,2,1,43.00748377897843,6922.821092156926
Bachelors,2015,Pune,2,34.0,Female,No,2,1,32.77876449154102,11380.347444049754
Bachelors,2014,Bangalore,3,33.0,Female,No,1,0,52.45153049028694,8708.091106083153
Masters,2015,New Delhi,1,34.0,Male,No,5,1,57.436459915456766,16225.628741422739
Masters,2017,New Delhi,1,40.0,Male,No,5,0,43.02062918126276,8930.525067603117
Bachelors,2014,Bangalore,3,32.0,Male,No,4,0,37.76134926466323,18225.759595930944
Bachelors,2017,New Delhi,3,38.0,Male,No,2,0,43.03209957019829,18377.303171099193
Bachelors,2015,Bangalore,3,38.0,Male,No,4,0,51.70343453550003,7946.619728341788
Bachelors,2015,Bangalore,3,32.0,Male,No,2,0,30.27162484741113,14207.689175115864
Bachelors,2013,Bangalore,3,31.0,Female,Yes,3,1,47.683619684540915,6315.764625799465
Bachelors,2015,Bangalore,3,39.0,Female,No,0,0,48.39875054662137,10873.056494024437
Masters,2017,Pune,2,41.0,Male,Yes,2,0,49.13064740687807,15699.825942519084
Bachelors,2015,Pune,2,35.0,Female,,2,1,37.260662399426316,14891.348702748744
Bachelors,2016,Pune,3,39.0,Male,No,5,0,51.421581701343804,14370.51004109912
Bachelors,2014,Bangalore,3,40.0,Female,No,0,0,32.74174458995329,9238.112954936652
Bachelors,2016,Bangalore,3,41.0,Male,No,1,0,35.97811009400402,10670.37424151603
Masters,2015,Pune,2,34.0,Female,No,1,0,56.32410139963446,6544.192170504293
Bachelors,2016,Pune,2,37.0,Female,No,5,1,52.16169452179699,15785.342306504015
Bachelors,2017,New Delhi,2,36.0,Male,No,2,0,30.412366620340357,12558.331951869102
Bachelors,2015,Pune,3,37.0,Male,No,1,0,37.451287811094005,15631.48448518482
Masters,2015,Pune,1,40.0,Female,No,1,0,36.43219448979494,8734.15287195309
Bachelors,2018,New Delhi,3,39.0,Female,Yes,0,1,38.12418984110918,9866.573429525994
Bachelors,2017,New Delhi,2,36.0,Female,No,5,0,37.426793108396595,10013.23005890172
Bachelors,2015,Bangalore,2,32.0,Female,No,2,1,31.875788872285373,5386.136146208243
PHD,2015,Pune,3,31.0,Female,No,1,0,43.768215497904606,10115.718092459352
Bachelors,2012,Bangalore,3,31.0,Male,No,4,0,51.98200424358495,17049.5686027705
Bachelors,2013,New Delhi,3,36.0,Female,No,5,0,48.20195174152309,18459.477436246078
Bachelors,2014,Bangalore,3,35.0,Male,No,3,0,50.18615005794239,12773.27473453891
Masters,2013,New Delhi,2,33.0,Female,No,2,1,32.43447535608718,11832.525428288303
Bachelors,2014,Bangalore,3,,Male,Yes,1,0,58.54472130530362,5462.369280490554
Bachelors,2015,Pune,3,35.0,Female,No,1,1,55.154755015290746,18188.06506378074
Bachelors,2013,Bangalore,3,38.0,Female,No,4,0,54.15270955486988,5195.153201388091
Masters,2017,Bangalore,3,39.0,Female,No,4,1,54.68951415125302,19171.251203153177
Bachelors,2012,Bangalore,3,41.0,Male,No,3,0,57.98131524398284,12338.24373032136
Bachelors,2014,Pune,2,35.0,Male,No,2,1,46.32761898341093,10129.0174036209
Bachelors,2016,Pune,3,31.0,Male,No,1,0,36.00846053602878,18863.2765226399
Bachelors,2017,New Delhi,2,32.0,Female,No,4,1,48.503508235576234,5365.864896651451
Bachelors,2016,New Delhi,3,34.0,Male,No,1,0,52.28644481003817,13721.373423036306
Bachelors,2014,Bangalore,3,34.0,Male,Yes,3,0,52.13752180062076,13233.987867490065
Masters,2014,New Delhi,3,36.0,Male,No,1,1,45.6434707250064,8289.806018170731
Masters,2017,Bangalore,2,41.0,Male,No,4,0,32.05376158000734,11433.311470253158
Masters,2017,Pune,2,39.0,Female,No,3,0,41.133388152903834,14783.960089156553
Masters,2017,New Delhi,2,38.0,Male,No,5,0,57.62299825390072,15906.967953228912
Bachelors,2012,Bangalore,3,37.0,Male,No,4,0,47.533467292722776,5010.752880598697
Bachelors,2015,Bangalore,3,38.0,Male,No,3,1,46.149958297671404,19052.80145136523
Bachelors,2014,Bangalore,3,37.0,Male,No,4,0,38.065605431465805,7467.880585892186
Bachelors,2017,Bangalore,3,34.0,Male,No,5,0,41.05346759749737,8503.706513335388
Bachelors,2014,Bangalore,1,39.0,Male,No,5,0,56.86038267459508,8952.101685407724
Masters,2017,New Delhi,2,38.0,Female,No,2,1,49.993891425805074,5567.30204828053
Masters,2017,New Delhi,3,33.0,Male,No,5,0,53.62161080256999,6845.781853854874
Bachelors,2012,Bangalore,3,33.0,Female,No,5,0,43.63036269202965,19795.24884416243
Bachelors,2012,Bangalore,3,34.0,Male,No,4,0,48.907416583684736,9728.251060659291
Bachelors,2016,Pune,2,32.0,Female,No,0,1,37.45150826229623,6729.51635508574
Bachelors,2012,Bangalore,3,33.0,Female,Yes,0,0,51.16382490850459,6604.868917619349
Masters,2013,Pune,3,37.0,Male,No,2,0,42.82804001110012,15791.899515049578
Masters,2015,New Delhi,3,37.0,Male,No,2,1,43.27636544444237,17818.529960489614
Bachelors,2013,New Delhi,3,37.0,Male,No,2,0,49.47966973730645,8854.284492627048
Bachelors,2017,Bangalore,3,40.0,Male,Yes,1,0,58.0884186440678,5313.642685028524
Masters,2016,New Delhi,3,32.0,Male,No,1,0,31.920190398258626,8346.350276680338
Bachelors,2016,Bangalore,3,36.0,Female,No,5,1,54.74229712041023,5847.73536195136
Bachelors,2014,Bangalore,3,36.0,Male,No,4,0,38.77149331236579,6550.924049450623
Bachelors,2014,Bangalore,3,36.0,Female,No,1,1,43.31758363519133,11472.621797714635
Masters,2017,New Delhi,3,31.0,Male,No,1,1,30.65739986325027,8448.77556292449
Bachelors,2015,Bangalore,3,38.0,Male,Yes,4,0,39.03138233502939,12739.188177881351
Masters,2017,New Delhi,3,38.0,Male,No,2,0,45.078937278903915,8802.406298857855
Bachelors,2012,Pune,3,,Male,No,2,0,31.68528232042317,19108.059516544214
Bachelors,2014,Bangalore,1,37.0,Male,No,5,0,44.73287188149496,18589.15951889397
Bachelors,2015,Pune,2,36.0,Female,No,1,1,57.81331886575282,13502.09157515699
Bachelors,2013,Bangalore,3,35.0,Male,No,2,1,33.16179654323415,10316.359879810792
Bachelors,2013,Pune,3,40.0,Female,No,5,1,52.93322184226513,10717.203230521034
Bachelors,2014,Pune,3,40.0,Male,No,5,0,42.29013160127978,11177.784247167454
Bachelors,2017,Bangalore,3,35.0,Female,No,3,0,49.65521143573014,15913.68983202416
Bachelors,2012,Bangalore,3,41.0,Female,No,5,0,37.80709793955688,11774.584932782569
Bachelors,2015,Bangalore,3,32.0,Male,No,4,0,34.78476787624075,17850.94919758846
Bachelors,2013,Bangalore,3,41.0,Male,No,2,0,34.81387842813679,19161.421788955467
Bachelors,2016,New Delhi,3,,Female,No,1,1,32.114758369294336,10039.192300684008
Bachelors,2017,Pune,3,40.0,Male,No,3,0,35.56940114703729,13410.417220635201
Bachelors,2017,Bangalore,3,34.0,Male,No,3,1,49.92658154966905,6425.848052488466
Masters,2017,New Delhi,2,36.0,Male,Yes,2,0,56.45071835530524,8007.035716495385
Bachelors,2017,New Delhi,3,33.0,Female,No,2,0,54.423770567734856,11201.986500652401
Bachelors,2014,Pune,3,,Male,No,2,0,50.55402929623452,8093.040738526683
Bachelors,2014,Bangalore,3,40.0,Female,No,3,0,33.31295590233308,18148.407361830763
Bachelors,2016,Bangalore,3,31.0,Male,No,1,1,38.67562338887849,7374.293840886471
Masters,2015,Bangalore,3,32.0,Female,No,2,1,39.29420625967407,11834.91232329638
Bachelors,2017,Pune,3,34.0,Female,No,1,1,37.49870839192864,14085.488606898134
Bachelors,2016,New Delhi,3,,Male,No,4,0,45.45016979129169,15377.958622412667
Bachelors,2013,Bangalore,3,,Female,No,4,0,46.066614446390176,10746.040545897602
Bachelors,2014,Bangalore,3,38.0,Male,No,2,0,40.706579255133306,18036.48603087093
Masters,2017,New Delhi,3,32.0,Male,No,1,1,40.61367476209308,13524.787266168883
Bachelors,2015,New Delhi,3,40.0,Male,No,2,0,54.856667937182436,11592.616706713277
Bachelors,2017,New Delhi,1,38.0,Female,No,1,1,53.67878544959056,6008.6095107805495
Bachelors,2017,Pune,3,37.0,Male,No,0,0,39.23387495042237,11970.342026677476
PHD,2014,Bangalore,3,31.0,Male,No,1,0,57.41365331619778,17311.037612235952
Bachelors,2014,Pune,3,34.0,Male,No,0,0,58.584450510075186,14218.115273319732
Masters,2017,New Delhi,2,34.0,Female,No,2,1,39.80227626090122,17482.436805936777
Bachelors,2013,Pune,2,37.0,Female,No,0,1,40.63274846379164,12410.175058989586
Masters,2017,New Delhi,2,31.0,Male,No,1,0,45.169024602658766,6776.925576417228
Bachelors,2017,Bangalore,3,35.0,Male,No,5,0,58.233624376010205,5204.597687538216
PHD,2015,New Delhi,3,34.0,Female,No,4,0,56.289582994269345,9548.293200778868
Bachelors,2012,Bangalore,1,32.0,Male,No,1,1,33.0770388775077,15469.857072466888
Bachelors,2017,Pune,3,31.0,Male,Yes,0,0,41.78192229814249,16853.898559125406
Bachelors,2015,Bangalore,3,,Female,No,5,0,46.60113569249316,9436.292519304941
Masters,2017,New Delhi,3,38.0,Female,No,2,0,45.0939741765462,12434.808813248706
Bachelors,2015,Pune,3,34.0,Male,No,4,0,35.81589203810678,11316.783566511225
Bachelors,2013,Bangalore,1,39.0,Female,No,1,1,55.76450313504464,11157.841765271418
PHD,2013,Pune,3,35.0,Male,No,0,0,50.30822348990512,8470.230698002257
Masters,2015,Pune,2,33.0,Male,No,4,1,55.13725124555411,7045.566575441875
Masters,2014,Bangalore,3,35.0,Female,No,2,1,55.76292838048417,7950.328373468197
Masters,2015,New Delhi,3,40.0,Male,No,2,0,52.450675609972194,5829.985807450192
Bachelors,2015,Pune,2,32.0,Female,No,0,1,43.17631803749152,7971.961127353656
Bachelors,2013,Bangalore,3,38.0,Male,No,1,0,48.316402650462734,5138.013464380691
Bachelors,2012,Bangalore,3,32.0,Female,No,1,1,34.810962183592295,14408.876009539674
Bachelors,2018,Bangalore,3,36.0,Male,No,3,1,50.209362524247226,9745.631110815244
Bachelors,2012,Bangalore,3,35.0,Male,No,1,0,35.377597672178425,19597.17067140363
Bachelors,2013,New Delhi,3,,Female,No,0,0,50.818487715304705,7905.755761644468
Bachelors,2015,Pune,2,35.0,Male,No,3,1,36.88794482261906,10187.42855464391
Masters,2017,Pune,2,37.0,Female,No,1,0,33.5265390045066,10367.617379622998
Masters,2017,Pune,2,39.0,Male,No,4,0,34.958534704288724,5126.772440936908
Masters,2014,Pune,3,40.0,Male,No,4,1,30.059764056572106,17588.119295591885
Bachelors,2012,Pune,2,41.0,Female,No,1,1,51.56218853560591,5479.91690216487
Bachelors,2018,Pune,3,41.0,Male,Yes,0,1,51.97203147175137,19102.697520938622
Masters,2017,Pune,2,39.0,Female,No,2,0,45.448000497397786,18381.11526640431
Bachelors,2012,Bangalore,3,38.0,Female,No,5,0,34.84088403166151,13032.828741289453
Bachelors,2013,Bangalore,3,33.0,Male,No,3,0,32.50663012532069,13153.933623669382
Bachelors,2014,Bangalore,3,,Female,No,3,0,30.57386899311861,14806.668844342345
Bachelors,2017,Bangalore,3,41.0,Male,No,5,0,34.97244530895662,10805.750179023304
PHD,2012,New Delhi,3,40.0,Female,No,5,0,56.72566604949441,14708.334250967831
Bachelors,2013,Bangalore,3,31.0,Female,No,4,1,37.24610525105045,5671.525830327303
Bachelors,2012,Bangalore,3,33.0,Female,No,1,0,40.628139816516466,5810.714410245899
Bachelors,2015,Bangalore,3,39.0,Male,Yes,2,0,33.16036453443999,11858.456294293166
Masters,2014,Pune,2,33.0,Female,No,5,0,36.67083914244511,13244.334516590525
Bachelors,2015,Bangalore,3,35.0,Male,No,0,0,45.576737123406154,18317.264605037286
Masters,2012,New Delhi,3,38.0,Male,No,2,0,48.23258049286957,6569.909508618444
Bachelors,2016,Bangalore,3,36.0,Female,No,0,0,37.36056942498633,17339.71890790834
Bachelors,2014,Pune,2,36.0,Female,No,2,1,31.731964776753514,8150.710059381044
Bachelors,2015,Bangalore,1,35.0,Male,No,5,0,41.73098607382196,10911.254727650477
Bachelors,2017,Pune,2,34.0,Female,No,5,1,37.02610112779003,9749.036522411194
Bachelors,2015,Pune,2,41.0,Female,No,3,1,36.58661769689406,11002.329092980985
Bachelors,2016,Pune,3,32.0,Female,No,3,1,58.795884081403656,7257.432471088783
Bachelors,2017,Pune,2,41.0,Female,No,2,1,48.48901457777173,12553.551116053324
Bachelors,2016,Bangalore,3,36.0,Male,No,0,0,46.70635329516288,17024.63884747051
Bachelors,2017,Pune,2,39.0,Male,No,3,0,42.473253105699655,11623.010155683454
Bachelors,2015,Bangalore,3,38.0,Male,Yes,2,0,42.86833000290433,12359.203638472987
Bachelors,2014,Bangalore,3,34.0,Male,No,3,1,46.22715011514242,17731.513779219713
Bachelors,2012,Bangalore,3,39.0,Female,No,5,0,50.89289421108322,15590.871719570463
Bachelors,2017,Pune,3,36.0,Male,No,1,0,51.06438288545488,12356.81612779677
Bachelors,2014,Bangalore,3,,Male,No,1,0,35.15081723116349,8865.434722837696
Masters,2018,Bangalore,3,31.0,Male,No,2,1,45.00338256229881,18273.9012026745
Bachelors,2012,Bangalore,3,41.0,Female,No,4,0,42.35874285102306,13655.306025358375
Bachelors,2017,Bangalore,3,35.0,Female,No,4,0,56.115808988081525,8317.2141516604
Bachelors,2015,Bangalore,1,40.0,Male,No,2,0,48.94256763655129,9036.796289570155
Bachelors,2018,Bangalore,3,,Female,No,4,1,45.97512199247946,17046.996334043688
Bachelors,2016,Bangalore,3,37.0,Female,No,0,0,33.46183926536752,5662.183431311832
PHD,2018,Bangalore,3,36.0,Female,No,3,1,48.16913667970235,19881.382805432302
Bachelors,2012,Bangalore,3,40.0,Male,No,0,0,33.516117170407,6955.275195721877
Bachelors,2017,New Delhi,2,36.0,Male,No,0,0,40.11619726697256,16941.02788095406
Masters,2015,New Delhi,3,38.0,Female,No,0,0,34.285258944429955,10921.629751575243
Bachelors,2014,New Delhi,2,31.0,Female,No,4,1,50.76220941073107,12383.242749312003
Bachelors,2016,Pune,3,40.0,Male,No,4,0,36.187563415084576,18209.75866196867
Bachelors,2017,Bangalore,3,37.0,Female,No,4,0,41.75578119564078,11193.667843838199
Bachelors,2015,New Delhi,3,38.0,Female,No,0,0,56.87024332856336,13062.406305098517
Masters,2017,New Delhi,2,35.0,Female,No,2,0,36.129491501969106,5739.494936137549
PHD,2018,New Delhi,3,35.0,Female,No,0,1,45.234151918763374,5035.212108011798
Bachelors,2012,Bangalore,3,38.0,Female,No,3,0,42.578149834980664,8671.998095025889
Bachelors,2012,Pune,3,,Female,No,5,0,30.54372123137189,15208.74639378151
Masters,2016,New Delhi,3,33.0,Female,No,1,0,53.782743407184384,6818.973400387051
Bachelors,2013,Pune,2,32.0,Female,No,1,1,32.07137718943799,6706.4293820682415
Bachelors,2017,Bangalore,1,39.0,Male,No,0,0,44.227650629308606,11164.409120538548
Bachelors,2018,New Delhi,3,35.0,Female,No,2,1,46.8203488481685,14717.555579123398
Bachelors,2014,New Delhi,3,38.0,Female,No,5,0,48.85279369843761,15681.079883718958
Bachelors,2015,Bangalore,3,32.0,Male,No,0,0,50.65894887923626,7676.760111475622
Bachelors,2017,Bangalore,3,34.0,Female,No,2,0,37.59817150568145,6193.822210580636
Bachelors,2017,Bangalore,3,41.0,Male,No,1,0,30.29936329975348,19105.955509183164
Masters,2012,Bangalore,3,40.0,Female,No,5,0,51.70330987064736,8909.995738431526
Bachelors,2012,Pune,2,32.0,Male,No,1,1,46.06969798042736,17800.197464130855
Bachelors,2013,Bangalore,3,35.0,Male,No,0,0,55.08353109621746,17952.371756942273
PHD,2013,New Delhi,1,,Female,No,3,0,54.64165088702083,16587.838876438167
Bachelors,2013,Bangalore,3,40.0,Female,No,4,0,55.299785033636496,7532.504099788552
Bachelors,2018,Pune,2,35.0,Female,No,2,1,44.552839799386206,17327.021888813004
Masters,2017,New Delhi,2,37.0,Female,No,4,0,40.00885187510597,16538.7583886238
Bachelors,2017,Bangalore,3,34.0,Male,No,3,0,53.7467460777411,13950.844851593256
Bachelors,2012,Pune,3,36.0,Male,No,1,0,43.538823390877646,10058.03052753429
Bachelors,2015,New Delhi,3,37.0,Male,No,4,0,35.50326589210304,8937.629063998162
Bachelors,2014,Bangalore,3,39.0,Male,No,5,0,55.64922058684423,6828.338181205385
Bachelors,2017,New Delhi,2,39.0,Female,No,0,0,56.47679630317042,12646.356003513072
Masters,2018,New Delhi,3,38.0,Male,No,2,1,43.989292684205104,13778.913132647698
Bachelors,2013,New Delhi,3,37.0,Female,No,1,0,32.27099181929363,10390.084857736809
Bachelors,2012,New Delhi,2,33.0,Female,No,0,1,41.63478269750794,12130.38601521303
PHD,2014,Bangalore,3,38.0,Female,No,3,0,54.1061297838781,10452.716860539
Masters,2017,New Delhi,2,40.0,Female,No,2,1,57.05322085638686,14615.09085981052
Bachelors,2012,Bangalore,3,41.0,Male,No,5,0,36.10418227492787,18518.888116948452
Bachelors,2013,Bangalore,2,38.0,Female,No,1,1,32.009208360758144,7458.803930704173
Bachelors,2012,Bangalore,3,37.0,Male,No,4,0,56.32051359398516,10721.13214854685
Bachelors,2014,Bangalore,3,39.0,Male,No,5,1,41.68214816936626,7113.02905926292
Bachelors,2018,Bangalore,3,35.0,Male,No,1,1,46.2528289280269,14374.15655611748
Masters,2017,New Delhi,3,39.0,Female,No,5,1,59.04197436152277,15933.057642328937
Bachelors,2015,Pune,2,31.0,Female,No,1,1,31.996941837426686,18978.69098896184
Bachelors,2012,Pune,3,33.0,Male,No,2,0,49.44954022356286,9183.078893914473
Bachelors,2017,Pune,3,33.0,Male,No,2,0,32.22316267724601,19253.168087981452
Bachelors,2013,Pune,3,32.0,Male,No,2,0,41.26406785399501,5948.940077310122
Bachelors,2015,Pune,2,40.0,Female,No,4,1,54.114436355803406,14045.207950468823
Bachelors,2013,New Delhi,3,38.0,Female,No,4,0,43.004166982669034,5856.99079014995
Bachelors,2016,Bangalore,3,34.0,Male,Yes,2,0,59.915470617088516,18406.612816429173
Bachelors,2016,Bangalore,1,39.0,Male,No,2,0,46.77177854839806,12947.135856050812
Bachelors,2012,Bangalore,3,38.0,Male,No,2,0,39.6348645790786,15040.225261441941
Masters,2017,New Delhi,2,31.0,Female,No,2,1,36.603339777142594,17473.60888865679
Bachelors,2017,Bangalore,3,,Female,No,5,0,40.51561602858486,7254.659337259531
Bachelors,2013,Bangalore,3,31.0,Male,No,2,0,41.175998212786524,5578.873429072008
Bachelors,2012,Pune,3,33.0,Male,No,1,0,32.06141033171883,18183.217188692783
Bachelors,2015,Pune,2,37.0,Female,No,3,1,41.0872259828032,9723.998411883988
Masters,2018,New Delhi,3,40.0,Female,No,2,1,43.927155592176746,6934.683618907479
Bachelors,2014,Bangalore,3,38.0,Male,No,0,0,51.68213256716414,12026.918556306298
Bachelors,2012,Bangalore,3,31.0,Male,Yes,5,0,49.70188454164824,13974.591135440282
PHD,2014,Bangalore,3,39.0,Male,No,1,0,51.26296965687463,5464.559051337652
Bachelors,2016,New Delhi,3,40.0,Male,No,0,0,30.250910456305714,9123.434873856317
Bachelors,2017,Pune,3,36.0,Female,No,0,1,36.53002198741608,5491.99811415344
Bachelors,2015,Bangalore,3,39.0,Female,No,3,1,49.850528651995695,11305.030837932485
Bachelors,2012,Bangalore,3,39.0,Male,No,0,0,44.51968104539242,18426.500435993665
Bachelors,2013,Bangalore,3,35.0,Female,No,0,0,30.159404270050377,19739.78617240354
Masters,2013,New Delhi,3,35.0,Male,No,2,0,54.13483927295467,14555.713302554414
Bachelors,2013,Bangalore,3,35.0,Male,No,5,0,53.18428719871012,7424.565406768877
Masters,2017,Bangalore,3,34.0,Female,No,4,0,46.45257488980688,18587.740849989586
Bachelors,2014,Bangalore,3,41.0,Male,No,4,0,31.993899773288163,12743.717348000908
Bachelors,2017,Bangalore,3,35.0,Male,No,5,0,52.99545148597754,7306.239681543771
Bachelors,2013,Bangalore,3,40.0,Male,No,1,0,47.51140763194092,18825.90004177492
Masters,2017,Pune,3,31.0,Male,No,3,1,53.458799314738776,16362.035760846546
Masters,2014,New Delhi,3,33.0,Male,No,3,0,52.55240977187521,15975.579090847274
Bachelors,2017,Pune,2,33.0,Female,No,2,1,54.090062158735115,15637.71055691607
Bachelors,2016,Bangalore,3,39.0,Female,No,5,0,45.540241992138746,8005.097316446635
Bachelors,2016,Bangalore,3,41.0,Male,No,1,1,34.20973554580545,8165.10037561289
Bachelors,2017,Bangalore,3,32.0,Male,No,5,0,50.13472420139066,15324.394976408825
Bachelors,2014,Pune,2,39.0,Female,No,5,1,48.61421355155912,8295.841251655953
Bachelors,2014,Bangalore,3,31.0,Male,No,1,0,52.26759561597262,11580.075452045734
Bachelors,2012,Bangalore,3,40.0,Male,No,3,0,35.09643018152206,16730.02738390912
Masters,2018,New Delhi,3,34.0,Male,No,2,1,35.849255997008676,16759.287771467614
Bachelors,2018,New Delhi,3,37.0,Male,No,4,1,56.712285516579854,11798.926587887894
Bachelors,2016,Bangalore,3,37.0,Female,No,0,0,52.49933395356213,16882.849074128677
Bachelors,2014,Bangalore,3,36.0,Female,No,3,0,57.24685466100969,17579.326942970853
Bachelors,2015,Bangalore,2,39.0,Female,No,0,1,52.76145963491762,14821.636269263903
Bachelors,2014,Pune,3,37.0,Male,No,1,0,47.914659179709055,8426.387784626302
Masters,2014,New Delhi,3,37.0,Male,No,2,0,49.62398211083621,9110.176705783213
Masters,2017,New Delhi,3,32.0,Male,No,2,0,56.6738377182003,9722.61733113103
Bachelors,2014,New Delhi,3,37.0,Male,No,3,0,47.36420263535821,6752.0616160092795
Bachelors,2017,Bangalore,3,36.0,Female,No,3,0,48.97173972985162,9097.394305549176
Bachelors,2015,Pune,2,40.0,Female,No,2,1,34.69430148010802,8142.788364687982
Bachelors,2014,Bangalore,3,40.0,Male,No,0,0,44.21763660348308,11829.931247129032
Bachelors,2012,Pune,3,32.0,Male,No,3,0,51.49191335874297,18626.563218083975
Bachelors,2012,Bangalore,3,37.0,Male,No,3,1,38.128280949490964,6567.204751309371
Bachelors,2017,Pune,3,40.0,Female,No,1,1,36.067625415736046,15804.018859210933
Bachelors,2014,Pune,3,40.0,Male,No,5,0,39.414804246732466,15309.245066196916
Bachelors,2017,Bangalore,3,34.0,Female,Yes,0,0,37.245018839785004,6436.312979950365
Bachelors,2012,Bangalore,3,37.0,Male,No,3,0,36.44737911109188,18838.586073587
Bachelors,2017,Bangalore,3,35.0,Male,,3,0,42.74552528604261,13527.083032352293
Bachelors,2017,Pune,3,37.0,Female,No,2,0,57.23515541650602,10455.882817035264
Bachelors,2012,New Delhi,3,35.0,Female,No,2,0,45.21178940216155,16348.0787524296
Bachelors,2014,Bangalore,3,31.0,Male,No,0,1,35.63761142445969,8860.48187602451
Bachelors,2016,Bangalore,3,41.0,Male,No,4,0,32.309150081426225,15402.647555694806
Masters,2017,New Delhi,3,37.0,Female,No,3,0,50.88468435413776,5595.668113583708
Bachelors,2018,Pune,3,40.0,Male,No,0,1,41.48396293309163,17591.120564139077
Bachelors,2018,Bangalore,1,36.0,Male,Yes,1,0,54.65492839756078,11722.562705319779
PHD,2018,New Delhi,3,37.0,Female,No,2,1,49.7853230592231,14550.393715369126
Bachelors,2014,Bangalore,3,40.0,Female,No,0,0,53.88724351624106,8318.567297100255
Bachelors,2017,Bangalore,3,,Male,No,3,0,38.15838118255346,15156.10568987672
Bachelors,2018,Pune,3,37.0,Male,No,5,1,50.77076767383174,16583.604138399147
Bachelors,2016,Pune,3,38.0,Male,No,0,0,37.92185954081156,12098.19780326598
Bachelors,2017,Bangalore,2,37.0,Male,No,2,1,58.17205438350875,14265.903860926914
Bachelors,2016,Pune,3,32.0,Male,No,1,1,49.09122844600123,11844.888857335978
Bachelors,2016,Bangalore,3,31.0,Male,No,3,0,39.73535400526026,18411.370538867683
Bachelors,2013,Bangalore,1,40.0,Male,No,2,0,38.085355868768175,12468.037707714788
Bachelors,2017,Bangalore,3,40.0,Female,No,4,0,35.727797552149305,17627.13063543228
Bachelors,2015,Bangalore,3,31.0,Male,No,1,0,50.83922876681183,17020.28087405373
Masters,2017,Pune,2,36.0,Male,No,2,0,36.561468389937815,11157.572320225347
Bachelors,2017,Bangalore,3,38.0,Male,Yes,2,0,47.859097977824675,8451.267377862125
Bachelors,2014,Pune,3,37.0,Female,No,5,1,37.93905080776072,11091.231988396565
Bachelors,2014,Pune,3,34.0,Female,No,2,1,49.85906834381606,17393.2606366283
Bachelors,2013,Bangalore,3,41.0,Male,Yes,2,1,54.44819185621618,8414.488037290885
Bachelors,2015,Pune,2,32.0,Female,No,3,1,53.340757294339596,12866.545187866239
Bachelors,2015,Pune,3,34.0,Male,No,5,0,52.82553992792345,17091.45121941121
PHD,2013,Bangalore,3,39.0,Male,No,2,1,35.63167217076756,10302.162126925683
Masters,2013,New Delhi,2,32.0,Male,No,2,1,32.651548409535565,14633.14455504046
Bachelors,2012,Bangalore,3,31.0,Female,No,3,0,50.96846485462157,8684.473610732217
PHD,2016,New Delhi,3,40.0,Male,No,1,0,41.05041641383054,6639.191680522399
Bachelors,2015,Bangalore,3,37.0,Female,No,0,0,42.97038679210042,16915.763376392846
Masters,2017,New Delhi,3,40.0,Female,No,0,0,30.93447278380173,6484.529351130603
Bachelors,2013,Bangalore,3,31.0,Male,No,1,0,37.78729347825148,9070.720926193768
Bachelors,2017,Bangalore,3,32.0,Male,No,2,0,31.01029211623392,17826.641329961603
Bachelors,2017,Bangalore,3,34.0,Female,Yes,1,0,56.37557317803743,10197.039306180008
Masters,2013,Pune,2,41.0,Male,No,2,1,37.301900496555916,19595.680242712417
Masters,2015,New Delhi,3,37.0,Male,No,2,0,46.72011508719024,19696.0150216079
Bachelors,2015,Bangalore,3,40.0,Female,No,1,0,31.16937961983391,9024.14030680335
Masters,2017,Pune,2,35.0,Male,No,2,0,50.00542173916974,5614.6733337483565
Bachelors,2012,Bangalore,3,39.0,Male,No,3,0,39.69082037262282,15575.949263080687
Bachelors,2017,Pune,3,41.0,Male,No,4,0,56.93757560872997,11764.797539725156
Bachelors,2015,Bangalore,3,36.0,Male,No,4,0,56.643545668021076,6511.2926593936445
Bachelors,2014,Bangalore,3,32.0,Male,No,5,0,39.758718550852436,15612.842284670642
Bachelors,2013,Bangalore,3,41.0,Male,No,2,0,57.02882687071404,5467.623636678818
Bachelors,2013,Bangalore,3,32.0,Male,No,0,0,59.88473020496336,18052.950357383634
Bachelors,2017,Bangalore,3,36.0,Male,No,2,0,54.76246992371844,7079.787936699556
Bachelors,2013,Bangalore,3,40.0,Male,No,4,0,55.34614043265687,6909.678181200875
Bachelors,2018,Bangalore,3,32.0,Male,Yes,1,1,37.4702620832727,7635.084469528768
Bachelors,2016,Bangalore,3,38.0,Male,No,1,0,47.30107196573269,19403.995377380998
Bachelors,2018,Bangalore,3,41.0,Male,No,4,1,32.017677419021034,15397.54040380769
Masters,2017,Pune,2,35.0,Male,No,3,1,32.84753810465009,17020.57303195455
Bachelors,2016,Bangalore,3,36.0,Female,No,1,0,59.96677836099872,10964.524785991296
Bachelors,2014,Bangalore,3,35.0,Female,No,4,0,39.799177482777324,10044.690912574333
Bachelors,2016,Bangalore,3,31.0,Male,No,2,0,52.44551736146539,8517.26010174755
PHD,2015,Pune,3,,Male,No,2,0,54.199951590804496,12209.720424686133
Bachelors,2013,Bangalore,3,41.0,Female,No,4,0,55.74069813021688,13277.431003012527
Bachelors,2013,Bangalore,3,31.0,Male,No,0,0,59.928848922064695,14476.62265479133
Bachelors,2017,New Delhi,2,36.0,Male,No,2,0,37.24489455770603,8856.777559980417
Bachelors,2015,New Delhi,3,32.0,Male,No,1,0,31.210524805790993,19229.81121354486
Bachelors,2017,Bangalore,3,34.0,Male,No,0,0,42.335745539837575,7546.377473107037
Bachelors,2015,Bangalore,3,39.0,Female,No,0,0,33.90242009486841,19484.797621496185
Bachelors,2014,Bangalore,3,33.0,Male,No,1,1,30.672776674861655,5222.841837612556
Bachelors,2017,New Delhi,2,36.0,Male,No,3,0,40.812804814244586,12216.885377252685
Bachelors,2016,Bangalore,1,34.0,Male,Yes,2,1,53.51214753225709,10000.517571748442
Bachelors,2017,Pune,2,33.0,Male,No,1,0,46.985420736752125,11736.851208953762
Bachelors,2012,Bangalore,3,38.0,Female,No,4,1,39.38333967631062,13559.968684711836
Bachelors,2013,Bangalore,3,35.0,Male,No,3,1,49.63026016478159,11533.837370190635
Bachelors,2017,Pune,3,31.0,Male,No,1,0,36.96054540926432,11222.702754523925
Bachelors,2013,Pune,3,37.0,Male,No,2,0,30.431443382162552,15990.851231199598
Bachelors,2012,Bangalore,3,32.0,Female,No,2,1,52.93060159309282,15288.14412629697
Bachelors,2013,Pune,3,34.0,Male,Yes,5,0,48.71229254592028,17499.069230537716
PHD,2013,Bangalore,2,41.0,Male,No,2,1,52.8690787350288,8749.384718592433
Masters,2015,New Delhi,3,32.0,Male,No,0,1,31.168140500629967,14142.927646310955
Bachelors,2013,Bangalore,3,39.0,Male,No,2,0,55.11358883491957,13777.921780892808
Bachelors,2012,Bangalore,3,31.0,Male,Yes,0,1,48.585786001089105,10546.06716309033
Bachelors,2017,New Delhi,2,41.0,Male,No,1,0,46.901860521379206,12290.863128540213
Bachelors,2016,Bangalore,3,36.0,Male,No,2,0,48.738421443435946,9706.732149585932
Bachelors,2017,Bangalore,2,38.0,Female,No,5,1,55.93299740605092,7127.665964254778
Bachelors,2012,Bangalore,3,32.0,Male,No,5,0,47.60809519676721,8207.018159940992
Bachelors,2018,Pune,3,35.0,Female,No,3,1,47.428511396645376,6582.704696018016
Bachelors,2017,Bangalore,3,,Male,No,2,0,59.72037471197297,15246.043627851861
Masters,2017,New Delhi,2,36.0,Male,Yes,2,0,52.70190501205704,14910.910896637273
Bachelors,2013,Pune,3,33.0,Male,No,4,0,43.26881416353406,19259.09557369809
Bachelors,2013,Pune,3,32.0,Male,Yes,5,0,51.22191000098783,15945.17620470862
Bachelors,2017,Bangalore,3,35.0,Male,No,1,1,41.67691415075365,5780.687581341972
Bachelors,2015,Bangalore,3,36.0,Male,No,1,0,36.866263874504966,18263.67760893431
Masters,2014,Pune,3,39.0,Male,No,4,0,47.90555630663278,17940.127444185884
Bachelors,2016,Bangalore,3,40.0,Male,No,0,1,57.84546294341854,11649.80481159048
Bachelors,2012,Bangalore,3,37.0,Male,No,3,0,57.87418560046388,13787.945757918824
Masters,2015,Pune,1,38.0,Female,No,0,0,40.25715834316471,19641.174987087783
Bachelors,2017,New Delhi,3,40.0,Male,No,1,0,45.83032398665085,12984.565457722494
Bachelors,2013,Bangalore,3,34.0,Female,No,2,0,36.34907695709583,18579.827425641346
Bachelors,2013,Bangalore,3,31.0,Male,Yes,4,0,59.8689332849665,6245.581367152797
Bachelors,2014,New Delhi,3,40.0,Female,No,3,1,59.43353723603807,7865.778030630243
Bachelors,2013,Bangalore,3,37.0,Male,No,2,0,49.485267891223415,11611.324151619767
Bachelors,2012,New Delhi,3,33.0,Male,No,3,0,54.1324217903242,13771.352125059571
Bachelors,2015,Bangalore,3,36.0,Male,Yes,4,0,51.453004838511,17243.417777942006
Bachelors,2014,Bangalore,3,35.0,Female,No,4,0,47.79474657118405,19823.931727147803
Bachelors,2014,Bangalore,3,34.0,Male,No,5,0,31.60043990966693,10832.772447111747
Bachelors,2013,Bangalore,3,35.0,Male,No,0,1,43.64293027657983,5711.234542101274
Masters,2014,New Delhi,3,39.0,Male,No,2,0,50.24358906502232,17017.572549429875
Bachelors,2015,Pune,3,35.0,Female,No,1,1,50.32594841651054,14065.710786242122
Masters,2014,New Delhi,3,,Male,No,5,0,41.19367855267151,7978.142883023025
Bachelors,2017,Pune,2,32.0,Female,No,2,1,58.25075959974092,12422.426849321302
Bachelors,2015,New Delhi,3,32.0,Female,No,2,0,35.020710967103426,16134.653683005865
Bachelors,2014,Bangalore,3,33.0,Male,No,5,1,45.01078338646682,16556.176806029656
Masters,2017,New Delhi,2,34.0,Male,No,2,1,50.726519296524685,12494.276179981429
Masters,2016,Bangalore,3,,Female,No,1,1,50.914074176754276,9578.217951932886
Masters,2017,New Delhi,3,35.0,Male,Yes,2,0,49.459168703064464,19606.138730577404
Bachelors,2014,Pune,2,38.0,Female,No,3,1,38.2586464035558,14950.439164347392
Bachelors,2016,Bangalore,3,37.0,Male,No,0,0,34.68619706059866,11123.56279019448
Bachelors,2013,Bangalore,3,38.0,Female,No,4,0,49.078209804801325,9206.948363069787
Bachelors,2015,Bangalore,3,41.0,Male,,0,0,47.97906348418313,15966.544745053432
Masters,2017,Bangalore,3,40.0,Male,No,4,1,35.38068030867723,8632.751683906516
Bachelors,2017,Bangalore,3,39.0,Female,No,3,0,51.1541743671169,7575.649834605323
Bachelors,2017,Pune,2,32.0,Male,No,2,0,43.655159752009695,12947.508334431055
Bachelors,2018,New Delhi,3,40.0,Male,Yes,4,1,50.03281774809459,9349.810889662127
Bachelors,2016,Bangalore,3,40.0,Male,No,0,0,55.12101239310452,14433.577173854226
Bachelors,2016,Bangalore,3,41.0,Female,No,1,1,35.09185285730769,6769.080123113502
Bachelors,2015,Bangalore,3,38.0,Male,Yes,4,0,30.5743460399051,14824.116568509824
Masters,2017,Pune,1,38.0,Male,No,0,1,53.3730775918736,9249.447919965532
Bachelors,2018,Bangalore,3,41.0,Female,No,2,1,48.290922754578474,5003.644016517691
Bachelors,2015,New Delhi,2,33.0,Female,No,4,1,50.989187088663655,6904.040865112645
Bachelors,2012,Bangalore,3,41.0,Male,Yes,0,0,55.14464924965928,19004.23066752641
Bachelors,2017,New Delhi,2,35.0,Female,No,5,0,54.08432804473502,18010.319586730366
Bachelors,2013,Bangalore,3,36.0,Male,No,5,0,58.82760440786474,8504.135480543553
Bachelors,2013,Pune,3,37.0,Male,No,1,0,46.07805236556355,16675.57856818237
Bachelors,2013,New Delhi,1,37.0,Female,No,1,0,44.65486897979716,14128.573897609615
Bachelors,2014,Bangalore,3,39.0,Male,No,5,0,42.0566159967219,19563.570671748043
Bachelors,2017,Bangalore,3,38.0,Female,No,2,0,34.61073128532614,10604.084893010888
Bachelors,2013,Pune,2,34.0,Female,No,1,1,47.17821698646067,15221.909187757568
Bachelors,2017,Pune,2,33.0,Female,No,4,1,38.310375729779366,5953.035836358778
Bachelors,2013,Bangalore,3,32.0,Female,No,1,0,57.63922536638927,10943.71020224609
Masters,2014,Bangalore,3,38.0,Female,No,4,1,47.49572412831293,19457.264917822708
Bachelors,2017,Bangalore,3,32.0,Male,No,5,0,47.785205415243304,13084.71311675181
Masters,2016,New Delhi,3,41.0,Male,No,5,1,40.6477398263103,9318.192550022668
Masters,2014,Pune,3,36.0,Female,No,2,0,31.559680559331223,6804.064446929103
Bachelors,2017,New Delhi,3,34.0,Female,No,2,1,30.95231296118966,15552.925102722957
Bachelors,2017,Bangalore,3,34.0,Male,Yes,0,0,42.700054324595925,14672.840651445902
Bachelors,2016,Bangalore,3,35.0,Male,No,4,0,32.53696134291714,10609.08070405662
Masters,2015,New Delhi,3,38.0,Male,No,1,0,48.20540866620418,19264.120277987517
Bachelors,2016,Bangalore,3,32.0,Male,Yes,5,0,56.429190169189724,5333.0421948177545
Bachelors,2015,Pune,3,37.0,Female,No,2,1,56.48744449556166,9555.857774477387
Bachelors,2017,Bangalore,2,32.0,Female,No,2,1,49.77136230396697,18816.042294493724
Masters,2017,New Delhi,2,36.0,Male,No,3,0,36.33695494418793,9814.031574791607
Bachelors,2012,Bangalore,3,41.0,Male,No,3,0,55.88990494076616,8783.792507827555
Bachelors,2017,Pune,3,37.0,Female,No,5,0,56.58280305939624,13013.30614896871
Bachelors,2018,Bangalore,3,34.0,Female,No,3,1,35.89960754858876,17357.02624880807
Bachelors,2016,Pune,3,,Male,No,0,1,52.12278257312032,6547.201413175416
Bachelors,2017,Bangalore,3,41.0,Male,No,1,0,38.59558646781369,19145.31064468604
Bachelors,2015,New Delhi,3,35.0,Female,No,3,0,54.07920937058789,16926.09321771746
Bachelors,2015,Bangalore,3,37.0,Female,No,5,0,59.91713699710808,7718.753833273279
Bachelors,2016,Bangalore,3,34.0,Male,No,4,0,30.900780159881784,15680.11941797244
Masters,2017,Bangalore,2,40.0,Female,Yes,2,0,56.92097597372796,10774.380839563357
Bachelors,2015,Bangalore,3,39.0,Male,No,5,1,48.67891600795974,11034.42017114478
Bachelors,2013,Pune,3,37.0,Male,No,2,0,59.20147857494463,16749.351386582995
Bachelors,2015,Pune,2,36.0,Female,Yes,1,1,43.95028552579283,19441.772119710982
Bachelors,2014,Bangalore,3,35.0,Female,No,2,0,55.42163791714121,6899.838092707909
Masters,2013,Bangalore,3,37.0,Female,No,3,1,31.871822057948318,11309.453553182291
Bachelors,2013,New Delhi,3,41.0,Female,No,1,0,40.05837150234887,12214.124121264553
Masters,2017,New Delhi,2,40.0,Male,No,2,0,32.010496132536296,10644.677254324964
Bachelors,2016,Bangalore,3,37.0,Male,No,2,0,59.26029400437211,10447.836855743375
Masters,2013,New Delhi,3,40.0,Female,No,2,1,54.5092172181551,5784.030013423948
Bachelors,2015,Bangalore,3,39.0,Male,No,5,0,55.57642263737911,15283.07930843935
Masters,2015,Pune,2,33.0,Female,No,4,0,58.13895694301682,11543.21625680068
Bachelors,2012,Bangalore,3,36.0,Male,No,1,1,32.55310458359356,7921.907039658901
Bachelors,2012,Bangalore,3,36.0,Male,No,5,0,41.5679277754,17240.502534531028
Bachelors,2015,Bangalore,3,38.0,Male,No,3,0,32.131046671320064,17038.41122227442
Bachelors,2017,New Delhi,2,37.0,Female,No,5,0,36.32379304650086,12295.874421333407
Masters,2017,New Delhi,3,34.0,Female,No,2,0,36.88097331113017,9476.759917216408
Bachelors,2013,Bangalore,3,,Male,No,2,1,44.07321633142736,14571.390886946785
Bachelors,2013,Bangalore,3,38.0,Male,No,5,0,38.05686502360928,9322.282036661047
Bachelors,2017,Bangalore,3,36.0,Male,No,3,0,33.029343204532836,8540.11895485568
Bachelors,2012,Bangalore,3,,Male,No,1,0,35.024732672823234,15957.7198103949
Bachelors,2017,Bangalore,3,41.0,Male,No,5,1,34.41826690656273,5604.878595814261
Bachelors,2015,Bangalore,3,31.0,Female,No,4,0,59.19230393736895,6421.52706551891
Bachelors,2017,New Delhi,3,41.0,Male,No,2,0,52.778775207554204,5101.822610353846
Bachelors,2015,New Delhi,3,31.0,Female,No,3,0,59.03284395808686,7294.1477971313925
Bachelors,2017,Pune,3,31.0,Female,No,0,1,43.19221459523726,6034.850130656892
Bachelors,2017,New Delhi,2,37.0,Male,No,0,0,38.3510544498797,19937.03551669878
Bachelors,2012,Pune,3,39.0,Male,No,0,0,53.9487959162756,9332.149549311343
Bachelors,2014,Bangalore,3,38.0,Male,No,3,0,39.787617541234404,7239.020190038709
Bachelors,2013,Pune,3,40.0,Female,No,2,1,38.98150121116045,8614.943869938768
Bachelors,2013,Pune,3,36.0,Male,No,1,0,36.97517976623494,19041.88357310202
Bachelors,2016,Bangalore,3,41.0,Male,No,3,0,33.89036934672706,12802.403345365936
Bachelors,2018,Bangalore,3,32.0,Female,No,2,1,37.69389183050298,10472.271444617854
Masters,2018,Bangalore,3,40.0,Female,No,3,1,40.65959245421663,18100.871868638293
Bachelors,2012,Bangalore,3,39.0,Female,No,2,0,50.219826244371916,10924.854058235487
Bachelors,2014,New Delhi,3,33.0,Male,No,3,0,31.876945266583547,10025.128549365436
Bachelors,2012,Bangalore,3,32.0,Male,No,4,0,36.31520818996029,8109.237838246034
Bachelors,2018,Bangalore,3,41.0,Male,No,5,1,54.27070920875029,10666.952358641172
Bachelors,2016,Bangalore,3,36.0,Male,No,2,0,34.407657707513124,9750.265340253889
Bachelors,2016,Bangalore,3,,Male,No,0,0,40.27935439567565,15159.559389472115
Bachelors,2014,Bangalore,3,37.0,Male,No,4,0,55.939767655744205,9343.740570060907
Bachelors,2014,Bangalore,3,33.0,Male,No,5,1,34.64775933430328,13657.996196338421
Masters,2018,Pune,3,31.0,Male,No,2,1,32.4821050685457,5988.3824754795905
Bachelors,2017,New Delhi,3,35.0,Female,No,5,0,44.536139852400325,7869.337350447715
Bachelors,2015,Pune,1,32.0,Female,No,5,1,39.07258533835609,11111.079074170231
Masters,2017,New Delhi,3,41.0,Female,No,2,0,46.90225093451562,19054.23880863043
Masters,2017,New Delhi,2,36.0,Female,No,1,0,54.11414671450426,10658.77978573543
Masters,2017,Pune,3,35.0,Male,No,1,0,34.114454644582295,14961.111817997511
Masters,2017,New Delhi,3,35.0,Male,No,1,1,47.420972536628554,8826.308336320972
Bachelors,2015,New Delhi,3,33.0,Male,No,1,0,45.16526281169592,6905.503639598476
Bachelors,2014,Bangalore,3,38.0,Female,No,4,0,34.32236358039599,5878.049001200752
Bachelors,2015,New Delhi,2,33.0,Female,No,3,1,48.71995456586947,9581.20247814127
Masters,2018,New Delhi,3,31.0,Female,Yes,2,1,38.20921253582315,7364.91540195362
PHD,2015,Bangalore,3,31.0,Male,No,3,0,44.635029556320376,7610.156720241863
Bachelors,2013,Bangalore,3,37.0,Male,No,5,0,32.46816972831186,16411.38962580425
Bachelors,2014,Bangalore,3,32.0,Male,No,1,0,43.78752171640869,5237.571064173113
Bachelors,2017,Bangalore,3,33.0,Male,No,3,0,39.19390404128461,13367.151886031517
Bachelors,2014,Bangalore,3,37.0,Male,No,5,0,54.67143633556063,10691.920708901973
Bachelors,2012,Bangalore,3,32.0,Male,No,3,0,31.70936180992105,12598.24999862821
Bachelors,2015,Pune,3,40.0,Female,Yes,2,1,42.5582182475499,13442.453558219044
Bachelors,2014,Pune,1,40.0,Female,No,1,1,43.752942723943136,9700.515416859173
Masters,2013,New Delhi,2,32.0,Male,No,2,1,51.75018228897356,9426.632902764279
Masters,2017,Bangalore,2,39.0,Female,No,2,1,47.22862725270633,16001.027740023586
PHD,2016,New Delhi,3,41.0,Male,No,1,0,50.01637011582543,18069.154821817356
PHD,2014,New Delhi,3,32.0,Female,No,0,0,53.31147856955268,7888.724486877918
Bachelors,2017,Bangalore,3,38.0,Male,No,0,1,55.86608920974567,6464.281408027235
Masters,2017,New Delhi,2,31.0,Female,Yes,2,0,39.41626490167411,18466.93709588039
Bachelors,2018,Bangalore,3,38.0,Male,Yes,3,1,46.14068116091709,10248.43195471098
Bachelors,2016,Bangalore,3,32.0,Male,No,4,0,55.203242353175995,13269.760859942213
Bachelors,2017,Pune,2,35.0,Female,No,5,1,59.68353392895169,10393.147167800053
Bachelors,2013,Bangalore,3,34.0,Male,No,5,0,56.685579331312894,6887.03504519077
Bachelors,2018,Bangalore,3,38.0,Male,Yes,1,1,41.144017878731304,13839.97467421592
Bachelors,2014,Pune,1,36.0,Female,No,1,1,35.85499551655951,12877.112776544445
Bachelors,2015,Bangalore,3,34.0,Female,Yes,2,0,44.68177612219766,8044.903387867958
Masters,2015,New Delhi,3,39.0,Female,No,2,0,52.249243555081264,11778.035669784167
Masters,2017,New Delhi,1,40.0,Female,No,0,0,44.77707212259892,16954.212560234686
Bachelors,2016,Bangalore,3,38.0,Male,Yes,1,0,44.49542589941005,13856.39154661837
Bachelors,2015,Pune,3,35.0,Male,No,3,0,55.14691263245402,6453.759906004923
Bachelors,2014,Pune,2,31.0,Male,No,3,1,40.84211337201559,13220.322458437025
Bachelors,2017,Pune,3,41.0,Male,No,2,0,55.79384024434937,15541.074489343802
Bachelors,2017,Bangalore,3,35.0,Female,No,3,0,42.20414402855171,16890.551086711268
Bachelors,2018,Bangalore,3,33.0,Male,No,5,1,39.84699317035018,14436.763679514
Bachelors,2017,New Delhi,2,33.0,Male,No,5,0,43.61969733599097,7289.8724681117565
Bachelors,2016,New Delhi,3,31.0,Female,Yes,4,0,52.87340876024605,15652.59899885241
Masters,2013,New Delhi,3,35.0,Male,No,4,0,33.780060835919826,15160.127691222746
Bachelors,2016,Bangalore,3,37.0,Female,No,1,0,35.89257647616052,5366.403244109499
Bachelors,2015,Bangalore,3,31.0,Male,No,5,0,58.543344769892755,11176.215013853647
Bachelors,2012,Bangalore,3,35.0,Male,No,1,1,35.26474882144072,9994.2537044356
Bachelors,2014,Bangalore,3,32.0,Male,No,3,0,47.03181953793164,15041.18096380465
Bachelors,2015,Bangalore,3,32.0,Female,No,0,0,47.379433999858136,8242.037184663812
Bachelors,2017,Bangalore,3,40.0,Female,No,5,0,44.688733861507345,13863.078844613878
Bachelors,2012,Bangalore,3,34.0,Male,No,5,0,49.34235745730456,18698.089427212588
Bachelors,2014,Pune,3,37.0,Male,No,4,0,36.89480177392855,16967.035583129116
PHD,2015,Bangalore,3,40.0,Male,No,3,0,46.579868033302446,18821.866043247956
Masters,2017,New Delhi,2,34.0,Female,No,2,1,41.165197657406914,19677.589503990348
Bachelors,2015,Pune,2,32.0,Female,No,3,1,49.850017788875675,5160.051905092441
Bachelors,2013,Bangalore,3,,Male,No,1,0,34.23670630119449,14341.119145662164
Bachelors,2015,Bangalore,3,38.0,Male,No,3,1,47.12632250518429,11192.590966383596
Masters,2017,New Delhi,2,41.0,Male,No,3,1,35.55811066149971,17897.817355026826
Masters,2017,New Delhi,1,36.0,Female,No,0,0,38.35929189345109,8777.220530136976
Bachelors,2016,Bangalore,3,33.0,Male,No,1,0,36.561294009707495,19715.44233672614
Bachelors,2014,Pune,3,31.0,Male,No,5,0,35.48513339606451,14205.61954315621
Bachelors,2013,Pune,2,34.0,Female,No,3,1,54.77132854682001,16903.061033432467
Bachelors,2017,Bangalore,3,31.0,Male,No,1,0,38.57122702982671,6283.993292341525
Bachelors,2016,New Delhi,2,36.0,Female,No,4,1,57.81371345593348,7751.868271382976
Bachelors,2013,Bangalore,3,38.0,Male,No,5,0,59.09779576035572,16376.055095513047
Bachelors,2015,Pune,2,39.0,Female,Yes,1,1,47.13781409811292,5329.797830589854
Bachelors,2014,Pune,3,31.0,Male,No,3,0,34.29003367997179,17253.16978840674
Bachelors,2015,New Delhi,3,40.0,Male,No,3,1,41.236447301387436,5209.235280378672
Bachelors,2013,Bangalore,3,39.0,Male,No,0,0,53.93196790044642,14856.7825859191
Bachelors,2015,Bangalore,3,32.0,Female,No,4,0,41.021721860912116,10476.408803477088
Bachelors,2014,Bangalore,3,34.0,Male,No,1,0,32.61051654908366,14172.422790787987
Masters,2015,New Delhi,3,38.0,Male,No,1,0,46.70354732784564,15440.471104836706
Bachelors,2014,Bangalore,1,39.0,Male,No,2,0,55.35362554488104,10137.128287794563
Bachelors,2014,Bangalore,3,39.0,Male,No,5,0,53.87779161430507,6619.436721662533
Bachelors,2016,Bangalore,3,33.0,Male,No,1,0,35.2536942039106,6044.688016223985
Bachelors,2018,Pune,2,,Female,No,4,1,50.182938432374,13834.040338438217
Bachelors,2017,Pune,3,38.0,Male,Yes,1,0,36.615127903069414,12809.830306011674
Masters,2017,New Delhi,2,33.0,Male,No,2,0,36.546226036565166,16133.015136816988
Bachelors,2014,Bangalore,3,41.0,Male,No,5,0,56.22215319915556,12646.032650059056
Masters,2017,Pune,1,39.0,Male,No,0,0,37.4900685822069,11336.686850463186
Masters,2013,Pune,3,39.0,Male,No,2,0,37.89742039554034,10971.307673543462
Bachelors,2014,Bangalore,3,41.0,Male,No,5,0,30.019601722838985,5396.703538965012
Bachelors,2012,Bangalore,3,40.0,Male,No,4,0,56.12007102376553,10033.358025449857
Bachelors,2014,Bangalore,3,36.0,Male,No,0,0,53.77784439627404,19640.302362867413
Bachelors,2015,Bangalore,3,34.0,Male,No,0,0,48.81986805272034,18103.33364340633
Bachelors,2013,Bangalore,3,32.0,Male,No,5,1,52.507972918165265,9940.671005513264
Bachelors,2015,Bangalore,3,31.0,Male,No,4,0,34.56145702273476,13816.931075995582
Bachelors,2012,Bangalore,3,36.0,Male,Yes,0,0,43.74970783762726,17709.45118303241
Masters,2017,Pune,2,35.0,Male,No,1,1,40.53658162046342,11619.11505125103
Bachelors,2017,Bangalore,3,32.0,Male,No,2,0,32.813295787710494,5269.367956252265
Bachelors,2017,Pune,3,,Male,Yes,5,0,44.58391455644772,6117.656927279601
Bachelors,2016,Bangalore,3,34.0,Male,No,2,0,57.62218951027906,12655.8908202306
Bachelors,2017,Bangalore,3,39.0,Male,No,3,0,31.201773571520835,19541.590635138175
Bachelors,2018,Bangalore,3,38.0,Male,No,0,1,38.743827404813814,15398.143133283016
Bachelors,2012,Pune,2,35.0,Female,No,1,1,36.226228086171105,6063.742871578543
Bachelors,2015,Pune,2,40.0,Female,Yes,5,1,37.14439960997089,7840.413136877942
Bachelors,2017,Pune,3,41.0,Male,No,3,0,57.25303655638126,16569.847148252753
Bachelors,2016,Bangalore,1,33.0,Female,,3,0,44.042071627028704,17621.59639934367
Masters,2017,New Delhi,1,40.0,Male,No,0,0,43.988982388194565,14265.418792828863
Bachelors,2018,Bangalore,3,33.0,Female,No,3,1,52.81726927365847,14666.34754444725
Bachelors,2015,Bangalore,3,38.0,Male,No,1,1,34.63476612014777,5425.061755750769
Masters,2017,Bangalore,2,32.0,Male,No,2,0,44.61796062300152,17427.953893722628
Bachelors,2014,Pune,3,32.0,Male,Yes,2,0,42.89955642363179,16824.128122562444
Bachelors,2015,New Delhi,3,32.0,Female,No,2,0,47.90732071639968,8885.527161550208
Bachelors,2016,Pune,2,37.0,Female,No,2,1,59.98673109751316,15630.150799482604
Bachelors,2015,Bangalore,3,40.0,Male,No,5,0,53.08346682246142,8222.819096374971
Bachelors,2016,Bangalore,3,38.0,Male,No,1,0,41.93597109052281,5604.952415772695
PHD,2018,New Delhi,3,33.0,Female,No,4,1,54.82659156822141,8017.048138855659
Masters,2017,New Delhi,2,40.0,Male,No,4,0,35.1212508993744,7679.4331513144925
Masters,2017,New Delhi,2,35.0,Male,No,2,0,30.913910589268802,10066.219951022707
Bachelors,2016,Bangalore,3,33.0,Male,No,3,0,36.133451173928194,11276.742457631872
Bachelors,2017,Bangalore,3,37.0,Male,No,4,0,40.21234668342779,12628.083372465619
Bachelors,2013,Bangalore,3,,Male,No,0,0,45.3174227237868,12151.308132624923
Bachelors,2018,Bangalore,3,32.0,Male,No,2,1,48.453874216235995,9060.11908947934
Bachelors,2017,Bangalore,3,,Female,No,2,0,57.318171516432656,5437.560028611117
Bachelors,2015,New Delhi,3,33.0,Female,No,2,0,45.29562028651373,14076.52433355726
Bachelors,2016,Bangalore,3,38.0,Male,No,2,1,45.03826933877188,10936.172447710316
Bachelors,2013,Bangalore,3,34.0,Male,No,5,0,31.507290294689465,9480.082360813245
Bachelors,2017,New Delhi,3,38.0,Female,No,4,0,31.047346579686714,18004.115642457684
Bachelors,2018,Pune,2,31.0,Female,No,3,1,46.53479885749116,16201.149616972396
Bachelors,2014,Pune,3,32.0,Female,No,4,0,43.14535839745034,17866.483225586635
Bachelors,2013,Bangalore,3,35.0,Male,,1,0,55.17541184940896,12424.741920686914
Bachelors,2014,Bangalore,3,35.0,Male,No,0,1,34.82038754135536,6963.968781901662
Bachelors,2012,Bangalore,3,33.0,Female,No,4,0,30.749149863511487,15443.321541819087
Bachelors,2012,New Delhi,3,41.0,Female,No,0,0,43.47116303790378,8091.106699057629
Bachelors,2015,Pune,1,31.0,Female,No,3,1,37.124356702567724,11618.445036375751
Bachelors,2016,Bangalore,3,34.0,Male,No,3,0,31.488431200165124,5975.011834233327
Masters,2017,New Delhi,2,40.0,Female,No,2,0,51.73794860542887,17379.626036344736
Masters,2016,Bangalore,3,32.0,Male,No,1,1,33.347789998717424,6889.1096157125085
Bachelors,2012,Bangalore,3,36.0,Male,No,5,0,48.249585000233154,18546.462605739645
Bachelors,2014,Pune,2,40.0,Female,No,3,1,38.43149250500667,17963.459033923355
Bachelors,2012,Pune,3,31.0,Male,No,3,0,35.20488151065066,11968.74146658869
Bachelors,2014,Bangalore,1,34.0,Female,No,5,0,41.39254568757953,16165.52306455986
Masters,2013,New Delhi,3,41.0,Female,Yes,2,1,54.043373286688606,14291.676107272298
Masters,2017,New Delhi,2,32.0,Male,No,2,0,41.76280730713718,17046.134635066173
Bachelors,2016,Bangalore,3,41.0,Male,No,2,0,52.52308947633167,11477.07651178868
Masters,2014,New Delhi,3,33.0,Male,No,3,0,33.76458890397452,16787.12726366525
Bachelors,2013,Bangalore,3,33.0,Female,No,0,1,53.183142589952375,11936.85225597722
Bachelors,2013,Pune,3,39.0,Female,No,2,0,37.10799974719946,19114.486817641908
Masters,2018,Pune,3,40.0,Male,No,2,1,50.32179389666618,12295.581512377214
Bachelors,2017,New Delhi,3,34.0,Male,No,3,0,46.97344664522989,11939.289079005943
Bachelors,2016,Pune,3,41.0,Male,Yes,5,0,57.87434151635062,16776.077923452693
Bachelors,2015,Pune,3,37.0,Male,No,5,1,41.61967553925942,17323.66537641257
Masters,2017,Bangalore,3,,Female,No,4,1,31.984955665033212,13317.336714817562
Bachelors,2017,Bangalore,3,41.0,Male,No,3,0,30.57466456653759,7696.967202426131
Bachelors,2018,Bangalore,3,34.0,Female,Yes,2,1,54.8057568291826,12016.373464363693
Masters,2017,Bangalore,3,38.0,Male,No,5,1,45.74206912984297,19521.087543645175
Bachelors,2017,Bangalore,3,40.0,Female,No,3,0,53.25732155504848,16294.792895587776
Masters,2017,Pune,3,35.0,Male,No,2,0,37.03276800034544,17167.43905818698
Bachelors,2015,Pune,3,31.0,Male,No,1,0,40.35251236539701,5492.382482288602
Bachelors,2016,Pune,3,39.0,Male,No,4,0,30.90311616633957,12017.8919395124
Bachelors,2018,Bangalore,3,39.0,Male,No,1,1,58.844769737223366,14699.317004863331
Bachelors,2018,Bangalore,3,32.0,Male,No,3,1,50.0360372010244,17450.49025442112
Bachelors,2015,Bangalore,3,38.0,Male,No,5,0,57.996152632779186,5739.104803741572
Bachelors,2015,Bangalore,3,35.0,Male,No,3,0,37.964892222872166,17786.583284628097
Bachelors,2013,Bangalore,1,38.0,Male,No,4,0,48.34390833676983,13226.014051128675
Bachelors,2012,New Delhi,3,32.0,Male,No,1,1,50.354999048779135,7959.7095586409
Bachelors,2014,Pune,2,37.0,Female,No,5,1,39.52649100772766,9758.8282467455
Bachelors,2015,Pune,3,35.0,Male,,0,0,55.4432770504689,9228.94327627341
Bachelors,2017,Pune,3,41.0,Female,No,4,1,58.414843887007436,12962.885514327136
Masters,2015,Bangalore,3,36.0,Male,No,0,0,56.54565353088013,5775.2851986669775
Bachelors,2017,Bangalore,3,35.0,Male,No,2,0,52.17200927818118,7378.042377498853
Masters,2017,New Delhi,2,,Male,No,2,1,38.32394039174862,17190.395650636736
Masters,2017,Bangalore,1,34.0,Male,No,1,0,38.44848126316895,6989.059861202166
Bachelors,2015,Bangalore,3,36.0,Male,No,3,0,58.90080961338114,8500.944041871904
Bachelors,2017,Pune,2,33.0,Male,No,3,0,30.30853487807076,11800.559084062359
Masters,2018,New Delhi,3,38.0,Male,No,2,1,51.481499197264334,12756.813321699956
PHD,2013,New Delhi,3,35.0,Female,Yes,3,1,51.187384876657866,16454.157194212377
Bachelors,2015,New Delhi,2,37.0,Female,No,3,1,48.680686228493926,11709.986399992817
Bachelors,2017,Bangalore,3,31.0,Male,No,0,0,59.70326538260598,16847.969315533082
Bachelors,2017,Pune,2,40.0,Female,No,2,1,39.356383072911754,14275.194605681862
Bachelors,2015,Pune,3,32.0,Female,No,3,1,40.19915591379745,6696.496091357337
Bachelors,2015,Bangalore,3,35.0,Male,Yes,2,0,32.368182088396665,7344.971575892579
Bachelors,2012,Bangalore,3,38.0,Male,Yes,0,0,43.283944096312126,11555.505881746561
Bachelors,2015,Pune,2,36.0,Female,No,0,1,37.83145578704544,10953.340896335594
Masters,2015,Pune,3,36.0,Male,No,3,0,40.30160106532932,16153.164044559418
Masters,2014,New Delhi,3,32.0,Female,No,5,0,55.03715370766883,13711.057096960278
Bachelors,2018,Pune,2,37.0,Female,No,0,1,58.06453540582487,10821.99621503374
Bachelors,2018,Pune,3,35.0,Female,No,0,1,35.57199216015557,7561.404251755785
Bachelors,2015,Pune,1,36.0,Female,No,4,1,41.175267946603974,8402.556534882428
Bachelors,2015,New Delhi,2,34.0,Female,No,5,1,57.85891686346182,13632.515277035885
Masters,2017,New Delhi,2,35.0,Female,No,0,0,31.85425382067668,11351.582073496887
Masters,2017,New Delhi,2,38.0,Female,No,5,0,32.77081584334135,12723.91263291008
Bachelors,2015,Pune,2,39.0,Female,No,5,1,34.88372967618688,7560.161529533505
Bachelors,2012,Pune,2,32.0,Female,No,5,1,47.85638502380624,14943.593785168487
Bachelors,2015,Bangalore,3,39.0,Male,No,2,0,34.514168130179925,17788.081112839507
Bachelors,2015,Bangalore,3,39.0,Male,No,2,1,59.042291443522004,8869.09260180351
Masters,2017,Pune,2,37.0,Male,No,2,0,43.40143581775561,12372.713387477399
Bachelors,2015,Bangalore,3,32.0,Female,No,5,0,45.04553881050499,19632.909935313524
Bachelors,2017,New Delhi,2,38.0,Male,No,0,0,37.3997584741622,9998.626108260914
Bachelors,2012,Pune,2,36.0,Female,No,5,1,44.128807573042,13925.695173856418
Masters,2016,Bangalore,1,37.0,Male,No,2,1,49.857408979110346,6352.935503003666
Bachelors,2017,Pune,3,32.0,Male,No,4,0,52.53531410862128,14090.225037191647
Masters,2017,New Delhi,3,37.0,Male,No,2,0,52.61604248129739,6344.476599569269
Bachelors,2016,New Delhi,3,33.0,Male,No,2,0,47.33673338082265,19388.531529857333
Bachelors,2016,Bangalore,3,39.0,Male,No,4,0,57.13079324981572,15734.939781084671
Bachelors,2012,Bangalore,3,35.0,Male,No,1,1,54.52223541918328,16822.396822035596
Masters,2015,Pune,3,39.0,Male,No,5,0,52.71144344095876,15561.565411574553
Bachelors,2015,Bangalore,3,34.0,Male,No,0,0,31.66816565041382,13845.935541146986
Masters,2017,New Delhi,2,33.0,Male,No,4,0,30.20633886658948,11748.691716282581
Bachelors,2012,Bangalore,3,33.0,Male,No,1,0,36.373418315864186,17875.60069641594
Bachelors,2015,New Delhi,3,31.0,Male,No,0,0,49.90570781740357,19352.535013145945
PHD,2016,Pune,3,31.0,Female,No,4,0,42.33592466647637,12485.542593561218
Bachelors,2015,Bangalore,3,37.0,Female,No,4,0,42.072187778979355,18973.025737328928
Bachelors,2012,Bangalore,3,33.0,Male,No,0,0,56.53760664688841,13749.993649827762
Bachelors,2017,Pune,3,31.0,Male,No,0,0,56.86688544395516,13075.762803446498
Bachelors,2017,Bangalore,3,,Female,No,2,0,57.275257921607576,11817.24099433035
Masters,2017,Pune,2,39.0,Male,No,2,0,39.41634229545082,8139.316422951798
Masters,2013,New Delhi,3,32.0,Male,No,2,0,50.73167438217786,5055.794912270888
Bachelors,2016,Pune,3,,Male,No,3,0,38.14899543823109,8622.59340284092
Bachelors,2014,Bangalore,3,37.0,Male,No,1,0,35.718294992233496,12645.847574053478
Bachelors,2017,Pune,2,34.0,Female,No,3,1,35.538973720421076,10699.399283896288
Bachelors,2017,New Delhi,2,31.0,Male,No,2,0,40.26322862590782,11727.278420039507
Bachelors,2014,Pune,2,34.0,Female,Yes,1,1,42.89872859339465,19709.723293460745
Bachelors,2012,Bangalore,3,38.0,Female,No,5,0,54.92847513165205,10254.085560039914
Bachelors,2013,Bangalore,3,37.0,Female,No,1,0,33.596732804181364,11782.744090401618
Bachelors,2015,Pune,1,34.0,Female,No,3,1,52.04777542184682,7002.733270292293
Bachelors,2015,Bangalore,3,33.0,Male,No,2,0,45.94364742567916,5719.365986554814
Bachelors,2016,Bangalore,3,37.0,Male,,4,0,38.63836028027978,16631.14271888742
Bachelors,2016,Bangalore,3,41.0,Male,No,4,0,44.78458753598474,13560.24762607968
Bachelors,2012,Bangalore,1,38.0,Female,No,1,0,38.99826209331068,16410.572090658425
Bachelors,2016,Pune,3,40.0,Male,No,5,0,47.88245865714918,7247.941983298275
Bachelors,2017,New Delhi,3,33.0,Female,No,1,1,43.01531768565732,13577.431567740365
Bachelors,2016,New Delhi,3,33.0,Male,No,1,0,34.93216587236636,8804.637115120633
Masters,2013,New Delhi,3,37.0,Male,Yes,2,0,33.4974922366709,8420.927253500298
Bachelors,2017,New Delhi,2,36.0,Female,No,2,0,46.40087046216391,5172.890210794779
Bachelors,2012,Bangalore,3,36.0,Female,No,5,0,57.0723909985831,6955.110853536078
Bachelors,2015,Bangalore,3,41.0,Male,No,1,0,40.31873059673057,9639.02167249543
Masters,2014,New Delhi,3,40.0,Male,No,5,0,51.9900032166787,6753.181408864086
Bachelors,2016,Bangalore,3,36.0,Female,No,0,0,49.759840648193006,19787.876606164064
Masters,2017,Bangalore,2,41.0,Male,Yes,2,1,57.946647429284425,9629.48972785926
Bachelors,2015,Pune,3,33.0,Male,No,5,0,54.629430518974225,6954.859200534922
Masters,2017,New Delhi,2,37.0,Female,No,2,0,46.99815776716389,7986.234692419366
Bachelors,2017,New Delhi,2,33.0,Male,No,0,0,49.71091494702322,13815.548425122148
Bachelors,2014,Bangalore,3,40.0,Female,No,4,0,56.951593997521044,5960.652857971828
Masters,2018,New Delhi,3,36.0,Male,No,2,1,41.985563537608044,17936.511952117355
Bachelors,2018,Bangalore,3,40.0,Male,Yes,3,1,39.803841175733325,19422.495188557208
Masters,2018,Bangalore,3,40.0,Male,No,2,1,30.32433250905589,8701.211310010713
Bachelors,2014,Bangalore,3,34.0,Male,No,3,0,54.79653222574393,11751.42902886289
Bachelors,2012,Pune,3,39.0,Male,No,5,0,54.02942101210095,5332.016765442456
Bachelors,2017,Pune,2,33.0,Male,No,1,1,33.133635543004544,14610.653370908323
Bachelors,2016,Bangalore,3,37.0,Male,No,2,0,47.305721433981006,11208.890870788833
Bachelors,2012,New Delhi,3,40.0,Male,No,3,0,43.91945094500662,9050.876991523335
Bachelors,2018,Bangalore,3,38.0,Male,No,1,1,33.561272865273345,8102.556659249127
Bachelors,2016,Bangalore,3,40.0,Male,Yes,1,0,59.417046811821706,14810.346164881406
Bachelors,2014,New Delhi,3,38.0,Female,No,0,0,36.440876623900664,11243.255465484715
Bachelors,2016,Bangalore,3,34.0,Male,Yes,1,0,32.01702540271683,7694.889335448681
Masters,2016,New Delhi,3,37.0,Female,No,3,1,47.845421385057286,15336.63622230236
Bachelors,2015,Bangalore,3,40.0,Male,No,5,0,52.16600031399098,13476.084245550404
Bachelors,2015,New Delhi,3,40.0,Female,No,1,0,30.973303381415608,17880.080823942444
Masters,2016,Bangalore,3,37.0,Male,No,2,1,49.761529161810664,6762.138483147393
Bachelors,2016,Pune,2,37.0,Female,No,3,1,45.96875627854364,16784.999029166844
Bachelors,2013,Pune,3,32.0,Male,No,1,0,33.09795026625145,15102.751802258885
Masters,2017,New Delhi,1,35.0,Male,No,5,0,35.17571630839086,6725.164052421467
Bachelors,2016,Bangalore,1,38.0,Male,No,3,0,47.03922891948241,15422.31094807581
Bachelors,2017,Pune,3,34.0,Female,No,1,0,38.89072840539865,11623.209333197457
Bachelors,2014,Bangalore,3,32.0,Male,No,2,1,58.14947185953948,19174.771783337645
Bachelors,2013,Bangalore,3,37.0,Male,No,5,0,54.56220688452152,7124.17025926849
Bachelors,2017,New Delhi,2,37.0,Male,No,4,0,59.50701619540989,14642.50086223607
Bachelors,2014,Bangalore,3,35.0,Male,No,2,0,37.79012516851242,10729.700681944189
Bachelors,2016,Bangalore,3,40.0,Male,No,0,0,59.09170898393931,19352.220058863168
Bachelors,2012,Bangalore,3,40.0,Male,Yes,2,0,42.937016093746735,9949.623429354146
Bachelors,2015,Bangalore,3,39.0,Female,No,3,1,40.42556385941264,19432.788642377003
Masters,2013,New Delhi,3,41.0,Female,No,2,0,31.5104858090806,18522.287766511236
Bachelors,2015,Bangalore,3,34.0,Female,No,4,0,31.582957735788078,9055.748529659846
Bachelors,2012,New Delhi,3,34.0,Female,No,4,0,50.76033767839964,17053.126652396415
Bachelors,2013,Pune,2,36.0,Male,No,2,1,43.73786983302084,19934.063027052587
Masters,2016,New Delhi,3,39.0,Female,No,1,0,36.79564878108317,8789.945032569234
Bachelors,2014,New Delhi,3,41.0,Male,No,5,0,48.41910918975698,11551.657539849795
Bachelors,2015,Bangalore,3,40.0,Male,No,0,0,37.585743547503334,12802.711048501395
Bachelors,2017,Bangalore,3,34.0,Female,No,5,0,47.32895263033268,9423.967037057966
Bachelors,2013,Bangalore,3,31.0,Male,No,2,0,40.77626240948071,5228.972594690446
Bachelors,2012,Pune,3,40.0,Male,No,3,0,54.70656679835457,8301.9386629629
Bachelors,2013,Pune,3,32.0,Male,No,5,0,54.62088482300338,9229.053265126377
Bachelors,2018,Pune,3,38.0,Male,No,3,1,44.32051194367204,11653.995519772809
Bachelors,2016,Bangalore,3,40.0,Male,No,3,0,40.52457328005047,7566.537176201028
PHD,2013,Bangalore,3,41.0,Male,No,4,0,40.87679389677284,18098.815350375087
Bachelors,2014,Bangalore,3,36.0,Female,No,0,0,54.171435770046536,15573.666990970041
Bachelors,2015,Pune,2,33.0,Female,Yes,3,1,39.845384483928356,6278.00716339493
Bachelors,2016,New Delhi,3,37.0,Male,No,3,0,36.27178121120538,14751.386767098971
Bachelors,2015,Pune,3,38.0,Male,No,4,0,32.540650256259205,14804.847146084307
Bachelors,2017,Bangalore,3,32.0,Male,No,4,0,44.00079362653225,19343.317604654418
Bachelors,2017,Pune,3,33.0,Male,No,1,0,44.46396296759526,5045.3130703424185
Bachelors,2015,Bangalore,3,38.0,Male,No,5,0,55.227261312087215,8718.986747087109
Bachelors,2015,Pune,3,40.0,Female,No,5,1,36.63716089338192,18916.872190629732
Bachelors,2014,Bangalore,3,35.0,Male,Yes,0,0,41.429738210051994,18982.008730974245
Masters,2016,New Delhi,3,37.0,Female,No,5,0,54.25217216681072,15808.796290559561
Bachelors,2016,Bangalore,3,37.0,Male,Yes,2,0,54.70870832246921,16486.449815713102
Bachelors,2015,Bangalore,3,,Male,No,2,0,41.53833227936305,6372.244368944706
Bachelors,2017,Bangalore,3,33.0,Female,No,4,1,43.77372069860043,12708.137521673503
Bachelors,2014,Pune,2,36.0,Female,No,3,1,39.09857672547849,8473.74486933499
Bachelors,2016,Pune,3,32.0,Male,No,3,0,57.976646352579365,7718.270654204259
Bachelors,2017,Bangalore,3,35.0,Female,No,1,1,33.55931297224741,17154.549486849988
Bachelors,2014,Pune,2,34.0,Female,No,2,1,58.0124826900441,7025.572050208211
Masters,2017,Pune,2,40.0,Male,No,5,0,50.5159935550603,12029.77455494578
Bachelors,2016,Bangalore,3,37.0,Female,No,4,0,45.947164580601935,19078.673593790496
Bachelors,2015,Bangalore,1,36.0,Male,No,1,0,30.979771823534875,7787.480833480138
Bachelors,2012,Pune,3,41.0,Female,No,1,0,44.26788575466025,19669.90135607352
Bachelors,2016,Pune,3,36.0,Male,No,0,0,42.23244315008197,19914.319786415886
Bachelors,2017,Bangalore,3,31.0,Female,No,2,0,34.83656435925368,13334.257320236044
Bachelors,2017,Pune,3,31.0,Male,No,3,0,49.692288105019706,7552.141102657369
Bachelors,2014,Pune,3,33.0,Male,No,2,0,59.13452722104857,9741.573319113435
Bachelors,2017,Bangalore,3,35.0,Male,Yes,0,0,46.865664331935754,11367.392490148028
PHD,2016,New Delhi,3,34.0,Male,No,1,0,51.442598293318376,9639.863365373345
Bachelors,2014,Bangalore,3,39.0,Female,No,4,0,32.05351357698051,9209.533698147738
Masters,2015,Bangalore,3,31.0,Male,No,1,1,42.530009874509844,19583.445638245365
Bachelors,2015,Pune,3,32.0,Female,No,0,1,33.490754554934874,7300.472411236185
Bachelors,2017,Bangalore,3,33.0,Male,No,0,1,48.383875066095314,15999.918630752934
Bachelors,2014,Bangalore,3,34.0,Male,Yes,1,0,58.15446474642464,5006.154341587623
Masters,2014,Pune,3,39.0,Male,No,2,0,49.85333197414916,13942.740041035653
Bachelors,2017,New Delhi,2,41.0,Female,No,2,1,32.30409144943265,18739.145059310787
Bachelors,2017,New Delhi,2,34.0,Male,No,2,0,40.639986149552485,9319.011411398285
Bachelors,2013,Bangalore,3,36.0,Female,No,5,0,46.519901383225545,7782.889628865788
Bachelors,2015,Pune,2,39.0,Female,No,5,1,42.09623268399757,14775.196923176405
Bachelors,2012,Pune,3,37.0,Male,No,5,0,55.00932031425517,15689.021109475898
Bachelors,2016,Bangalore,3,36.0,Male,No,4,0,54.440130141299676,15320.457784279719
Bachelors,2014,New Delhi,3,38.0,Female,No,1,0,48.35493060309665,9789.75320032061
Bachelors,2017,Bangalore,3,,Female,No,3,0,41.20373835398116,8783.036032389962
Masters,2016,New Delhi,3,37.0,Female,No,2,1,37.66009121289733,19338.781999430663
Bachelors,2012,Bangalore,3,34.0,Male,No,2,0,33.17622954639388,18849.492624048944
Bachelors,2015,Bangalore,3,31.0,Male,No,2,0,40.646930504596625,11859.749148392304
Bachelors,2015,Pune,2,32.0,Female,No,2,1,42.39517551623159,17692.907992315602
Masters,2018,New Delhi,3,35.0,Male,No,2,1,50.27468775312221,11784.85216451444
Bachelors,2017,Bangalore,3,,Male,Yes,2,0,49.744794728927204,11365.835271087657
Bachelors,2015,Bangalore,1,,Male,Yes,0,1,32.10324418923771,7351.44421398942
Bachelors,2015,Bangalore,3,,Female,No,5,0,41.85777946293473,11396.090847379593
Bachelors,2018,Bangalore,3,37.0,Male,No,5,1,35.45336601652086,13061.254078997104
PHD,2018,New Delhi,3,40.0,Male,No,3,1,34.70438115950417,5337.564911430297
Bachelors,2015,Bangalore,1,,Male,No,1,0,54.81906449211738,11661.695077631095
Bachelors,2017,Pune,3,34.0,Male,No,5,0,31.257456501487727,16720.343275928004
Bachelors,2014,Bangalore,3,36.0,Male,Yes,3,0,42.57548627706364,15200.690845614048
Bachelors,2013,Pune,3,35.0,Male,No,1,0,35.04610967299555,14527.354832959025
Masters,2017,New Delhi,3,38.0,Female,No,3,0,56.37990647035422,18643.331426558037
Bachelors,2017,Bangalore,3,33.0,Male,No,1,0,46.711215398251056,5270.48014737845
Bachelors,2014,Bangalore,3,38.0,Female,No,2,0,36.94141909130544,13355.713792883513
Bachelors,2018,Bangalore,3,38.0,Male,No,1,1,45.07281861499129,16810.23272614561
Bachelors,2017,Pune,2,40.0,Male,No,4,0,51.944590791093475,13120.030740519009
Bachelors,2013,New Delhi,3,39.0,Male,No,5,0,58.743540267583015,9858.433288705688
Bachelors,2014,New Delhi,3,33.0,Female,No,4,0,36.61338012736257,7043.758476379668
Bachelors,2015,Pune,3,32.0,Female,No,3,1,56.58545316388035,18313.446077242872
Bachelors,2013,Bangalore,3,39.0,Male,No,2,0,58.02912342502471,12061.435885814044
Bachelors,2015,Bangalore,3,38.0,Female,No,4,0,57.49261633596198,18171.72795478552
Bachelors,2013,Bangalore,3,38.0,Male,No,2,0,49.062430705857295,13787.781836497525
Bachelors,2017,Bangalore,3,35.0,Male,No,0,0,48.89461963304123,15112.881749225011
Bachelors,2017,Pune,3,31.0,Female,No,0,1,42.09631899551468,17063.91731567675
Bachelors,2017,Bangalore,3,41.0,Male,No,5,0,52.57193646911364,14887.333169002015
Bachelors,2013,New Delhi,3,38.0,Female,No,4,1,45.93882055052796,10970.822610184066
Bachelors,2016,Bangalore,3,40.0,Male,Yes,1,0,50.32314213684883,12704.500758929764
Bachelors,2018,Bangalore,3,36.0,Female,No,2,1,42.853737115463865,17045.682870138196
PHD,2013,New Delhi,3,36.0,Male,No,3,1,51.94489392129417,10604.754445594763
Bachelors,2014,Pune,3,41.0,Male,No,4,0,54.73414552813647,10821.821851527457
Bachelors,2014,Bangalore,3,35.0,Male,Yes,1,0,34.393087698084486,6435.351740870017
Bachelors,2017,Bangalore,3,38.0,Male,No,5,0,54.987891467226845,18718.766528326218
Bachelors,2017,New Delhi,2,41.0,Female,No,0,0,46.20889595370922,6365.5447241816255
Bachelors,2012,Bangalore,1,34.0,Male,No,0,0,55.33997727270673,14723.137661728339
Bachelors,2016,Bangalore,3,39.0,Female,No,3,1,42.93905119023044,11197.917182041965
Bachelors,2014,Bangalore,3,37.0,Male,No,5,0,41.37121456149105,11084.290853831635
Bachelors,2015,Pune,2,39.0,Female,Yes,0,1,57.45182197551667,15193.277548590258
Bachelors,2013,Bangalore,3,31.0,Male,No,2,1,37.53507802645204,6006.405989448181
Masters,2012,New Delhi,3,34.0,Female,No,3,0,55.32636975858429,13905.586744271519
Bachelors,2015,Bangalore,3,39.0,Male,No,1,0,44.520617175282126,16580.476789585322
Bachelors,2014,Pune,2,38.0,Female,No,3,1,45.42286327653779,17423.19136829891
Bachelors,2012,Bangalore,3,34.0,Male,No,1,0,39.25404844468452,7557.955840906629
Bachelors,2016,Bangalore,3,31.0,Female,No,2,0,47.191266018570474,18461.285751172603
Bachelors,2016,Bangalore,3,39.0,Female,No,0,0,39.75633588828634,14842.191377711633
Bachelors,2013,Bangalore,3,31.0,Female,No,1,0,31.17808242724957,18227.822012310244
Bachelors,2012,Bangalore,3,36.0,Male,No,1,0,38.15995816033068,12279.210756652974
Bachelors,2017,New Delhi,3,37.0,Male,No,0,0,30.19137130219772,13130.50017645803
Bachelors,2015,Pune,1,38.0,Female,No,1,1,59.3506436117057,18785.57415543007
PHD,2017,Pune,3,41.0,Male,No,2,0,58.97241629459242,18498.643150320077
Bachelors,2018,Bangalore,3,32.0,Male,No,4,1,41.85465892416915,11722.41310053503
Bachelors,2018,Pune,3,35.0,Male,No,0,1,51.85112563018938,9116.189474535226
Bachelors,2017,Bangalore,3,35.0,Male,No,1,0,40.37418295231275,10897.556518463964
Bachelors,2013,Bangalore,3,32.0,Male,No,1,0,50.13279471257928,10816.464927946246
Bachelors,2015,Bangalore,3,31.0,Male,No,1,1,54.16290129137937,9303.00312474191
Bachelors,2015,Bangalore,3,41.0,Male,No,4,0,58.40268734076722,9028.694064994499
Bachelors,2012,Bangalore,3,33.0,Male,Yes,0,0,42.00636827549016,17915.944047195793
Bachelors,2012,New Delhi,2,38.0,Female,No,1,1,53.49893948868143,6047.928810269925
Masters,2012,Bangalore,3,39.0,Female,No,3,1,37.97785351896356,15164.167731493912
Bachelors,2015,Bangalore,1,36.0,Female,No,2,0,59.70996911380945,7592.300771846784
Masters,2017,Bangalore,2,31.0,Male,No,5,0,30.773087962930536,10167.588400910949
Masters,2017,New Delhi,2,39.0,Female,No,2,1,48.10586419503363,5923.145512022553
Masters,2017,New Delhi,3,41.0,Male,No,3,1,49.78517944953981,9049.60455283193
PHD,2018,New Delhi,3,33.0,Female,No,0,1,50.64136671222386,16526.316066758634
Bachelors,2015,Bangalore,3,38.0,Male,No,1,0,33.61162736367267,18275.22986820888
Bachelors,2017,Pune,2,31.0,Male,No,0,0,58.15589350419391,8322.907278535506
Bachelors,2014,Bangalore,3,34.0,Male,No,4,0,35.43549837150248,11953.217588883828
Bachelors,2017,Bangalore,3,40.0,Male,No,2,0,48.68260209719523,12054.860719058095
Bachelors,2012,Bangalore,3,36.0,Male,No,1,0,36.68028237369255,18103.62958639601
Bachelors,2015,Bangalore,3,36.0,Female,No,2,0,39.216492510638126,16441.98579313708
Bachelors,2017,New Delhi,2,41.0,Female,No,4,0,46.393756251843726,12696.15827552075
Bachelors,2017,Bangalore,3,37.0,Male,No,3,0,42.515802556937295,15061.2080070766
Bachelors,2017,New Delhi,3,33.0,Male,No,5,0,34.806768029295185,17710.325808640504
Bachelors,2017,New Delhi,3,41.0,Female,No,4,0,35.12809207262545,5143.084310383174
Bachelors,2017,Bangalore,3,37.0,Female,No,2,0,42.54434364488399,11043.35046575073
Bachelors,2017,Pune,3,38.0,Male,Yes,5,0,52.718489348265024,18608.64750915618
Bachelors,2015,Bangalore,3,34.0,Male,No,2,1,56.93893940543366,16104.69546265927
Bachelors,2017,Pune,3,37.0,Female,No,0,0,32.52382986778149,13142.62061501112
Bachelors,2014,Bangalore,3,34.0,Male,No,0,1,41.79311722678203,12944.667905527001
Bachelors,2012,Pune,3,32.0,Male,No,1,0,33.0073669116863,10216.551464066568
Masters,2012,New Delhi,3,,Female,No,4,1,30.497774418977937,12807.808004622719
Bachelors,2013,Pune,3,36.0,Male,No,3,0,49.8515604793187,14830.7479919518
Bachelors,2015,Bangalore,3,34.0,Female,No,2,0,48.07348325899763,11275.445576431895
Bachelors,2014,Bangalore,3,37.0,Female,No,3,0,34.890573414446585,15712.29719588261
Bachelors,2016,Bangalore,3,40.0,Female,Yes,4,0,37.014384992791925,17918.483408905788
Bachelors,2014,Pune,3,33.0,Male,No,4,0,30.71123260933555,7320.272722772917
Bachelors,2016,Bangalore,3,39.0,Female,No,4,0,55.04841617083211,11773.205342261366
Bachelors,2012,Bangalore,3,40.0,Male,No,4,0,59.24071788145655,11120.301369276216
Bachelors,2013,Bangalore,1,34.0,Male,No,4,1,34.06378610384073,15311.972060745922
Bachelors,2016,Pune,3,40.0,Male,No,5,0,36.94425641295894,8748.01197886894
PHD,2013,Bangalore,3,32.0,Male,No,5,0,56.05228571840802,14603.763724284145
Bachelors,2012,Bangalore,3,,Male,No,1,0,57.79391393868555,18162.33862597232
Bachelors,2017,New Delhi,1,31.0,Female,No,4,1,42.58882148420431,11271.97399690434
Masters,2016,New Delhi,3,41.0,Female,No,4,0,31.518674168072224,18665.2354996883
Bachelors,2016,Bangalore,3,34.0,Male,No,4,0,31.18175501078458,19897.456084002177
Bachelors,2016,Bangalore,3,39.0,Male,No,7,0,47.21849598207031,6591.380749219281
Bachelors,2014,Bangalore,3,35.0,Male,No,5,0,41.78685326679537,8495.797819772879
Bachelors,2016,Pune,3,38.0,Female,No,7,0,30.859572827329636,19255.6962722314
Bachelors,2016,Bangalore,3,33.0,Male,No,6,0,47.497571769376705,19374.915297220803
Bachelors,2014,Pune,3,33.0,Male,No,6,0,30.339076097670674,6465.609130801377
Bachelors,2012,Bangalore,3,,Male,No,5,0,53.621158744478194,5224.977505657051
PHD,2013,New Delhi,3,,Male,No,5,0,39.19298468110115,7416.5003488463335
Bachelors,2012,Bangalore,3,40.0,Female,No,5,0,31.207740090276964,19940.191750733724
Bachelors,2017,Bangalore,3,39.0,Male,No,5,0,47.6505666294946,7699.994249160303
Bachelors,2017,Bangalore,3,33.0,Female,No,6,0,41.93053243299164,12538.214100830348
Bachelors,2014,Bangalore,3,32.0,Female,No,5,0,59.21401240071448,17726.265896457666
Masters,2014,Bangalore,3,40.0,Female,No,7,1,46.32595987511107,5306.024160323095
Bachelors,2017,New Delhi,2,33.0,Male,No,6,0,38.25717543111025,14067.334733876893
Masters,2016,New Delhi,1,31.0,Female,No,5,1,51.28316593901924,9155.381733044365
Bachelors,2013,Bangalore,3,35.0,Female,No,5,0,38.144760076281344,17935.023746595973
Bachelors,2014,Bangalore,3,39.0,Male,No,7,1,57.127298742226955,9251.917238961189
Masters,2018,Bangalore,3,39.0,Female,,6,1,41.241659115221296,15301.335804228633
Masters,2017,Pune,2,38.0,Female,No,2,0,46.49605688328616,15113.294486710955
Bachelors,2012,Bangalore,3,38.0,Male,No,7,1,31.517193114726865,8322.4032328946
Masters,2017,New Delhi,2,40.0,Female,Yes,2,0,42.783637138566924,5521.987998025252
Bachelors,2018,Bangalore,3,38.0,Male,No,6,1,54.97090618982985,11138.74360678096
Bachelors,2013,Bangalore,3,34.0,Male,No,6,0,54.16946416090026,9337.897279488046
Bachelors,2012,Bangalore,1,35.0,Male,No,7,0,36.729556765605786,17134.66624420563
Masters,2013,New Delhi,1,41.0,Male,No,5,0,36.78237213031688,17005.46282683018
PHD,2014,New Delhi,2,37.0,Female,No,5,0,54.519159366397105,11855.359282889382
Bachelors,2015,Pune,3,34.0,Male,Yes,7,0,57.91195260507976,14097.683379848284
Bachelors,2014,Bangalore,3,35.0,Male,Yes,5,0,32.86082763819011,14063.892739803878
Bachelors,2013,Bangalore,1,38.0,Male,No,6,0,43.501759182786756,17407.37222641435
Bachelors,2016,Bangalore,3,38.0,Female,No,7,0,40.12362836892687,11375.036211847962
Bachelors,2015,Pune,2,41.0,Female,No,7,0,56.120653663723175,9131.700196857637
Bachelors,2018,Bangalore,3,34.0,Male,No,5,1,32.50574744040056,8975.523772108212
Bachelors,2017,Pune,2,22.0,Male,No,0,0,36.33377827674112,13042.884189233062
Bachelors,2018,Bangalore,2,26.0,Female,No,4,1,52.57405012759483,11737.223040983188
Bachelors,2012,Bangalore,3,22.0,Male,No,0,0,31.538815469436468,11601.811564774041
Bachelors,2017,New Delhi,3,25.0,Female,No,3,0,44.77606142142868,6367.060086345608
Bachelors,2016,Bangalore,3,,Male,No,0,0,43.263211040391596,15779.056110352934
Bachelors,2017,New Delhi,3,36.0,Female,No,0,0,40.03203536966246,8206.05031972866
Bachelors,2014,Bangalore,3,37.0,Female,No,1,0,41.83716945956771,7954.304453130821
Bachelors,2013,New Delhi,2,34.0,Female,No,4,1,45.898217607906986,11191.374804160901
Bachelors,2012,Pune,3,,Female,No,2,1,34.84102075165149,8416.675124267022
Bachelors,2012,Bangalore,3,25.0,Female,No,3,1,47.15987634850778,13757.874009620231
Bachelors,2012,Bangalore,3,31.0,Male,No,0,0,54.16296987899959,10571.950090017071
Bachelors,2015,New Delhi,3,36.0,Female,No,2,0,52.80482789370477,11733.675838891852
Bachelors,2016,Bangalore,3,31.0,Male,Yes,5,0,34.61699714081321,13057.539824060434
Bachelors,2015,Bangalore,3,34.0,Male,No,4,0,34.47748409224422,8053.032837227072
Masters,2014,New Delhi,3,28.0,Male,Yes,2,1,38.0452310323474,7336.274342982947
Bachelors,2014,Bangalore,3,28.0,Male,No,2,0,40.832241790231116,18206.32854310407
Bachelors,2015,Bangalore,3,31.0,Male,No,1,0,42.25366744225448,11505.855542471316
Bachelors,2017,Bangalore,3,35.0,Male,No,5,0,50.39091650500036,11181.404144488088
Bachelors,2012,Bangalore,1,28.0,Female,Yes,1,0,31.70041296497506,5534.182254092622
Bachelors,2018,Bangalore,3,32.0,Female,No,2,1,31.04018112678199,12469.644538810899
Bachelors,2013,Bangalore,3,23.0,Male,Yes,1,1,41.75731688831727,13312.545824165001
Masters,2018,Pune,3,27.0,Male,No,5,1,50.914910764139414,13382.613064319998
Bachelors,2017,Pune,3,25.0,Male,No,3,0,35.803060288694475,15605.467539843265
Masters,2017,New Delhi,2,31.0,Female,No,2,0,49.245134437687554,7662.227524865177
PHD,2018,New Delhi,3,34.0,Male,No,0,1,37.79484413820899,8783.347013459283
Bachelors,2016,Bangalore,3,36.0,Female,No,2,0,56.582583264405486,17160.95697845619
PHD,2017,New Delhi,3,40.0,Male,No,3,0,56.8706983279985,19207.55925265091
Masters,2012,New Delhi,3,34.0,Female,No,2,0,38.918616128439794,7038.99121050981
Bachelors,2018,Bangalore,3,37.0,Male,No,2,1,36.899812618897215,12464.743317578272
Bachelors,2012,Bangalore,3,38.0,Male,No,3,0,42.339119161986936,8212.643791093802
Bachelors,2017,New Delhi,2,22.0,Female,No,0,0,37.21594755540446,5901.097525324736
Bachelors,2016,Pune,2,36.0,Female,No,0,1,50.17151529875111,9882.55007189203
Bachelors,2013,New Delhi,2,35.0,Female,No,1,1,54.781940536448566,7155.314377763191
Bachelors,2012,New Delhi,3,22.0,Female,No,0,0,50.192763927336514,15648.996101513694
Bachelors,2016,Bangalore,3,22.0,Male,No,0,0,54.73051341748048,13005.881205071666
Bachelors,2012,Bangalore,3,29.0,Male,No,4,0,41.90976486622422,7157.517064854663
Bachelors,2017,Bangalore,3,34.0,Male,No,5,0,34.68950912126583,5138.623826082716
Bachelors,2017,Bangalore,2,23.0,Male,No,1,0,52.13852842192776,17122.35573536319
Bachelors,2014,Pune,2,32.0,Male,No,3,1,40.81423515424662,7642.916092463713
Bachelors,2012,Pune,2,26.0,Female,No,4,1,50.13812475687398,14093.24963331149
Masters,2017,Bangalore,3,38.0,Male,No,2,0,38.11931825945297,10053.828696151184
Bachelors,2014,Pune,3,37.0,Male,No,4,0,32.43688904420018,13782.289074725533
Bachelors,2017,New Delhi,2,25.0,Female,No,3,0,59.7774538646329,9734.80440473486
Bachelors,2018,Pune,2,36.0,Female,No,5,1,34.68604523791798,6304.093410383813
Bachelors,2016,Bangalore,3,26.0,Female,No,4,0,59.65262981890443,8344.250128366304
Bachelors,2018,Pune,2,,Female,No,4,1,59.318397976993424,7820.878497186133
Bachelors,2016,Bangalore,3,24.0,Male,No,2,1,53.814543117241186,11420.290286594658
Masters,2018,Pune,3,,Male,No,2,1,49.78268886245993,14874.25675139236
Masters,2018,New Delhi,3,39.0,Female,No,2,1,47.334211507532544,8957.091124195364
Bachelors,2017,New Delhi,2,27.0,Female,No,5,0,55.98304636133504,5181.0490295092695
Bachelors,2013,Bangalore,3,36.0,Male,No,5,1,38.68318564858464,12784.060463971353
Bachelors,2012,Bangalore,3,24.0,Male,No,2,0,44.03043637454631,14086.39234038458
Bachelors,2017,Bangalore,3,28.0,Female,No,3,0,48.58169908099506,19443.057410027148
Bachelors,2016,Bangalore,3,24.0,Male,No,2,0,42.33571427608473,13842.062046398703
Bachelors,2014,Bangalore,3,27.0,Male,No,5,0,42.824593622708036,12067.588390672128
Bachelors,2017,New Delhi,3,23.0,Male,No,1,0,39.908540025062536,13601.024388465557
Bachelors,2013,Bangalore,3,30.0,Female,No,5,0,46.926954500536084,18918.509447930406
Bachelors,2014,Bangalore,3,22.0,Male,No,0,0,55.51723584045348,17425.672184024694
Bachelors,2014,Pune,3,27.0,Male,No,5,0,36.04585134018939,9844.68100045712
Masters,2017,New Delhi,3,32.0,Male,No,2,0,58.03299116260324,8558.815454857058
Masters,2014,Pune,1,33.0,Female,No,1,0,50.67262961244689,8939.504185491105
Masters,2017,New Delhi,3,26.0,Male,No,4,1,54.6981963804009,12566.315595728196
Bachelors,2013,Pune,3,25.0,Female,Yes,3,1,46.68572077890035,16160.741768428667
Masters,2017,New Delhi,2,23.0,Male,No,1,1,53.385501042721906,12548.288107744433
Bachelors,2012,Pune,3,24.0,Male,No,2,0,30.486011920184016,6016.9459374216885
Bachelors,2014,Bangalore,3,33.0,Male,No,5,0,54.55141274338605,15853.710506599713
Masters,2018,Bangalore,3,30.0,Male,Yes,2,1,31.204165772560994,17089.551930064306
Masters,2017,New Delhi,2,27.0,Female,No,5,0,56.69740129088588,9342.467976795795
Bachelors,2012,Pune,2,31.0,Female,No,5,1,59.7588824171593,14961.886089250256
Masters,2018,New Delhi,3,23.0,Female,No,1,1,38.822023865303336,11398.8785158159
Bachelors,2015,Bangalore,3,30.0,Male,No,2,0,36.30955668857381,18336.790335911643
Bachelors,2015,Pune,2,32.0,Female,No,2,1,52.96090091574122,17678.383372411095
Bachelors,2013,New Delhi,3,26.0,Female,Yes,4,0,37.5907902276076,12881.479974644633
Masters,2017,New Delhi,2,35.0,Male,No,2,0,55.9668714951661,15372.583187203916
Bachelors,2016,Bangalore,1,30.0,Male,No,4,1,33.0852777647243,18250.24551533156
Bachelors,2012,Bangalore,3,37.0,Male,No,4,1,33.77865589138075,12435.755151174133
Bachelors,2017,Bangalore,1,34.0,Male,Yes,0,0,59.37454665301847,9698.76110733233
Bachelors,2012,Bangalore,3,38.0,Female,No,0,0,50.21516694810014,16304.992068643718
Masters,2013,New Delhi,2,22.0,Male,Yes,0,1,55.406616732868585,8300.993821770377
Bachelors,2015,Pune,1,22.0,Female,No,0,1,39.729881320545545,10827.967220090632
Masters,2015,Pune,2,33.0,Female,No,2,1,50.29451248561813,17985.908556601906
Bachelors,2015,Bangalore,3,32.0,Male,No,1,0,47.82725481925792,15866.335104039727
Masters,2015,Pune,2,34.0,Female,No,2,0,48.09450360368841,11057.165078712489
Bachelors,2017,Bangalore,3,36.0,Female,No,1,0,50.47597378613165,8221.167536125362
Bachelors,2015,Bangalore,3,32.0,Male,No,1,0,47.26077519387296,10339.525862483548
Bachelors,2017,Bangalore,3,28.0,Male,Yes,3,0,42.87187107907998,9261.562238411494
Bachelors,2017,New Delhi,2,26.0,Female,No,4,0,38.277680831416404,7641.339319157809
Bachelors,2013,Pune,3,35.0,Male,No,1,0,53.05743992739606,16149.99370348485
Bachelors,2014,Pune,3,33.0,Male,No,4,0,36.78817290009559,8781.048302752573
Masters,2013,Pune,3,22.0,Female,Yes,0,1,50.770629184632426,11812.512052516457
Bachelors,2014,Pune,3,27.0,Male,No,5,1,36.9999846794798,10787.891702541636
Masters,2018,New Delhi,3,23.0,Female,No,1,1,48.75990509863362,19731.160679534463
Bachelors,2013,Bangalore,3,34.0,Female,Yes,2,0,52.41234801387087,10866.383662223307
Masters,2017,Pune,2,23.0,Male,No,1,1,36.56141666719618,6199.737241951322
Bachelors,2012,Pune,3,36.0,Male,No,4,0,31.79829902583925,6347.3862885812605
PHD,2018,New Delhi,3,28.0,Male,No,4,1,33.92921228982522,13861.305820295973
PHD,2013,Bangalore,3,28.0,Male,No,4,0,48.179909018130765,13990.453276073984
Bachelors,2016,Bangalore,3,33.0,Female,No,4,0,55.483392186772065,11281.384857239824
Bachelors,2013,Bangalore,3,39.0,Male,No,3,0,31.349904637062732,11477.655384680445
Bachelors,2015,New Delhi,3,25.0,Female,Yes,3,0,52.024537771249385,5808.988742613068
Bachelors,2014,Pune,3,,Male,No,2,0,40.23955937850157,12748.197655838932
Bachelors,2015,Pune,3,23.0,Female,No,1,1,44.35585109758568,12571.092130705274
Masters,2018,New Delhi,3,29.0,Male,No,2,1,57.86578649536697,7243.239778354167
Bachelors,2013,Pune,2,24.0,Male,No,2,1,39.959145142075364,6557.5907916639135
Bachelors,2012,Bangalore,3,36.0,Female,No,2,1,43.960108018184584,6853.587358992358
Bachelors,2018,Bangalore,3,40.0,Male,No,4,1,30.410472442820435,6515.423697368878
Bachelors,2012,New Delhi,3,38.0,Female,No,1,0,32.44796160014515,14145.622933051398
Bachelors,2014,Bangalore,3,22.0,Male,No,0,0,37.75774773404352,7947.2397860437795
Bachelors,2018,Bangalore,3,24.0,Male,No,2,1,30.835567224632232,8771.452282811952
Bachelors,2012,Bangalore,3,37.0,Male,No,5,0,48.94125978144753,7603.582162271596
Bachelors,2018,Pune,3,40.0,Male,No,3,1,42.79195070404867,19367.529566727546
Bachelors,2018,Bangalore,3,32.0,Male,Yes,0,1,46.44435608184066,17819.261947277533
Bachelors,2012,New Delhi,3,28.0,Female,No,1,0,35.23941557688988,8457.422560272813
Bachelors,2016,Pune,3,29.0,Male,Yes,5,0,38.87796088309848,9913.49440883189
Bachelors,2013,Pune,3,25.0,Male,No,3,0,49.914734245581755,8148.392634574957
PHD,2013,Bangalore,3,,Male,No,3,1,58.959081708911995,12378.139391912355
Bachelors,2015,Bangalore,3,28.0,Male,No,0,1,31.512503208066278,5294.157987113804
Bachelors,2012,Bangalore,3,39.0,Male,No,3,0,56.71152962565798,15070.520133451935
Bachelors,2012,Pune,1,35.0,Male,No,1,0,47.306436039336255,12847.372247264626
Bachelors,2017,Bangalore,3,,Male,No,2,0,46.91758700266871,18479.583924516548
Masters,2018,Pune,3,40.0,Female,No,2,1,45.00835605623281,7465.890264926213
Bachelors,2018,Bangalore,3,23.0,Male,No,1,1,32.0818225771255,17061.638690916974
Bachelors,2013,Pune,3,32.0,Male,No,2,0,32.69630555208482,16879.415217000736
PHD,2018,New Delhi,3,37.0,Male,No,3,1,48.02736016977258,6907.717838253304
Bachelors,2015,Bangalore,3,23.0,Female,No,1,0,40.22875714306675,10978.388362161913
Bachelors,2014,Pune,3,26.0,Male,No,4,0,57.51804199733042,7552.289617167753
Bachelors,2017,Bangalore,3,36.0,Female,No,3,1,42.197716120784165,8820.807506863233
Bachelors,2013,Bangalore,3,40.0,Female,No,3,0,34.298443761079234,8948.692622458166
Bachelors,2015,New Delhi,3,22.0,Male,No,0,0,51.44156500506108,13343.54591038659
Bachelors,2015,Bangalore,3,30.0,Male,No,0,0,38.80060264323029,11171.163976406982
Bachelors,2014,Bangalore,3,30.0,Male,No,1,0,45.764109220676794,19215.99206009458
Bachelors,2015,Pune,1,34.0,Female,No,3,1,50.9349835651551,6895.552129205077
Bachelors,2018,Bangalore,3,27.0,Male,No,5,1,57.00792333606211,19605.38202275298
Bachelors,2013,Bangalore,1,27.0,Female,No,5,0,53.76573584405028,8459.579603213959
Bachelors,2017,Pune,2,27.0,Female,No,5,1,50.290832036181726,16593.109045727797
Bachelors,2015,Bangalore,3,35.0,Female,No,1,1,50.38899547185431,10084.54889259232
Bachelors,2014,New Delhi,3,33.0,Female,Yes,4,0,58.3777393209626,7146.220931259709
Bachelors,2012,Bangalore,3,37.0,Male,No,4,0,38.87472292489608,17868.337778693596
Bachelors,2014,New Delhi,3,40.0,Female,No,3,0,30.03336282588562,9632.913488546948
Bachelors,2015,Pune,2,25.0,Female,No,3,1,38.15863678194596,14882.831063402633
Bachelors,2017,Pune,2,34.0,Male,No,2,0,36.53674138880232,13496.655276299398
Bachelors,2017,New Delhi,3,40.0,Male,No,1,0,49.85503755341995,12076.344640863113
Masters,2018,New Delhi,3,34.0,Male,No,2,1,49.01134799296587,12437.292089728086
Bachelors,2013,Pune,3,33.0,Male,No,5,0,47.80384148114172,15983.568711384314
Bachelors,2016,Bangalore,3,22.0,Female,No,0,0,30.48730329628361,6316.5937118516085
Bachelors,2015,Pune,2,36.0,Female,No,1,1,51.863341633519425,15022.709929368577
Bachelors,2012,Bangalore,3,38.0,Male,No,2,1,39.70591237456475,18437.18152097868
Bachelors,2013,Pune,3,25.0,Female,No,3,0,49.95167967019893,5866.822955297962
Bachelors,2017,Bangalore,3,37.0,Male,No,3,1,46.6973528550646,7109.8000885050005
Bachelors,2016,Bangalore,3,25.0,Female,No,3,0,40.28192776283721,15749.479050530472
Bachelors,2015,Pune,2,40.0,Female,Yes,0,1,34.03728801312323,11559.224723669264
Bachelors,2013,Bangalore,3,26.0,Female,No,4,0,32.832566929814426,11053.229312205325
Masters,2015,Pune,1,23.0,Female,No,1,0,54.94554999336671,7054.499518163538
Bachelors,2014,Bangalore,3,22.0,Male,No,0,1,57.55192626244674,12601.550610766823
Masters,2017,New Delhi,2,,Male,Yes,2,0,49.493641402928986,6898.179667945658
Masters,2017,New Delhi,3,35.0,Female,No,2,0,33.1030234458145,12149.306844658106
Bachelors,2014,Pune,3,23.0,Male,No,1,0,42.06081650664722,16454.22948442485
Bachelors,2015,Bangalore,3,29.0,Male,No,2,1,51.868176003154716,8873.965368307452
Bachelors,2015,Pune,3,32.0,Female,No,1,0,53.39462652030204,12211.792522695909
Bachelors,2015,Bangalore,3,,Male,No,4,0,33.54655866873266,19880.239540952534
Bachelors,2014,Bangalore,3,28.0,Male,No,3,0,30.000921565361473,15299.75635031056
Masters,2015,Pune,2,24.0,Female,No,2,0,51.36411137641815,17620.35156957798
Bachelors,2017,Bangalore,3,33.0,Male,No,4,0,40.69788527958617,11222.714098408185
PHD,2016,New Delhi,3,22.0,Male,No,0,0,37.63443994854781,16517.91384688783
Masters,2015,Pune,2,39.0,Female,No,2,0,30.386924093685764,5607.637594119828
Masters,2018,New Delhi,3,30.0,Female,Yes,2,1,46.20898220284499,6843.667738133675
Bachelors,2014,Bangalore,3,38.0,Female,No,5,1,55.53452206277945,8046.058893800931
Bachelors,2012,New Delhi,3,36.0,Female,No,4,0,58.72894938817764,11029.278869228292
Bachelors,2012,Pune,2,38.0,Male,No,5,0,46.972348518398675,17686.173174886448
Bachelors,2013,Bangalore,3,24.0,Male,Yes,2,0,45.433839832196824,10193.990761818957
Bachelors,2016,Bangalore,3,28.0,Male,No,1,0,32.551691564677235,14819.317902731944
Bachelors,2015,Bangalore,3,35.0,Female,No,0,1,46.46618404627799,15639.714422052251
Bachelors,2013,New Delhi,3,23.0,Female,No,1,0,41.399372368961835,13792.735311325121
Masters,2017,New Delhi,2,23.0,Female,No,1,1,48.21405842650731,10358.629522552044
Bachelors,2013,Bangalore,3,37.0,Male,No,5,0,41.6617904362964,13655.800125703165
Masters,2016,New Delhi,3,24.0,Male,No,2,1,37.208973703511006,10133.983891846194
Bachelors,2014,Pune,3,33.0,Male,Yes,4,0,32.8489582568513,6258.1060782801815
Bachelors,2015,Bangalore,3,38.0,Female,No,5,0,39.447553337666875,19892.059672790216
Bachelors,2015,Pune,3,40.0,Male,Yes,0,0,32.89934502863257,6907.736804487664
Bachelors,2014,Bangalore,3,34.0,Male,,4,0,35.30690852471952,6085.22575754086
Masters,2017,New Delhi,2,26.0,Male,No,4,0,59.62008475738638,18177.96123810734
Bachelors,2016,Pune,3,25.0,Male,No,3,0,43.32310670719856,9527.519913393426
Bachelors,2016,Pune,3,,Female,No,2,0,45.9561529951505,14754.454611102614
Bachelors,2018,Bangalore,3,35.0,Male,Yes,5,1,56.20855586211646,9935.085944933493
PHD,2013,New Delhi,3,27.0,Male,No,5,0,59.86706701472063,10871.814061917066
Masters,2013,New Delhi,3,30.0,Female,No,3,0,47.48143348034044,8931.694580251948
Bachelors,2015,Bangalore,3,26.0,Female,No,4,1,54.374214631325145,10145.660086895154
Bachelors,2017,Bangalore,3,40.0,Male,No,0,0,39.808230730100256,11160.506008798147
Masters,2017,Pune,2,27.0,Female,No,5,1,39.172318723418734,15806.241036385143
Bachelors,2016,Pune,3,38.0,Male,Yes,0,0,42.081111629836805,12673.042913521876
Bachelors,2014,New Delhi,3,34.0,Female,No,5,0,50.17521788020947,19153.478257354654
Masters,2017,Pune,2,24.0,Male,No,2,0,50.46575067765296,5628.205907581632
Bachelors,2016,Bangalore,3,38.0,Male,No,4,0,39.457183039483525,12546.024839480422
Bachelors,2014,Pune,1,37.0,Male,No,1,0,33.99629772409886,13763.371832475772
Bachelors,2015,Bangalore,3,22.0,Male,No,0,0,48.97188769396526,18802.95479111411
Bachelors,2014,New Delhi,3,29.0,Female,No,2,1,33.849775865662934,5737.377854321414
Bachelors,2014,Pune,1,37.0,Female,No,4,1,47.3547752468799,13602.49377402824
Bachelors,2016,Pune,3,23.0,Male,No,1,0,50.80266384168927,17804.448927919355
Bachelors,2012,New Delhi,3,34.0,Female,No,2,0,51.01834489183355,8628.915921788548
Bachelors,2017,Bangalore,3,28.0,Male,No,2,0,52.6041633197879,18144.385227859064
Bachelors,2012,Pune,3,24.0,Male,Yes,2,0,56.18578264696994,5285.651139114378
Masters,2017,Bangalore,2,35.0,Female,No,0,0,44.99876975894365,15986.819437005946
Bachelors,2015,Bangalore,3,30.0,Male,No,2,0,51.907475685887135,18996.698317529794
Bachelors,2018,Bangalore,3,33.0,Male,No,4,1,48.5751820609751,14857.964924600934
Bachelors,2015,Bangalore,3,27.0,Female,No,5,0,35.59919819393048,11585.43865970672
Bachelors,2016,Bangalore,3,32.0,Male,No,4,0,30.770689346082246,5673.21524709077
Bachelors,2014,Pune,3,36.0,Female,No,5,0,38.536241570308015,18801.70719983943
Bachelors,2012,Bangalore,3,26.0,Male,Yes,4,0,43.291011190128586,12054.443340373622
Bachelors,2012,Bangalore,1,35.0,Male,No,4,0,48.51317833285969,5434.9511650392205
PHD,2012,New Delhi,3,25.0,Male,No,3,0,55.498779915096165,15347.316069931429
Masters,2013,Bangalore,2,29.0,Male,No,1,1,35.88737150118497,12227.558803643873
Bachelors,2012,Bangalore,3,36.0,Female,No,3,0,33.76649369695431,6865.179761636161
Bachelors,2013,Bangalore,3,30.0,Male,No,1,0,58.904398424229825,8214.077139653893
Bachelors,2017,Pune,2,37.0,Female,No,4,1,33.24133678129221,5967.360206837694
Bachelors,2016,Bangalore,3,40.0,Male,No,0,1,44.354732103215674,13614.403095628602
Bachelors,2012,Bangalore,3,24.0,Male,No,2,0,47.56691186379906,14330.442188780138
Bachelors,2012,Bangalore,3,32.0,Male,No,4,0,46.24123262722315,12586.134475331666
Bachelors,2018,Pune,3,34.0,Male,No,0,1,32.5809647109883,17256.531995039222
Bachelors,2014,Pune,3,29.0,Male,No,3,0,31.71080742010858,17915.132319620207
Bachelors,2012,Bangalore,3,23.0,Female,No,1,1,33.16450282383107,14234.3659502469
Bachelors,2017,Pune,3,23.0,Male,No,1,0,47.567630516178376,5191.347195611458
Bachelors,2013,Bangalore,3,25.0,Female,No,3,0,46.330346629029634,15428.444836216035
Bachelors,2012,New Delhi,1,31.0,Female,No,3,0,37.01222376110233,11269.988253805273
Masters,2017,New Delhi,2,,Male,No,1,1,49.13322425536775,13483.362248395804
Bachelors,2014,Bangalore,3,,Male,No,5,0,54.60202506166948,14736.209030283266
PHD,2015,New Delhi,2,39.0,Female,No,5,0,31.24736879539781,10253.54921490615
Bachelors,2016,Bangalore,3,33.0,Female,No,1,1,44.94389830644127,18756.477577576916
Bachelors,2013,Bangalore,3,23.0,Male,No,1,0,50.67931236308071,7009.623001246719
Masters,2017,New Delhi,2,34.0,Female,No,4,0,37.569357812090615,15072.677109215561
Bachelors,2015,Pune,2,37.0,Female,No,1,1,39.233127158794474,5065.393699348707
Bachelors,2012,Bangalore,3,23.0,Male,No,1,0,48.409137089681515,18869.76658107771
Bachelors,2017,New Delhi,3,27.0,Male,No,5,0,56.9380588033121,6687.561998571373
Masters,2017,Pune,2,38.0,Female,No,2,0,54.29773260908698,6423.2634522136195
Bachelors,2014,Bangalore,3,27.0,Female,No,5,0,47.493906572987505,9995.114495783662
Bachelors,2016,Bangalore,3,22.0,Male,No,0,0,51.906651532717476,10603.494290586208
Masters,2015,Pune,2,26.0,Female,No,4,1,40.94467410623396,8214.50108484318
Bachelors,2012,Bangalore,3,40.0,Male,No,3,0,49.22896584296274,13776.82491390687
Bachelors,2016,Bangalore,3,33.0,Female,No,3,0,43.98544773382671,11643.711470629452
Bachelors,2014,Bangalore,3,,Male,No,0,0,35.69808409372683,5512.633835616311
Bachelors,2017,Pune,3,33.0,Male,No,4,0,51.05214821631772,9794.780933829508
Bachelors,2015,New Delhi,3,30.0,Male,No,5,0,46.69393912046466,17156.49370359756
Bachelors,2015,New Delhi,3,33.0,Female,No,5,1,40.75864745860774,15345.52302292803
Masters,2017,New Delhi,3,33.0,Female,No,0,1,57.34017570235892,15873.062803698207
Bachelors,2016,Pune,3,22.0,Male,No,0,0,30.628023534801997,15471.753861252853
Bachelors,2012,Pune,3,28.0,Male,No,2,0,39.47319453748488,9664.595320745499
Bachelors,2013,Bangalore,3,36.0,Male,No,4,0,31.706441933329398,6494.958831151638
Bachelors,2017,New Delhi,2,36.0,Female,No,1,0,52.99581948664881,9087.007760496439
Bachelors,2014,Pune,3,31.0,Female,No,2,0,51.063223623413776,17476.77950277739
Bachelors,2013,Bangalore,2,25.0,Male,No,3,1,39.940566562089515,19707.061966746067
Bachelors,2012,Pune,1,31.0,Male,No,4,0,50.26988706621219,12407.70522112342
Masters,2015,Pune,2,39.0,Female,No,0,0,41.8781167858785,5145.505323845633
Masters,2015,Bangalore,3,26.0,Male,No,4,1,52.68761374267303,7100.672182013435
Bachelors,2017,Bangalore,2,25.0,Female,No,3,1,43.625509882101184,9831.208629743986
Bachelors,2013,Bangalore,3,26.0,Male,No,4,0,42.36839183494997,13678.780228894246
Bachelors,2013,New Delhi,3,35.0,Female,No,0,0,58.041897464649026,6126.404687079709
Bachelors,2013,Pune,2,28.0,Male,No,5,0,37.52637299672101,19150.35948064822
Bachelors,2012,Bangalore,3,32.0,Female,No,0,0,33.613420199896964,10476.25509926601
Masters,2017,New Delhi,2,22.0,Male,No,0,1,47.536293397783744,18688.763268872346
Bachelors,2014,Pune,3,36.0,Female,No,5,1,59.07965436852537,16707.827041355325
Bachelors,2015,Bangalore,3,38.0,Male,No,1,0,41.335176411815596,16331.559087733716
Bachelors,2014,Bangalore,3,39.0,Female,No,1,0,31.861102908863444,14100.79369673348
Masters,2017,New Delhi,2,25.0,Female,No,3,1,40.17915801928702,14401.75725577767
Bachelors,2016,Pune,3,27.0,Male,No,5,0,45.17794962958675,14570.048528243722
Masters,2014,Pune,3,38.0,Male,Yes,2,0,34.85769019896641,14430.820805383732
Bachelors,2012,New Delhi,3,22.0,Female,No,0,0,49.74306654169476,13305.923470975418
Bachelors,2013,Bangalore,3,33.0,Male,No,2,0,59.93248167030602,19796.210277243335
Bachelors,2013,Pune,3,24.0,Male,No,2,0,43.55218427944332,15984.35851138544
Bachelors,2014,Bangalore,3,37.0,Male,No,5,0,40.64185670190638,16654.195825887815
Bachelors,2018,Pune,3,28.0,Male,Yes,0,1,42.021125005034,18086.942226255112
Masters,2017,Pune,3,32.0,Male,Yes,2,0,33.45438535185603,8234.596440887737
PHD,2016,New Delhi,3,33.0,Male,No,0,1,56.498208042786715,6257.062386425911
Bachelors,2014,New Delhi,3,32.0,Male,No,5,0,42.44476966564056,12243.416548978981
Bachelors,2017,Bangalore,3,24.0,Male,No,2,1,41.61823234274524,12711.210434289096
Bachelors,2016,Bangalore,3,27.0,Male,Yes,5,0,49.790708187914234,17437.726699248764
Bachelors,2012,Pune,2,35.0,Female,No,2,1,43.261002627933706,11656.753689235036
PHD,2013,Bangalore,3,40.0,Male,No,1,0,49.44700406423539,13562.79538316469
Bachelors,2017,New Delhi,2,34.0,Female,No,4,0,31.843388703923626,12906.064077701874
Bachelors,2016,New Delhi,3,39.0,Female,No,0,0,54.41170031166682,5573.041756360866
Bachelors,2014,Pune,3,26.0,Male,No,4,0,58.215118586382076,14228.22344895371
Masters,2015,Pune,2,29.0,Female,No,2,0,49.46296158478158,17420.649286613785
Bachelors,2013,Bangalore,3,29.0,Male,No,4,0,58.63697786576432,7362.508221137057
Bachelors,2015,Pune,2,23.0,Female,Yes,1,1,34.542969431098896,13914.976008898937
Bachelors,2015,Pune,3,32.0,Male,No,0,0,44.32248568441061,13904.158166696216
Bachelors,2014,Pune,3,28.0,Male,Yes,4,0,48.05420201836342,7462.774460845381
Masters,2013,New Delhi,2,32.0,Male,Yes,2,1,47.4520994226356,6851.95360596104
Bachelors,2012,New Delhi,3,32.0,Female,No,0,0,42.04385337267129,19700.77914464727
Bachelors,2013,Bangalore,3,38.0,Male,No,0,0,40.142532280987844,10905.787544795563
PHD,2017,Pune,3,30.0,Male,No,5,0,33.80472067651257,8411.32593085294
PHD,2015,New Delhi,3,31.0,Male,No,3,0,41.75227351686834,7569.868166815624
Bachelors,2012,Bangalore,3,25.0,Male,No,3,1,34.87982445316455,15014.025703748526
Bachelors,2013,Bangalore,3,37.0,Female,No,4,0,52.03097029476655,14141.679459909183
Masters,2017,New Delhi,2,27.0,Male,No,5,1,36.2649280648377,14653.281844811263
Bachelors,2013,New Delhi,3,,Female,No,3,0,31.756959158536016,6320.090412671784
Bachelors,2015,Pune,2,22.0,Female,No,0,1,46.57098413451703,18403.018752476557
Bachelors,2018,Bangalore,3,38.0,Male,No,2,1,47.85689198158205,10838.995952135723
Bachelors,2015,New Delhi,3,22.0,Male,No,0,0,56.157391838415165,9700.54109645537
Bachelors,2017,Pune,3,38.0,Male,No,2,0,47.309448372530454,11935.421708716087
PHD,2015,New Delhi,1,38.0,Male,No,5,0,40.36442561170337,10850.990986214423
Bachelors,2016,New Delhi,2,,Female,No,4,1,54.09035644578962,17953.655047087188
Masters,2017,New Delhi,2,31.0,Male,No,4,0,46.20836679562263,18938.91462796838
Masters,2014,New Delhi,3,28.0,Male,No,5,0,32.37840853893575,9551.798246744092
PHD,2017,New Delhi,3,34.0,Female,No,3,0,46.9755168093974,17959.03711189932
Masters,2013,Bangalore,3,31.0,Male,No,2,0,57.24055636264987,16722.84694299601
Bachelors,2014,New Delhi,3,26.0,Female,No,4,0,41.88937876494661,18962.115085171426
Bachelors,2013,Pune,3,,Female,No,1,1,38.889774056994,8686.254682788318
Bachelors,2016,Bangalore,3,31.0,Male,No,0,0,34.3040837105406,13654.387251814687
Bachelors,2013,Bangalore,3,26.0,Female,No,4,0,34.54336565806072,9118.16877110667
Bachelors,2018,Pune,3,32.0,Female,No,1,1,42.98314453025456,17361.417357265615
Bachelors,2012,Bangalore,3,33.0,Female,No,5,0,47.87039472484589,5079.8628585659635
Bachelors,2017,Bangalore,3,25.0,Male,No,3,0,32.41846215508805,13472.287443295942
Bachelors,2017,Bangalore,3,40.0,Male,No,0,0,58.18705767075497,10088.05146907877
Masters,2013,New Delhi,3,31.0,Male,No,2,1,52.65400852335588,9840.255606167304
Bachelors,2015,Bangalore,3,36.0,Male,No,1,0,47.59871754850988,14673.594857973754
Bachelors,2014,Bangalore,3,31.0,Male,No,5,0,54.853160128169726,17772.266739709907
Bachelors,2015,Pune,3,22.0,Male,No,0,0,32.405602704363396,14137.930870899894
Bachelors,2016,Bangalore,3,34.0,Female,No,0,0,44.30516633199373,17797.594679700836
PHD,2018,New Delhi,3,38.0,Female,No,5,1,48.9027938058499,8968.956678215449
Bachelors,2015,Bangalore,3,23.0,Male,Yes,1,0,54.859587183548676,12792.527821474716
PHD,2017,Bangalore,3,27.0,Male,No,5,0,53.50408680147803,11758.04808600614
Bachelors,2016,Bangalore,3,34.0,Male,No,1,0,38.31207749140199,5174.673492546443
Bachelors,2012,Bangalore,3,39.0,Male,No,3,0,58.226405086776126,13352.182147111102
Bachelors,2018,Bangalore,3,24.0,Male,Yes,2,1,33.73037524292611,14922.864862192624
Bachelors,2015,Pune,3,37.0,Female,No,1,1,56.25400855863457,13878.716066286052
PHD,2013,New Delhi,3,23.0,Male,No,1,0,59.12820748813856,16044.198481751322
Bachelors,2018,Bangalore,3,36.0,Male,No,3,1,35.31460569667877,13570.092926796156
Bachelors,2014,New Delhi,3,23.0,Male,No,1,0,51.661981926113555,6001.253822761354
Bachelors,2012,Pune,3,31.0,Male,No,3,0,31.208565563339953,6746.682861270671
Bachelors,2015,Bangalore,3,22.0,Male,No,0,0,42.16268475417465,13947.118663159286
Bachelors,2015,Pune,2,24.0,Female,No,2,1,45.48849897593022,9124.687879604604
Bachelors,2018,Pune,2,28.0,Female,No,4,1,47.419356777289025,6194.676935521487
Bachelors,2014,Pune,3,33.0,Male,No,3,0,58.07811744745678,11444.041151728201
Bachelors,2018,Bangalore,3,35.0,Female,No,2,1,50.16752061882584,13314.83897125483
Bachelors,2012,New Delhi,3,30.0,Female,Yes,1,0,44.438338536577106,9931.189825244099
Bachelors,2014,Bangalore,3,28.0,Female,No,3,0,54.29025108797668,15806.50553338667
Bachelors,2015,Bangalore,3,22.0,Male,Yes,0,0,58.51598462863227,14656.55912151867
Bachelors,2014,Bangalore,3,38.0,Male,No,3,0,30.661984460468727,9992.27541637508
Bachelors,2014,Pune,3,39.0,Male,No,4,0,59.47563816768116,16323.087933628409
PHD,2012,Bangalore,1,38.0,Male,No,5,0,32.58396417191041,14730.425637995531
Bachelors,2014,Bangalore,3,22.0,Female,No,0,1,54.43160337806284,14561.680680768532
Bachelors,2014,New Delhi,3,,Female,No,5,0,38.410042576542374,13301.41551180602
Bachelors,2015,Bangalore,3,27.0,Male,No,5,0,33.96538973261615,5170.845021328292
Bachelors,2016,Pune,1,32.0,Male,No,2,0,43.19566919141505,15447.607752153337
Bachelors,2017,New Delhi,2,,Female,No,2,0,49.31869738342841,10640.626866637347
Bachelors,2015,Pune,2,36.0,Male,No,5,0,41.42855535070425,19139.145652379833
Bachelors,2018,Bangalore,3,34.0,Male,Yes,5,1,31.63696224848097,17269.77156615808
Bachelors,2015,Bangalore,3,28.0,Male,No,1,0,47.983834189761495,13815.417042969682
Bachelors,2018,Bangalore,3,36.0,Female,Yes,1,1,57.072098283320244,8782.729727289041
PHD,2015,New Delhi,3,22.0,Female,No,0,0,41.49646097841755,8055.760899164999
Bachelors,2014,New Delhi,1,28.0,Female,No,5,0,36.48998332892481,10105.772565163237
Bachelors,2016,Pune,2,27.0,Female,No,5,1,43.27732037798446,12148.519153700277
Bachelors,2014,Bangalore,1,39.0,Female,No,4,0,31.450881331463425,9440.982650584207
Bachelors,2012,Bangalore,3,31.0,Male,No,0,0,54.61462753440824,12723.942430887242
Bachelors,2013,Bangalore,3,26.0,Male,Yes,4,0,54.7902243285056,7480.556382697789
Bachelors,2012,Bangalore,3,,Male,No,3,0,47.64001390288885,19665.6921923825
Bachelors,2015,Pune,2,33.0,Female,No,2,1,40.593086668151685,6618.868324474908
Bachelors,2017,Pune,2,38.0,Female,No,1,1,53.9935009333735,18979.162094815583
Bachelors,2014,Pune,3,38.0,Male,No,2,0,46.64061074365102,18703.670171040423
Bachelors,2012,Pune,3,32.0,Male,No,3,0,54.777969256500484,12880.407227292471
Bachelors,2014,Bangalore,3,26.0,Male,No,4,0,48.94376377749062,15873.654077541265
Masters,2017,Pune,2,33.0,Female,No,2,0,53.53216419638392,11540.724469588818
Bachelors,2015,Bangalore,3,34.0,Female,,2,0,47.9568897965328,14450.518663136572
Bachelors,2018,Pune,3,36.0,Male,Yes,1,1,42.42423204646999,10108.63906131678
Bachelors,2014,Bangalore,3,27.0,Male,No,5,0,58.73837579778413,9517.38529678168
Masters,2017,Pune,2,27.0,Male,No,5,0,46.23341474636534,13673.446792542705
Bachelors,2017,New Delhi,2,40.0,Female,No,5,0,48.152685556216156,12471.945112759706
Masters,2012,Bangalore,3,31.0,Female,No,4,0,36.61462918244248,13693.045537249716
Bachelors,2014,Bangalore,3,22.0,Male,No,0,0,48.769523682818296,9299.908719305346
Masters,2017,New Delhi,2,22.0,Male,No,0,1,47.14822948448831,10504.36747725493
Bachelors,2016,New Delhi,3,26.0,Female,No,4,0,35.54515193841075,6258.469409433639
Bachelors,2017,New Delhi,3,28.0,Female,No,1,1,31.787612920594313,5784.145584083086
Bachelors,2014,Bangalore,3,38.0,Male,Yes,5,0,48.13077959144313,8801.856945095244
Masters,2015,Pune,3,31.0,Male,No,0,0,52.91076808050961,6113.7028899581865
Bachelors,2016,Bangalore,3,24.0,Male,No,2,0,45.702041127660245,6556.6206295211105
Bachelors,2015,Pune,2,,Male,No,3,1,36.80317875958937,17193.926080909056
PHD,2013,Bangalore,3,26.0,Male,No,4,0,49.99565930079105,5583.105455250339
Bachelors,2017,Bangalore,3,40.0,Male,No,1,0,32.40317179828807,14884.141909021142
Bachelors,2018,Pune,2,34.0,Female,No,4,1,43.25501114405864,9088.366232231008
Bachelors,2016,Bangalore,3,32.0,Male,No,0,0,34.9010027519526,18073.185210621894
Bachelors,2014,Pune,3,37.0,Male,No,1,0,35.5337715317965,12274.884268662492
Bachelors,2015,Bangalore,3,33.0,Male,No,3,1,36.06881847474611,9583.646889917385
Bachelors,2016,Pune,3,27.0,Male,No,5,0,41.60121171131934,12764.584035341519
Bachelors,2012,New Delhi,3,36.0,Male,No,3,0,31.53450616861193,10729.370285679033
Bachelors,2013,Bangalore,3,30.0,Female,No,4,0,41.93380322787294,13464.515970047452
Masters,2017,Pune,2,26.0,Female,No,4,0,45.351223413441026,6717.993024895223
Bachelors,2012,Bangalore,3,23.0,Male,Yes,1,0,44.498828548989756,19954.857542188267
Masters,2015,Pune,2,31.0,Female,No,2,0,41.48352301209122,11383.338165450763
Bachelors,2013,Bangalore,3,22.0,Male,Yes,0,0,55.17439824212258,10223.45959561053
Masters,2017,New Delhi,2,24.0,Female,No,2,1,34.359800772615124,15653.147724743973
Bachelors,2016,Bangalore,3,37.0,Female,Yes,4,0,45.17090231344122,10458.491097429987
Masters,2018,New Delhi,3,35.0,Male,No,2,1,31.86124250869663,17499.114575431366
Bachelors,2013,Bangalore,3,,Male,No,0,1,32.13467036633729,11814.06086540638
Bachelors,2012,Pune,3,35.0,Male,No,5,0,47.215975490312886,15793.376198981523
Bachelors,2014,New Delhi,3,30.0,Female,No,3,0,46.98055274663463,6611.798246628298
Bachelors,2014,Bangalore,3,30.0,Male,No,0,0,56.34100538533371,17691.787783326676
Bachelors,2014,Pune,3,29.0,Male,No,3,0,46.7362102698022,16035.769801671648
Masters,2017,Bangalore,3,36.0,Male,No,4,1,58.79373061214551,8175.751676929485
Bachelors,2014,Bangalore,3,37.0,Male,No,4,0,31.460845451997894,7179.2901461868
Bachelors,2016,Pune,3,40.0,Male,No,2,0,32.94023054342223,9744.385230884367
Bachelors,2015,Pune,2,26.0,Female,No,4,1,31.321975847111442,19641.058790478564
Masters,2017,New Delhi,2,26.0,Female,No,4,0,35.5583055100062,8852.47361850588
Bachelors,2017,Bangalore,3,38.0,Male,No,3,0,46.23810332825035,11841.908134199499
Bachelors,2014,Bangalore,3,31.0,Male,No,3,1,49.36716544282284,5450.303385760045
Bachelors,2014,Bangalore,3,22.0,Female,No,0,0,31.367554738460065,10958.412943493488
Bachelors,2012,Pune,3,34.0,Male,No,0,0,58.37912669536798,13569.800231496542
Bachelors,2015,New Delhi,3,31.0,Female,No,0,0,55.26496129951143,19296.86918761948
Bachelors,2012,Bangalore,3,39.0,Female,No,3,0,38.898374464712795,12751.040674100966
Masters,2018,New Delhi,3,33.0,Female,No,2,1,32.31562590679404,17286.609892665314
Bachelors,2015,Bangalore,3,33.0,Male,No,4,0,35.09661219657172,13206.914638533508
Bachelors,2012,Bangalore,3,38.0,Male,No,4,0,33.80833241264918,5611.7752015327715
Bachelors,2017,Pune,2,22.0,Female,No,0,1,33.69851337896841,9725.124127846611
Bachelors,2014,Pune,2,32.0,Female,No,0,1,45.556850659972014,13633.242617466549
Bachelors,2014,Pune,3,34.0,Male,No,5,0,37.37542327480201,19258.909488966863
Bachelors,2014,Bangalore,1,31.0,Female,No,5,0,40.74419149587433,17886.955396268502
Bachelors,2016,Bangalore,3,23.0,Male,No,1,0,59.685160001529674,8425.334212682716
Bachelors,2013,Pune,2,39.0,Female,No,1,1,50.52942746776034,8301.647450287452
Bachelors,2017,New Delhi,3,26.0,Male,No,4,0,58.46942001141004,8017.594506708511
Bachelors,2013,Pune,2,33.0,Female,Yes,4,1,34.27669665099347,18837.483444537545
Bachelors,2013,Bangalore,3,27.0,Female,No,5,0,41.464184244977076,17789.99229652581
PHD,2018,New Delhi,3,24.0,Male,No,2,1,46.64195409847063,16623.25148379423
Bachelors,2017,Bangalore,3,38.0,Male,No,1,0,32.30274185666214,10891.026713363413
Bachelors,2017,Bangalore,3,27.0,Male,No,5,0,30.125623308838737,12565.710564481502
Bachelors,2014,Bangalore,3,27.0,Female,No,5,0,50.113030013907526,11964.976171927292
Bachelors,2015,Bangalore,3,23.0,Male,No,1,0,49.254585504043064,8800.97161339059
Bachelors,2014,New Delhi,3,26.0,Female,No,4,0,42.32366429998835,12575.420692231504
Bachelors,2016,Bangalore,3,31.0,Male,No,5,0,44.68932228096098,5457.448217791317
Bachelors,2017,Bangalore,3,32.0,Female,No,3,0,42.46329001776269,6977.155602461888
Bachelors,2015,Pune,2,36.0,Female,No,3,1,30.720151345346665,18298.843942534197
Bachelors,2017,Bangalore,3,28.0,Male,No,0,0,40.06114818652387,16275.19650547135
Bachelors,2017,New Delhi,2,31.0,Male,No,3,0,35.312467661918696,11343.026135886306
Masters,2017,New Delhi,2,36.0,Female,No,3,0,32.95272567304106,12757.255434258159
Bachelors,2014,Bangalore,3,24.0,Male,No,2,0,58.7016130166805,10549.98328939966
Bachelors,2012,Bangalore,3,27.0,Male,No,5,1,47.98079175126497,16111.698007410087
Bachelors,2017,Bangalore,3,28.0,Male,No,3,1,51.85968852709808,16762.807688481196
Bachelors,2015,Pune,3,39.0,Female,No,2,1,39.460912297983526,16449.277853047388
Bachelors,2013,Bangalore,3,23.0,Female,No,1,0,41.79441388482046,15839.175872516744
Bachelors,2014,Bangalore,3,32.0,Male,No,1,0,37.10771981690171,8067.565080391938
Masters,2013,New Delhi,3,33.0,Female,No,2,0,32.90897012896274,10069.549688607181
Bachelors,2017,New Delhi,3,39.0,Female,No,4,0,35.37094912324751,12047.681524755124
Masters,2017,Bangalore,2,,Female,No,2,0,53.925421358894575,9961.894871414836
Bachelors,2016,Pune,3,33.0,Male,No,2,0,50.32637415551328,16324.103002374935
Bachelors,2016,Pune,2,29.0,Female,No,4,1,46.4078662795643,9940.302863749319
Masters,2017,Pune,3,24.0,Female,No,2,1,44.25269618600304,7073.481301780057
Masters,2015,Pune,3,,Female,No,5,1,57.67302850968373,10985.60678072456
Masters,2013,New Delhi,2,35.0,Female,No,2,1,32.18204843336005,19698.716491735704
Bachelors,2015,Pune,2,28.0,Female,No,2,1,38.41802439713748,8388.221194003638
Bachelors,2016,Bangalore,3,22.0,Male,No,0,0,40.49813560712142,14182.379884148437
Bachelors,2013,Bangalore,3,39.0,Male,No,5,1,53.47277436638363,11494.595747595595
Bachelors,2014,Bangalore,3,36.0,Female,No,3,1,59.77543860485914,6065.368514739899
Bachelors,2017,New Delhi,2,40.0,Female,No,3,0,37.220115442714594,12318.149089970892
Bachelors,2012,New Delhi,3,35.0,Female,No,5,0,56.22922002411242,15532.464929724687
Bachelors,2016,Bangalore,3,33.0,Male,No,4,0,54.91868281295374,12698.299637417282
PHD,2018,Bangalore,3,33.0,Male,No,2,1,36.739721929253,18081.590956198714
Bachelors,2012,Bangalore,3,23.0,Male,No,1,0,41.979977405976676,9334.05524986374
Bachelors,2014,Bangalore,3,28.0,Male,No,2,1,42.29018607877558,6293.737569559474
Bachelors,2016,Bangalore,3,27.0,Male,No,5,0,59.34662005579675,19048.484174870093
Bachelors,2017,Bangalore,3,26.0,Female,No,4,0,35.42675704136695,10672.945242923284
Bachelors,2014,Bangalore,3,33.0,Male,No,3,0,53.97473913314346,13646.0832718045
Bachelors,2016,Bangalore,3,35.0,Male,No,3,0,40.0257814251933,16880.046891952938
Bachelors,2013,Bangalore,3,33.0,Male,No,3,1,51.926110373284814,9864.704958133709
Bachelors,2013,Pune,3,36.0,Female,No,0,1,42.600330128869885,15742.468072664167
Bachelors,2015,New Delhi,3,26.0,Male,No,4,0,47.350792893496205,7031.282747267421
Bachelors,2012,Bangalore,3,26.0,Male,No,4,0,54.97835319978393,9369.406208082579
Bachelors,2014,Bangalore,3,39.0,Female,No,5,0,54.12496694951652,7170.659542047799
Bachelors,2013,Bangalore,3,28.0,Male,No,5,0,55.992695506191005,17168.458376020368
Bachelors,2018,Bangalore,3,24.0,Male,No,2,1,31.78851976033977,8339.73852840178
Bachelors,2012,Bangalore,3,36.0,Female,No,4,0,50.76151659119235,15761.053331078154
Bachelors,2016,Bangalore,3,33.0,Male,No,0,0,34.19962130165288,19149.475958684787
Bachelors,2013,Pune,1,33.0,Female,No,0,1,42.47455704055233,12916.583136033154
Masters,2017,Pune,2,,Male,Yes,2,1,46.457652451640655,13100.437883910316
Masters,2012,New Delhi,3,27.0,Male,No,5,1,42.082184542404924,11915.50352146718
Bachelors,2015,Bangalore,3,33.0,Male,Yes,4,0,45.588350274090224,9888.35215090464
Bachelors,2016,Pune,2,35.0,Female,No,4,1,59.89578926395858,12134.825463873756
Bachelors,2014,Pune,2,40.0,Female,No,0,1,34.05651941138564,14042.112984001391
Bachelors,2017,Pune,2,25.0,Male,No,3,0,50.26368136009277,19789.873582559892
Bachelors,2014,Bangalore,3,38.0,Male,No,2,0,41.88002899156846,19066.468389773363
Bachelors,2017,New Delhi,2,40.0,Male,No,5,0,33.99029396721986,17932.294374396828
Bachelors,2014,Bangalore,3,29.0,Male,Yes,0,0,34.762102901229284,18336.958035572876
Bachelors,2012,Bangalore,3,27.0,Male,No,5,0,58.478193187368504,12017.737749380645
Bachelors,2015,Bangalore,3,40.0,Male,No,4,0,56.388044901352856,14861.664907661972
Masters,2017,New Delhi,2,25.0,Female,No,3,1,57.21125881245065,18426.000844043214
Bachelors,2016,Pune,2,39.0,Female,No,3,1,59.7459832748216,10894.261474870296
Bachelors,2017,New Delhi,2,22.0,Male,No,0,1,36.24946170025554,19426.437175182033
PHD,2015,Pune,2,35.0,Female,No,0,0,40.66318012092185,11236.790931037745
Bachelors,2012,Bangalore,3,25.0,Male,No,3,0,50.076570897746,14016.239980898235
Bachelors,2014,New Delhi,2,25.0,Female,No,3,1,44.51407619581941,15647.07069908558
Bachelors,2015,Bangalore,3,29.0,Female,No,1,0,42.55168600135001,19258.880196139075
Masters,2017,New Delhi,1,37.0,Male,No,0,0,40.73433748006779,8669.244110783991
Bachelors,2014,Bangalore,3,35.0,Male,No,1,0,47.813418958303565,16191.964673579634
Bachelors,2012,Bangalore,3,26.0,Male,No,4,0,47.26780285920246,12812.233792161232
Masters,2018,New Delhi,3,26.0,Male,No,4,1,34.8437350219272,9028.357109309616
Bachelors,2013,Bangalore,3,24.0,Male,No,2,0,44.15219512555317,16649.102596945857
Bachelors,2014,Bangalore,3,31.0,Male,No,0,0,46.6041532862955,13283.334202607699
Bachelors,2014,Bangalore,3,34.0,Male,No,5,0,47.10860816194172,14914.607309745137
Masters,2018,New Delhi,3,27.0,Female,Yes,5,1,36.303215787370554,9843.516028668515
Bachelors,2016,Pune,3,35.0,Male,No,1,0,52.26814176756861,12219.109277414074
Bachelors,2017,Pune,3,27.0,Male,No,5,0,30.75597284463209,14260.313764821007
Masters,2017,New Delhi,3,34.0,Male,No,1,1,40.64495566629488,11073.662214047661
Bachelors,2018,Bangalore,3,40.0,Female,No,4,1,53.406379456069004,7975.588097715519
Bachelors,2012,Pune,3,,Male,No,4,0,46.916787631662075,19424.607384729563
Bachelors,2013,Pune,1,39.0,Female,Yes,0,1,37.83487297532581,12672.013100639262
Bachelors,2015,Bangalore,3,22.0,Male,No,0,1,50.848593580291436,16008.805554315508
Masters,2017,Pune,2,33.0,Male,Yes,2,0,47.0217283246822,11165.707903340872
Bachelors,2014,Bangalore,3,39.0,Male,No,0,0,53.88730828369162,10326.976460385744
Bachelors,2017,Bangalore,3,39.0,Male,No,3,0,52.0507555856947,11107.464477006873
Bachelors,2017,Bangalore,3,40.0,Female,No,3,0,48.30323766108704,11137.949656784747
Bachelors,2014,Bangalore,3,38.0,Female,No,1,0,44.645330259324425,13162.701739129305
Bachelors,2018,New Delhi,3,36.0,Female,Yes,2,1,33.9954637700257,13152.048049720448
Bachelors,2013,Pune,2,37.0,Male,Yes,5,0,37.839990536561515,12457.307238243075
Bachelors,2017,Pune,2,,Female,No,2,1,42.57298418751256,7021.786773761572
Bachelors,2013,Bangalore,3,37.0,Female,No,2,1,47.97897861019166,12441.132177507967
Bachelors,2013,Pune,3,34.0,Male,No,5,0,45.41123565645914,7536.558506309772
Bachelors,2015,Bangalore,3,28.0,Male,No,2,0,38.645535778785884,6892.036794436477
Bachelors,2018,Bangalore,3,31.0,Male,Yes,0,1,30.193930733691317,18989.685760117514
Masters,2012,New Delhi,3,37.0,Male,No,4,0,44.88717665702442,14074.250197215564
Bachelors,2018,Pune,3,26.0,Male,No,4,1,38.56877965686729,14892.350871868764
Masters,2014,New Delhi,3,34.0,Female,No,1,1,52.03824902131605,11026.905055000458
Bachelors,2015,Pune,3,39.0,Male,No,1,0,30.718387958114505,18634.71337872296
Bachelors,2017,Pune,2,23.0,Female,No,1,1,47.544834339173725,14568.957343694981
Bachelors,2013,Bangalore,3,35.0,Female,No,4,0,58.244227125181965,16537.548042853814
Bachelors,2015,Pune,3,25.0,Male,No,3,0,35.23227801334499,10528.437035415707
Bachelors,2013,Pune,2,38.0,Male,No,0,1,44.14948472251786,19400.178212286883
Masters,2017,New Delhi,1,23.0,Male,No,1,0,32.74265975451414,17306.919352374724
Masters,2017,New Delhi,3,26.0,Male,No,4,1,48.77045736784058,17809.226945218157
Masters,2018,New Delhi,3,33.0,Female,No,2,1,46.51595041788677,7582.914011386314
Bachelors,2015,Pune,2,37.0,Female,No,4,1,42.22096572638497,9064.448118068292
Bachelors,2013,Bangalore,3,35.0,Male,No,5,0,45.64131064421224,9284.398995253656
Bachelors,2013,Bangalore,3,23.0,Female,Yes,1,0,56.897239754070306,9063.638348703067
Bachelors,2013,Pune,3,31.0,Male,No,2,0,35.88882906933201,17831.12243156432
Bachelors,2017,Bangalore,3,24.0,Male,Yes,2,0,30.676935351160417,5478.271928128882
Bachelors,2015,Bangalore,3,28.0,Male,No,3,0,55.84994654097303,6141.499834711614
Bachelors,2013,Pune,2,37.0,Female,No,0,1,47.313512471637196,9108.723059448555
Bachelors,2012,Bangalore,3,36.0,Female,No,1,0,56.71975366385527,7998.094619741654
Bachelors,2015,Bangalore,3,28.0,Male,No,1,1,47.90835670239518,8477.894208242726
Bachelors,2017,New Delhi,2,30.0,Male,No,5,0,54.304832698791074,16969.1478387995
Bachelors,2014,Bangalore,3,26.0,Male,No,4,0,42.890200900654435,13446.898908380703
Masters,2015,Pune,2,29.0,Female,No,1,0,52.49579793864807,5086.55991939452
Masters,2018,New Delhi,3,39.0,Female,No,2,1,57.39124400669568,11439.841485562929
Bachelors,2013,Pune,2,36.0,Male,No,4,0,47.163688911666185,11118.273902755383
Bachelors,2015,Pune,3,36.0,Male,No,3,0,35.423554516871384,6709.179041668152
Bachelors,2012,Bangalore,3,22.0,Male,No,0,1,38.06392845090595,15142.126829021858
Masters,2017,New Delhi,3,31.0,Male,No,2,0,35.95933730692217,15531.457825692367
PHD,2017,New Delhi,3,29.0,Male,No,3,0,37.405710827871985,15813.398285781464
Bachelors,2014,Pune,3,37.0,Female,No,4,1,39.19246348053109,15927.064183378881
Bachelors,2012,Bangalore,3,24.0,Male,No,2,0,46.654013602595654,5000.792403984452
Bachelors,2015,Pune,2,28.0,Female,Yes,2,1,47.63974888391498,19308.81205770083
PHD,2016,New Delhi,3,22.0,Male,No,0,0,42.794992417255834,17213.131505819947
Bachelors,2015,Bangalore,3,31.0,Male,No,2,1,48.46262339462506,18559.72544883928
Bachelors,2013,Pune,2,28.0,Female,No,3,1,32.44724776834098,5234.6494296115125
Bachelors,2014,Bangalore,3,22.0,Female,No,0,0,32.6336471117448,19007.881936786092
Bachelors,2016,Bangalore,3,23.0,Male,No,1,0,35.15488381072976,17146.827930321568
Bachelors,2016,New Delhi,1,25.0,Female,,3,0,45.54232494121034,17558.28714438048
Bachelors,2013,Pune,1,23.0,Female,No,1,1,36.41984036094941,6399.310770829527
Bachelors,2017,New Delhi,2,26.0,Female,No,4,0,38.49853210477732,16081.670433778965
Bachelors,2015,Pune,2,22.0,Female,No,0,1,42.00938508518982,19398.750344631364
Bachelors,2015,Bangalore,3,38.0,Female,No,2,0,54.3559837203114,15178.21012127241
Bachelors,2017,Bangalore,3,25.0,Female,No,3,0,30.415864077385805,13558.421069369097
Bachelors,2017,New Delhi,3,37.0,Female,No,1,1,49.48136460709867,19184.445166234953
PHD,2012,New Delhi,3,30.0,Male,No,4,0,50.06629593122056,11644.05682601654
Bachelors,2012,Bangalore,3,35.0,Female,No,2,0,53.9596734106991,13989.403494657181
PHD,2014,Bangalore,3,23.0,Male,No,1,0,57.9825881718094,12145.074402415492
Masters,2017,New Delhi,2,25.0,Female,No,3,0,30.604135468478695,18992.693320404487
Bachelors,2015,Bangalore,3,39.0,Female,No,0,0,34.61351116539649,6141.270901482609
PHD,2013,Pune,1,32.0,Female,No,0,1,56.58513882167979,12516.795512380224
Bachelors,2015,Pune,3,28.0,Female,No,1,1,43.75555686561046,15304.286620781575
Bachelors,2015,New Delhi,3,23.0,Female,No,1,0,46.93771916800391,16878.598076333554
PHD,2014,Bangalore,1,34.0,Female,No,3,0,49.89081611169442,13745.279711662046
Bachelors,2014,Bangalore,1,36.0,Female,No,1,0,50.371998134869116,18633.76616182181
Bachelors,2017,Bangalore,3,40.0,Male,No,5,0,57.95221209949524,19129.871703258075
Bachelors,2016,Bangalore,3,40.0,Male,No,3,0,59.908482522350084,5964.788347903753
Bachelors,2015,Bangalore,3,25.0,Female,No,3,1,51.60472382792821,11035.558093120615
Bachelors,2013,Bangalore,3,22.0,Male,No,0,1,38.61663627615452,5351.885325817317
Bachelors,2015,Bangalore,3,34.0,Male,No,4,0,56.392572068830304,9941.249860616645
Bachelors,2017,Bangalore,3,23.0,Male,No,1,0,31.47662743622285,13053.023269559031
Bachelors,2017,Bangalore,3,24.0,Female,No,2,0,36.932425586234885,18661.923957649233
Bachelors,2015,Bangalore,1,35.0,Male,No,3,0,56.921571523911446,17698.314836981044
Bachelors,2014,Bangalore,3,24.0,Male,No,2,0,37.68574543318065,6912.495900079786
Bachelors,2017,Pune,3,28.0,Male,No,3,0,36.61953178865245,6395.455621113436
Masters,2017,New Delhi,2,39.0,Female,No,4,0,34.143758794207415,13839.010081350005
PHD,2017,New Delhi,3,31.0,Female,No,5,0,55.77335272940749,12981.769586881739
Bachelors,2014,Bangalore,3,32.0,Male,No,2,0,45.0017477757326,8995.664621450358
Bachelors,2017,New Delhi,2,37.0,Female,No,3,0,50.246796091624645,18491.796268307527
Bachelors,2014,Pune,1,22.0,Female,No,0,1,37.17199152225089,18910.4961419233
Bachelors,2015,Bangalore,3,32.0,Female,No,4,0,52.74121263033649,11039.17157510244
Bachelors,2016,Bangalore,3,,Male,No,2,0,52.80016634886296,18354.538356702804
Bachelors,2014,Bangalore,3,36.0,Male,No,3,0,39.377940747249006,10759.233413944588
Bachelors,2013,Pune,3,24.0,Male,Yes,2,0,42.32047899030849,16052.252477445501
Masters,2017,New Delhi,3,40.0,Male,No,2,0,36.29070832290603,12139.133263215863
Bachelors,2014,Bangalore,3,39.0,Male,No,3,0,59.29683069968713,6838.747347607745
Bachelors,2013,Bangalore,3,,Male,No,2,0,49.368077311752344,18919.01301855532
Bachelors,2016,Bangalore,3,25.0,Male,No,3,0,58.036316421465465,11811.44890066305
Bachelors,2018,Bangalore,3,26.0,Male,No,4,1,39.101566308874,16017.305604836054
Bachelors,2017,New Delhi,2,33.0,Male,No,3,0,53.45672738990669,10507.607216469383
Bachelors,2016,Pune,3,36.0,Male,Yes,3,0,52.97575931654226,5283.21317864352
Bachelors,2015,Pune,1,39.0,Male,No,1,1,50.74966955599625,6507.955380377539
Bachelors,2014,Bangalore,3,34.0,Male,No,4,0,58.969169258004015,12443.292192348865
Bachelors,2014,New Delhi,2,23.0,Female,No,1,1,41.80666008318947,15349.465356895436
Bachelors,2014,Pune,1,33.0,Female,No,2,1,33.92151970769272,10021.029898689187
Bachelors,2013,Bangalore,3,31.0,Male,No,3,0,50.151265777321825,15432.326887664754
Bachelors,2015,Bangalore,3,39.0,Female,No,0,0,51.87929401431619,15479.53384147934
Bachelors,2017,Bangalore,3,36.0,Male,No,4,1,47.25181720376444,15559.038609917463
Bachelors,2015,Bangalore,3,28.0,Male,No,1,0,36.20453679400189,12387.827810307626
Bachelors,2013,New Delhi,3,28.0,Female,No,0,1,45.13367825008066,18723.29225182256
Masters,2017,New Delhi,2,24.0,Male,No,2,1,39.36569209707388,12337.947769709233
Bachelors,2013,Bangalore,3,36.0,Female,No,0,1,42.823995845000674,11753.977902449573
Bachelors,2014,Bangalore,3,30.0,Male,No,1,1,49.35655727533992,7990.712285159405
Bachelors,2018,New Delhi,3,27.0,Female,No,5,1,52.356442280725034,9614.826310345048
Bachelors,2012,Bangalore,3,25.0,Male,No,3,0,36.966740727040296,5635.01738777455
Bachelors,2018,Bangalore,3,31.0,Male,No,0,1,42.1597608194086,14503.029404242554
Bachelors,2013,Bangalore,3,36.0,Male,No,0,0,38.074847129748875,8728.036158906394
Bachelors,2017,New Delhi,2,31.0,Male,No,1,0,35.95894841585607,9562.328817281978
Bachelors,2016,Bangalore,3,37.0,Male,No,2,0,53.50161659987515,16562.21782496482
Bachelors,2015,Bangalore,3,39.0,Male,No,2,0,57.27758083310977,9908.317747421808
Bachelors,2014,Bangalore,3,28.0,Male,No,4,0,41.1069655705373,8632.938380197133
Bachelors,2015,Pune,2,38.0,Male,No,2,1,52.53836773121301,7535.866237005586
Masters,2017,New Delhi,3,40.0,Female,No,1,0,56.90985868093233,16622.87603272934
Masters,2015,Bangalore,3,38.0,Female,No,1,0,55.38372631590695,6945.593869850403
PHD,2014,New Delhi,3,23.0,Male,No,1,0,35.48440165617678,11806.306403755303
Bachelors,2015,Bangalore,3,39.0,Male,No,2,0,58.68875644540084,12603.951741157916
Bachelors,2014,Pune,1,22.0,Female,No,0,1,41.30029321288387,15310.848690285718
Bachelors,2015,Pune,3,24.0,Female,No,2,1,40.17721983521509,14499.252234994932
Masters,2014,New Delhi,3,24.0,Male,No,2,0,31.87293981833341,17160.81009417762
Bachelors,2012,Bangalore,3,23.0,Female,No,1,1,44.58520962314649,5671.271508893572
Bachelors,2014,Bangalore,3,30.0,Male,No,4,0,33.27040846922786,9446.610871690958
Bachelors,2016,New Delhi,3,25.0,Female,No,3,0,37.45619462782278,9202.011781630696
Bachelors,2013,Bangalore,3,34.0,Male,No,4,0,39.50827865301844,7190.253583881624
Masters,2015,New Delhi,3,40.0,Female,No,5,0,54.26478970475052,9337.673807846648
Bachelors,2012,Bangalore,3,39.0,Female,No,1,0,56.2646595118769,9646.479712143551
Masters,2017,New Delhi,3,38.0,Female,No,2,1,39.07398952384409,12828.266928912173
Bachelors,2016,Pune,3,38.0,Male,No,2,0,55.76094363733722,14955.567183893842
Bachelors,2015,Pune,2,38.0,Female,No,4,1,55.71692812109373,10716.507704177211
Bachelors,2015,Bangalore,3,31.0,Male,No,5,0,52.93952851154621,15792.053469700717
Bachelors,2017,Pune,1,30.0,Male,No,4,0,34.40085342045545,10042.4800786937
PHD,2013,Bangalore,3,24.0,Male,No,2,0,50.709685407021865,9354.255159721404
Bachelors,2017,Bangalore,3,38.0,Male,No,3,0,58.35072193741706,13117.820837855365
Bachelors,2013,Pune,3,37.0,Male,No,3,0,50.47621436301471,5355.745404586859
Bachelors,2016,Bangalore,3,22.0,Male,No,0,0,39.948505473235016,6196.836854510006
PHD,2012,Bangalore,3,30.0,Female,No,4,0,45.01737952292494,11269.543153797906
Bachelors,2013,Bangalore,3,39.0,Female,No,5,0,49.37175130053161,19143.69067087635
Bachelors,2017,Bangalore,2,,Male,No,0,0,45.31711226185511,15822.676697651354
Bachelors,2012,Pune,3,25.0,Female,No,3,1,33.598588251929094,6321.8985425083665
Bachelors,2018,Bangalore,3,32.0,Male,Yes,1,1,39.361921339560624,17694.770191713105
Bachelors,2018,Bangalore,3,31.0,Female,No,2,1,54.071880916608976,15984.511559122715
Bachelors,2016,Bangalore,3,37.0,Male,No,2,0,55.84254138286552,14164.197885539797
Bachelors,2016,New Delhi,1,38.0,Female,No,2,1,34.11900098146711,17304.39440913766
Bachelors,2014,Bangalore,3,22.0,Female,No,0,0,58.57160257196173,11061.647716144356
Masters,2014,New Delhi,3,37.0,Female,No,0,1,39.86467853545828,8322.51576280779
Bachelors,2018,Bangalore,3,32.0,Male,Yes,2,1,49.8694121619216,12680.35083663139
Bachelors,2013,Bangalore,3,26.0,Male,No,4,0,52.55475437870044,13232.626333902108
Bachelors,2017,Bangalore,3,28.0,Male,No,0,1,54.3583870391365,13074.89558014868
Bachelors,2015,Bangalore,3,35.0,Male,No,0,0,58.372491066777904,13476.106872201579
Bachelors,2016,Bangalore,1,33.0,Female,No,0,1,39.38758644086468,19230.573773587712
Bachelors,2012,Bangalore,3,36.0,Female,No,4,0,55.755193636546636,18533.68434644347
Bachelors,2013,Bangalore,3,31.0,Female,No,5,0,33.95060710308621,18135.75554838409
Bachelors,2015,Pune,3,32.0,Female,Yes,1,1,51.151227190607784,17021.252163629408
Masters,2017,Pune,2,31.0,Female,No,2,0,52.25933188541958,19151.421608979283
Bachelors,2013,Bangalore,3,25.0,Female,No,3,0,50.331697236039616,6477.419625191049
Bachelors,2016,Pune,3,30.0,Male,No,2,0,37.569442084054586,8976.848921686093
Bachelors,2013,Bangalore,3,26.0,Female,No,4,0,56.1912944104561,12425.839184818773
Masters,2013,Pune,2,37.0,Male,No,2,1,35.06575390111185,17698.01739685108
Masters,2018,New Delhi,3,27.0,Male,No,5,1,31.609043745624923,12577.485672840987
Bachelors,2012,Bangalore,3,30.0,Male,Yes,2,0,51.523949718357365,16220.52109012383
Bachelors,2015,Bangalore,3,33.0,Male,Yes,4,0,44.26427145698201,7084.398578733743
